rank_by_bonded_stake,delegator_address,bonded_amount_atomic,bonded_amount_l1,nonbonded_amount_atomic,nonbonded_amount_l1,total_amount_atomic,total_amount_l1,active_validator_count,all_validator_count
1,genesis16aypymlama0lk5s8c9s30s09eacpvwna6v7gqt,1423862345752754872665226,1423862.345753,9635294480090866,0.009635,1423862355388049352756092,1423862.355388,19,23
2,genesis1uxx7lczky6nc2tcuw26wsekns8akrkfyh90tra,877492557082050606107172,877492.557082,0,0.000000,877492557082050606107172,877492.557082,10,12
3,genesis1ag940t2gd4sn0wey7xgfjl83x2t5v62mvgdrnl,850116140078312587071609,850116.140078,14604264358102081,0.014604,850116154682576945173690,850116.154683,27,40
4,genesis1nmx6m0ax89t3lgl3xmyjmt6nxjdq4kxff8al5w,696420445611201366241564,696420.445611,1879488889308265664,1.879489,696422325100090674507228,696422.325100,2,6
5,genesis14rj9dl3l28t5lhumevlkheddygjvtxck3mpfq6,667415000000000000000002,667415.000000,0,0.000000,667415000000000000000002,667415.000000,4,4
6,genesis1r4vvqh77dpr6egfdp2r0lmjexyv32lgcz7rzt7,664540433067506898840051,664540.433068,17566340846624918,0.017566,664540450633847745464969,664540.450634,6,7
7,genesis10yu8w9p4p0szf2xwhtndmfjnp0gfk4j7yr6ylu,593870348457191158767293,593870.348457,4738841812369011129,4.738842,593875087299003527778422,593875.087299,10,18
8,genesis1qf0nkx5f3vz66fe3he4twf58kkfqcj3lqjrpt3,582936417649445664403273,582936.417649,0,0.000000,582936417649445664403273,582936.417649,1,1
9,genesis1wwxpj2wxnd63h597pwtzmxavyzmrr2kx0xhph5,566694198120682463595845,566694.198121,0,0.000000,566694198120682463595845,566694.198121,1,1
10,genesis13k072z6ua8258533glfrrsep4ff6f4j5yr3hnl,558709906142439591284135,558709.906142,0,0.000000,558709906142439591284135,558709.906142,6,6
11,genesis1hvh3cl9n58h04sj0efevccn3vt25z07h70j2hm,550450000000000000000002,550450.000000,10760954628111222378,10.760955,550460760954628111222380,550460.760955,1,2
12,genesis1vc0e9lze2qpqc745zz6ltwdr7s5lfxh9yetntg,524538360852517526034116,524538.360853,0,0.000000,524538360852517526034116,524538.360853,1,1
13,genesis1macfmy56a9t3s2xane75x47nappkhd9jqz0hsk,500000000000000000000001,500000.000000,0,0.000000,500000000000000000000001,500000.000000,2,2
14,genesis1h4lx8cm0vnrrahjjfgsjp79jjnyspy6w7ehrxd,498044455077021353653740,498044.455077,198613,0.000000,498044455077021353852353,498044.455077,2,3
15,genesis12jfvctjm2jjj0xflzjyrj0gc5umqjq8jmd4qgj,465821696851282660469181,465821.696851,523707112134118297,0.523707,465822220558394794587478,465822.220558,4,6
16,genesis1tlan9udzf8ud5xjgcyl7w293yjmnkz5m7l4c72,452451096470857111054317,452451.096471,0,0.000000,452451096470857111054317,452451.096471,11,13
17,genesis1ya0tdq9y5v7nmhk4jnh4j5ny2ls7gayamkdr5y,416433906455002823168962,416433.906455,6669744632683577,0.006670,416433913124747455852539,416433.913125,1,7
18,genesis1v2z9rwxt5y98pnrs6ryhqp08ay5azzvmchdgpu,410261443281095437251241,410261.443281,12758719252181177278,12.758719,410274202000347618428519,410274.202000,6,22
19,genesis1f0su7dw6zjhf9924rqlmxx7eecuzwr9wnja000,407097148897021860756160,407097.148897,1262518758641062427,1.262519,407098411415780501818587,407098.411416,4,8
20,genesis1s8elzc7pltmwf3xfcdph44c09dvq7gsjljwrx6,404611895857715326413194,404611.895858,115171815964094810677572,115171.815964,519783711821810137090766,519783.711822,10,24
21,genesis1s6mdag35z5jn0xepmshunyp4dzg9mu3vprdj6f,366600000000000000000000,366600.000000,0,0.000000,366600000000000000000000,366600.000000,1,1
22,genesis1p6scnv358fry74stgsgr763njmdpm29fgnp4ht,358064000000000000000000,358064.000000,1700749046974654849,1.700749,358065700749046974654849,358065.700749,2,5
23,genesis137w7fhrw00rkas7mq0zxg9fzgr7l6tvxnp3yv3,337550000000000000000000,337550.000000,0,0.000000,337550000000000000000000,337550.000000,1,1
24,genesis1aqufy4yw3rqf36swk8td4dkve7pe45nmnkgx7x,335435339103142909907906,335435.339103,0,0.000000,335435339103142909907906,335435.339103,2,2
25,genesis1nhqrnhc6eyuvrzxekg8xtywjsapfgdalw5gegw,309052577800685940105527,309052.577801,3260923706023096940,3.260924,309055838724391963202467,309055.838724,2,14
26,genesis16yykp72kv3k73djdxkvfsny3ct2670tm7h5hjv,304178517195947342630568,304178.517196,0,0.000000,304178517195947342630568,304178.517196,1,1
27,genesis1gtj4dhkcdl6ewah3euq8q4crh34gehyq69l57c,301179314114145357106668,301179.314114,49441335174123320,0.049441,301179363555480531229988,301179.363555,8,12
28,genesis1nqqxn2txk7kwcx0dhxfn57unnz2cv9aemfpar7,292966496906637263573295,292966.496907,601071707796812771,0.601072,292967097978345060386066,292967.097978,3,5
29,genesis1nzgxusarw7tn3w9pz9mtxplwu8jnwrhl7yx85t,292380521695698153587944,292380.521696,0,0.000000,292380521695698153587944,292380.521696,12,23
30,genesis1ttq46r8wd243pz4wqn28at4xyx2cdglcxuezvl,290736519001911173968017,290736.519002,11226751074264881408,11.226751,290747745752985438849425,290747.745753,3,7
31,genesis1qm8t0qwde65v6cyd727xxrj3sa3dm647uyxg7a,289915000000000000000000,289915.000000,0,0.000000,289915000000000000000000,289915.000000,1,1
32,genesis106u67v85lvc3yuh75dlpnzsyxt38ejkygvu4zt,275063000000000000000000,275063.000000,0,0.000000,275063000000000000000000,275063.000000,1,1
33,genesis1h8sxdlvsgesda44ejk5rggmzpsy950vkl2jn66,273492460769332259640135,273492.460769,374844235229647647,0.374844,273492835613567489287782,273492.835614,2,5
34,genesis1yw05d4nk9kjm0vggjjwz73vq7gwv6l3yw6lh2f,270959501391645171502464,270959.501392,0,0.000000,270959501391645171502464,270959.501392,3,3
35,genesis1yrhr3htv77uzhmvr36vmtrcryywxyalg009l6j,260000000000000000000002,260000.000000,0,0.000000,260000000000000000000002,260000.000000,1,1
36,genesis16xlt8s65mzlsv2xehx5x3jx7nleanj9f4n250c,256915006801535693412782,256915.006802,1210367390835996123,1.210367,256916217168926529408905,256916.217169,2,4
37,genesis1g6zstj3qxu463chcgy878v9jh66culnvskqfm6,256258657991434482017911,256258.657991,7176687328750393209,7.176687,256265834678763232411120,256265.834679,18,39
38,genesis1hgp002gnpvas3jz0xawh8ek39nghjycxk6qd47,247170609812035756710488,247170.609812,2306921541816760310,2.306922,247172916733577573470798,247172.916734,6,13
39,genesis10s986eprw3f89mdf3plvrku2t5p65u5cfqxafh,242669000000319999999999,242669.000000,9135384944,0.000000,242669000000329135384943,242669.000000,7,8
40,genesis1vl5wavf953q0wxd83kvrc65c6vaujhdeqst2kp,238753486650799999999996,238753.486651,64053380763,0.000000,238753486650864053380759,238753.486651,6,7
41,genesis182lpnqqq0umc07hut7xp7j23k32ss3panncd5g,235000891568316675340081,235000.891568,9692031701641624,0.009692,235000901260348376981705,235000.901260,6,11
42,genesis1r9sqeje2ppw9kva5x6j34kxh9npu2k0z2nchk9,233465250016733522057307,233465.250017,0,0.000000,233465250016733522057307,233465.250017,1,1
43,genesis1qza8me8jj68w9jx33yf26xxgm022fc3t0kjrup,232011569126610790247001,232011.569127,799909804924703816,0.799910,232012369036415714950817,232012.369036,9,14
44,genesis1hsy80krl6yq529ut3chdq8v7hms5agyjj5x207,225533431572099999999998,225533.431572,72586539822,0.000000,225533431572172586539820,225533.431572,7,8
45,genesis1ut38cwtznyqcnkusghxy39erv2mcxexxnkcyjr,210763331203304474404860,210763.331203,763100640783812013,0.763101,210764094303945258216873,210764.094304,2,3
46,genesis1j3n082u6j92w6l98lh3qveq2cc4yq4fhglgmga,205934717801391297201941,205934.717801,0,0.000000,205934717801391297201941,205934.717801,4,6
47,genesis15ua6k8dtusen4zzdqvuna2sscw6zz4y5hahjw0,201636325446985446744497,201636.325447,0,0.000000,201636325446985446744497,201636.325447,1,1
48,genesis1gzn6edx0r2mwavr4rxxzghumhyl77q68gag24w,197019251447115827740065,197019.251447,0,0.000000,197019251447115827740065,197019.251447,1,1
49,genesis135xqhuaewx99vfedya8pzeknwnut8utcaf6tem,193271350786188398607434,193271.350786,415922240534997,0.000416,193271351202110639142431,193271.351202,8,13
50,genesis19l09sj4k7m5f3cfne0dm6aan2rqr7r5xga4kd0,179196430045845766131175,179196.430046,1000000009476820,0.001000,179196431045845775607995,179196.431046,8,12
51,genesis10ue05mak7nmegh74j2g002u8p8zmtexypflk4y,177818728458588683373145,177818.728459,574363403813368,0.000574,177818729032952087186513,177818.729033,12,17
52,genesis1s83pwp4xcu5ent48kzqmzjf7kwzv2wgrnck8t2,169365715073207997080316,169365.715073,62972949,0.000000,169365715073208060053265,169365.715073,6,7
53,genesis1s0mcdnsp74relctt3nyfyx4zkuwfn5wfl45cr6,169286022757696843269595,169286.022758,639081962399153127,0.639082,169286661839659242422722,169286.661840,9,13
54,genesis1x4sj6d9r9scxef8urmdfxcx37ut7yk2swrdlap,167978293859892263811436,167978.293860,0,0.000000,167978293859892263811436,167978.293860,4,4
55,genesis1dukrdemgcr0crh8jxdspjmk3ukl934rkw7pljk,162758732886185472999996,162758.732886,1038560691801,0.000001,162758732887224033691797,162758.732887,6,8
56,genesis186s6d2y88whr9jjzxu62y8en2x53sh9deenfl3,158917515435342099054162,158917.515435,298203345929,0.000000,158917515435640302400091,158917.515436,7,10
57,genesis10cxgzds6gjnm2d7qfydgsm0nvg0xzg6ut32lpj,154623901563267014042244,154623.901563,7871281273,0.000000,154623901563274885323517,154623.901563,6,8
58,genesis12zqkjlcmarh05mm8ycrddyt24q8qpew2k94a5y,150000000000000000000000,150000.000000,0,0.000000,150000000000000000000000,150000.000000,1,1
59,genesis1c3eu6w4jtkrrxky885yz4v6qn7le9t7zphjy3x,144395347450237636600000,144395.347450,11121829,0.000000,144395347450237647721829,144395.347450,2,3
60,genesis1qn8sr2hzmktlecusdtxj9hwj0upnm0jfklsk83,140995042347402331760890,140995.042347,0,0.000000,140995042347402331760890,140995.042347,3,5
61,genesis1ah28sgxursecg6mqkm5qsn8cupqxt4d62plktz,139948003810049973313859,139948.003810,3430618411069402,0.003431,139948007240668384383261,139948.007241,1,2
62,genesis1s84q7zy0a0f7dchrpj2fk89gyglkwm2ek39g5m,135000000000000000000134,135000.000000,0,0.000000,135000000000000000000134,135000.000000,1,1
63,genesis1srf2cr67xf5tchqa9za65plrz6dmq2me66p797,130278149579599972419661,130278.149580,0,0.000000,130278149579599972419661,130278.149580,1,1
64,genesis1aux70hd943ukugudpeun2vpxg0v84c8ex82hhe,130224845037850000000000,130224.845038,0,0.000000,130224845037850000000000,130224.845038,1,1
65,genesis1a5dxzk0zv7gly2nvuqu3xrfq3tp383qcrqedv0,121136000000000000000000,121136.000000,703698969937983,0.000704,121136000703698969937983,121136.000704,1,2
66,genesis1px5hrplm5talh55j79gc6wsazeu05vgmf3rkkx,120048440997248034346999,120048.440997,2003100315183240192,2.003100,120050444097563217587191,120050.444098,4,11
67,genesis1cx09zmque36xrtf2mtjffh45rm4444ldhapcje,111472255127430000000000,111472.255127,0,0.000000,111472255127430000000000,111472.255127,1,1
68,genesis1v7mkepxzj5ywqn6axvh2ckc6gxueauzdzxrvmk,101997770943906810143948,101997.770944,772437317124,0.000001,101997770944679247461072,101997.770945,5,8
69,genesis1z6mhzw4s52fppehh39u84m3ufgyygcgzhk2q2f,101050602398459339999998,101050.602398,9623681742704410,0.009624,101050612022141082704408,101050.612022,1,3
70,genesis1shflyn393e4mxvuv2n5s0qqjqrfd5nu73w0ka5,100111234388367316394663,100111.234388,499938414642457430,0.499938,100111734326781958852093,100111.734327,6,9
71,genesis1dtc9eky6pt0zfssh60k3duywjacfu88ynrv85a,98699000000000000000001,98699.000000,624313469834593753,0.624313,98699624313469834593754,98699.624313,1,2
72,genesis143g5vqx5vzj69z3u4fz3ctw8etjj0ffvmqpsh0,98313079701110185366907,98313.079701,19999497474937192,0.019999,98313099700607660304099,98313.099701,1,2
73,genesis1cvk0fjz3g9prevmgcvrwq7edf60fl6stuplyh6,93542494085100338500569,93542.494085,99791273696409,0.000100,93542494184891612196978,93542.494185,1,2
74,genesis1u57ekxxqsjrqe4k9yucv786tvc6yjj26z0j7ju,91536162610948446146300,91536.162611,0,0.000000,91536162610948446146300,91536.162611,6,14
75,genesis1r77yxdxx4ncwnnhfeqmxa2uy73t4y99kcdqsmh,89936019720900103473795,89936.019721,6,0.000000,89936019720900103473801,89936.019721,2,4
76,genesis1zpfvdg466yte80pgye4ycfkyndnq222n6vrqy7,86518499999999999999999,86518.500000,1068342607409,0.000001,86518500001068342607408,86518.500001,5,6
77,genesis12nd3ucz5hspg0esz2ygmjdehwt2a9x3qrskrxp,83174680886856438629023,83174.680887,4718120,0.000000,83174680886856443347143,83174.680887,1,3
78,genesis1jxyxqzs0eg53gf2vjs5ekx7ewgduf4gquehckf,75459461806210718230677,75459.461806,0,0.000000,75459461806210718230677,75459.461806,1,1
79,genesis1nq2qm9cdjhqqdune0mn3ldwmza9ej3zcjz55mp,74694999999999999999999,74695.000000,58757493893898777,0.058757,74695058757493893898776,74695.058757,1,2
80,genesis1gtke29g72hw6n9hrj8y7m9qxl3k6mmjzxaa8hn,72462960121031497321757,72462.960121,0,0.000000,72462960121031497321757,72462.960121,1,2
81,genesis1u47h9qyxufvrgf27hqhu66j092as9upjr5dy4f,69996299903374907444340,69996.299903,0,0.000000,69996299903374907444340,69996.299903,2,2
82,genesis17jfpd7vxws6edna7uxaju7m0826gdkpk69y6a0,69625008300944227526630,69625.008301,782800034213083817,0.782800,69625791100978440610447,69625.791101,2,7
83,genesis1yaaemqhc8776gxy0e2l53nrw6dmewd7sl0qv70,68000000000000000000000,68000.000000,0,0.000000,68000000000000000000000,68000.000000,2,2
84,genesis175rljmqvlrx9ykfkzxzt9azxkascdza4zdhg3t,60299900000009037105506,60299.900000,164567692472,0.000000,60299900000173604797978,60299.900000,6,7
85,genesis1uzqffljznp9v9ckke7y25kjdwx9k8pn4llv7zv,57147106669000000000000,57147.106669,0,0.000000,57147106669000000000000,57147.106669,2,2
86,genesis18qlc6lnnaq0ram9lg43hr72znawlz3gsls06zr,56163983823627003988654,56163.983824,0,0.000000,56163983823627003988654,56163.983824,1,1
87,genesis1up3yc95ua0cyeja3p8ch28799rfclx54gfhd65,54461000000000000000000,54461.000000,0,0.000000,54461000000000000000000,54461.000000,1,1
88,genesis1vljxnjjswftq2lczttt5tkue6tmvq4kxrg3wl9,53697203991987809999999,53697.203992,30421313816,0.000000,53697203992018231313815,53697.203992,2,5
89,genesis1jvh8rple9vrc0egw6edk0t98tnpx4ffm2gwfta,53629338201276065156927,53629.338201,0,0.000000,53629338201276065156927,53629.338201,4,4
90,genesis12p3t9mpuc0ct6uj2ns2xj84un80x0q9skuqqx9,52597021173424927936519,52597.021173,101382686932401124,0.101383,52597122556111860337643,52597.122556,2,5
91,genesis1vmjdd0uh783h6068nvjsvw0uvs57v5h5evzh9f,52029843968029000858068,52029.843968,0,0.000000,52029843968029000858068,52029.843968,4,15
92,genesis15kpatpaxymy2vygy2wsgc48v7dm0c2ef7pyhuw,51120000000000000000000,51120.000000,0,0.000000,51120000000000000000000,51120.000000,1,1
93,genesis1arn2sngceqr86w7hf624tpydz5q74cc28qmwq5,49000000000578309240533,49000.000001,0,0.000000,49000000000578309240533,49000.000001,1,1
94,genesis15z5fvkqv25zcpkp5hrceapazyn3dkynrwx6880,37616617728407897303159,37616.617728,989633547752349,0.000990,37616618718041445055508,37616.618718,3,7
95,genesis1048gp07uukryrjcqkt7q9n84jlvjy8w6h3c67d,37409980991432553345587,37409.980991,0,0.000000,37409980991432553345587,37409.980991,1,2
96,genesis10kn3t58pvyayg878umwyjcga02jsuvddaze6pl,36000000000000000000000,36000.000000,919032994339157945,0.919033,36000919032994339157945,36000.919033,1,3
97,genesis1w24mmwxpl50n2hcyxjka7u942wl6zuz9yz4t4f,35199720333744857817488,35199.720334,0,0.000000,35199720333744857817488,35199.720334,1,1
98,genesis1lk9s8cjwn9532kht5g29zc35dyrd6mkmmwnu7u,33230734302649563997023,33230.734303,99980001006879796,0.099980,33230834282650570876819,33230.834283,3,7
99,genesis1g8lsgaukudrj2y7nuv27yew5c6e7a8295h4yem,32500000000000000000000,32500.000000,0,0.000000,32500000000000000000000,32500.000000,1,1
100,genesis1hauvj3muyuswsfn5hc4cqj3zmwe6y33lxrgrr9,27000039964014417146688,27000.039964,303905237419506397,0.303905,27000343869251836653085,27000.343869,2,8
101,genesis1uck0t7qfnn5y4g5e2e5djnayzv7wn0a2jeyc9z,22508393754720111857587,22508.393755,921242367256396568,0.921242,22509314997087368254155,22509.314997,2,5
102,genesis1u33qfp6wq93m76hwvygfesfgkagr2y2uspu9uy,20042913000000000000000,20042.913000,48286828867234590,0.048287,20042961286828867234590,20042.961287,1,2
103,genesis1yqedkvc9tvqcwq3crnx5679l4xmx7tk63zyskq,18661000000000000000000,18661.000000,0,0.000000,18661000000000000000000,18661.000000,2,2
104,genesis1q5k5vgppd3esjjhzpzezr78cuyfva2rhtjm7ht,18580515990254716678350,18580.515990,0,0.000000,18580515990254716678350,18580.515990,1,1
105,genesis1gketcc4ctu803svseq6q5rwfg06hyl68ukex03,17221000000000000000000,17221.000000,0,0.000000,17221000000000000000000,17221.000000,3,3
106,genesis1p4r5lv6pdchdnxw9ekqjwa08kzefrcrgaf9v9p,15120851595447844000000,15120.851595,2648510,0.000000,15120851595447846648510,15120.851595,1,3
107,genesis1u4p9y3a80pxd8nk56z6j507x79peykkzaq3uv2,14955684300433043000000,14955.684300,425971,0.000000,14955684300433043425971,14955.684300,1,2
108,genesis1fnurwwfpjv0sm0hqevt9w525ye8nhlhc5mgp6k,11972076237048742239438,11972.076237,0,0.000000,11972076237048742239438,11972.076237,1,1
109,genesis1t8uhtpcwh8gf5l8w0uncjk02d70d2qlfk5krkh,10951000000000000000000,10951.000000,0,0.000000,10951000000000000000000,10951.000000,1,1
110,genesis1esemcd3kp8xw9h76q7u5tgxzc7zksngdtf4lyr,10216934885951920747035,10216.934886,1885700371060046038,1.885700,10218820586322980793073,10218.820586,2,7
111,genesis19h65cmarqlpaz80ja26jtn4gamuvwla0e3g0ga,10073222888091807247773,10073.222888,222454,0.000000,10073222888091807470227,10073.222888,3,5
112,genesis1aknwd89uhduygr7uz9x7n0qwt92dphwcvd3t3u,9335536066394133962799,9335.536066,0,0.000000,9335536066394133962799,9335.536066,1,2
113,genesis14wgyxv32wx5pafss9y96ggkml7k2ll7lxk5hnh,8698130100674592292169,8698.130101,43891220448633105169710,43891.220449,52589350549307697461879,52589.350549,1,2
114,genesis1gzyr2kk7v5l0l0u33uelkcj4ad692at70jqg36,8501592273412728362966,8501.592273,12795765936579921098473,12795.765937,21297358209992649461439,21297.358210,2,5
115,genesis107yt0z75xfgfw83mrdqplrptzatz6hmuxme0qd,6400560359202634000000,6400.560359,10239868539838568734223,10239.868540,16640428899041202734223,16640.428899,1,2
116,genesis12wnme7z2eu6upc00m4nxvf57wpeuvtctqlv7yv,5997400000431777347696,5997.400000,130898632621575,0.000131,5997400131330409969271,5997.400131,2,4
117,genesis1q4ne2g0dwsjfuzkkv2p3ffnucua5m3djvy2mx2,4981000000000000000000,4981.000000,0,0.000000,4981000000000000000000,4981.000000,1,1
118,genesis1epzdj2xcwwt366u7t8yvdzgrf5n2xleec6vuuv,4948000000000000000000,4948.000000,138860,0.000000,4948000000000000138860,4948.000000,1,2
119,genesis10ttzk9wsr2zpjednul38am6jzr8w8rec8uslca,4829517981349438735914,4829.517981,2803812307777057516,2.803812,4832321793657215793430,4832.321794,1,3
120,genesis128y84ru7m64y40errd8n84tqdrspyg4yvwnrq2,4587761359410938680000,4587.761359,0,0.000000,4587761359410938680000,4587.761359,1,2
121,genesis1cp056vyymjm6wp6dygdf8pn9shsw0uqnk7gr99,4431861371915363084780,4431.861372,0,0.000000,4431861371915363084780,4431.861372,2,2
122,genesis14jyz5lnr63nqva6xcppf05hnv64e7gwswceyv8,4151001683488512115280,4151.001683,0,0.000000,4151001683488512115280,4151.001683,1,1
123,genesis1z9l9zc7lr0v08vryx7ukdfltrauss40tn3fm8y,4146266495671988726631,4146.266496,0,0.000000,4146266495671988726631,4146.266496,1,1
124,genesis1xchgeynvgf63kuqlpzsnw20h393u4fxmmmkdru,3988803120486067549710,3988.803120,26488132258742143783677,26488.132259,30476935379228211333387,30476.935379,1,2
125,genesis1hvan9p4ghg6xz26ksgw9vkhghkvxfq0sn0sn5v,3773000000000000000000,3773.000000,0,0.000000,3773000000000000000000,3773.000000,1,1
126,genesis10ynn8t0m7wve8y9vqcvqhffjthmqpp67td9g3y,2941054705600000000000,2941.054706,0,0.000000,2941054705600000000000,2941.054706,1,1
127,genesis1vjjzavwdetp5s6g7htenuz3r0xtm6fpglkvyqf,2139726594550490323435,2139.726595,0,0.000000,2139726594550490323435,2139.726595,1,2
128,genesis1ed5skh36xhtsa6v998kq6ewcysg3aeun9eu36u,1638237330836827973087,1638.237331,32045828637891388981,32.045829,1670283159474719362068,1670.283159,2,6
129,genesis1p59gee55s8gu5j05ejxvr56elv2pewtvfrnesv,1585204663587842994975,1585.204664,0,0.000000,1585204663587842994975,1585.204664,1,1
130,genesis1c2w7sxnp423935c47zwv32rgmk2zmgt8d0hgpp,1270052982035970084668,1270.052982,0,0.000000,1270052982035970084668,1270.052982,1,1
131,genesis1qnlxnneluedfg3lusv8r36t5c0s4r2p0mdh4cq,1146208219537017248448,1146.208220,0,0.000000,1146208219537017248448,1146.208220,1,2
132,genesis1xhttwcewy0fdefgykd3hv49xjyllwu0v8wq97c,1034477084332595934452,1034.477084,62082171931140078939,62.082172,1096559256263736013391,1096.559256,2,4
133,genesis1uacumx6pkemysvdwwana6suad0lnhm9rllzty6,1000000000000000000000,1000.000000,0,0.000000,1000000000000000000000,1000.000000,1,1
134,genesis1wev8ptzj27aueu04wgvvl4gvurax6rj5hxcg8m,999800010311999139096,999.800010,59488100608056257294,59.488101,1059288110920055396390,1059.288111,1,2
135,genesis1qly96sy3yklkwv6cf4he5ves4qu8yn58yp8kkr,940835402309355137278,940.835402,10707803821928318777,10.707804,951543206131283456055,951.543206,5,13
136,genesis1carmjysuv3r68dmsruvwaamjytr6za8j6ynh5e,931863006106939961695,931.863006,439456050031302438397,439.456050,1371319056138242400092,1371.319056,4,6
137,genesis1jpz5j46mavhrz8v6l58t7zxkpag35rz6hga9zw,785000000000000000000,785.000000,976000013523703704,0.976000,785976000013523703704,785.976000,5,7
138,genesis19xdmlygyfk69fpceeh8frcvspa4nkxzl27ut34,703820968116722874954,703.820968,0,0.000000,703820968116722874954,703.820968,2,5
139,genesis1c9tpxanexwfmrj5ywf282rvnw29vlesehl0ch6,599940000046528954512,599.940000,0,0.000000,599940000046528954512,599.940000,1,1
140,genesis1vgu6mpatup4hsyt463mdkac4a6n7qh30f03kjj,596388242891821557588,596.388243,0,0.000000,596388242891821557588,596.388243,1,2
141,genesis1hk46nud6u79u3dzhfwdmszfeq2y5gkvqfl30w9,556467792394958217168,556.467792,0,0.000000,556467792394958217168,556.467792,1,2
142,genesis1wuwqs8m60r3jvhwhaqcwjk2nzr4gq5a569nkgv,529000000000000000000,529.000000,0,0.000000,529000000000000000000,529.000000,1,1
143,genesis15pwqxvf22r750lt3pgfda24trheakx723ruww0,508418608027306093605,508.418608,29173314541544581,0.029173,508447781341847638186,508.447781,1,2
144,genesis1m5t4lhp9v8e6srtd267duzg03jj8m40s5vnqyf,496886000083186885946,496.886000,1229843521158214914004,1229.843521,1726729521241401799950,1726.729521,5,9
145,genesis1ug54mpujhgp588fyyywes74gm8p4wjgs4369ns,480684915189582551206,480.684915,0,0.000000,480684915189582551206,480.684915,1,1
146,genesis1wfw3cdg5uvt0r5lawxr300lpthj48wx28mzzc8,480000002521072553911,480.000003,0,0.000000,480000002521072553911,480.000003,2,2
147,genesis1v2wmsgvu3c7ss3altqqrxhsen8lwentt7lm6v9,477071027661398162949,477.071028,0,0.000000,477071027661398162949,477.071028,1,1
148,genesis1vqp88kzuvllwr57m6r38dghy6w64qvv76dxxnc,476262100722959027248,476.262101,0,0.000000,476262100722959027248,476.262101,1,2
149,genesis1hmvnht5pmajf8gv6v9lqxe3yptl6zhpgm6fnth,475041923220758450743,475.041923,3996602122940793007,3.996602,479038525343699243750,479.038525,8,12
150,genesis1cddkj9qt534dgv0lpqfvcltl8fkq55rahx9s64,441000010006706912391,441.000010,293970610016850140671,293.970610,734970620023557053062,734.970620,3,5
151,genesis1gep50gr4jpg7qju2epckc03up0t9mjml550fe4,391405828011442854204,391.405828,0,0.000000,391405828011442854204,391.405828,1,1
152,genesis1dkjcas3j43u3v6l94jhhhnjxhlnwxt3mr30nfu,354964500210938175081,354.964500,0,0.000000,354964500210938175081,354.964500,1,1
153,genesis1zmd2dgrh25r39f0rj404jzsq9trq76cdjd3jal,331000000000000000000,331.000000,162288190927663740,0.162288,331162288190927663740,331.162288,1,2
154,genesis166a7pw3jxyjzg38uuyjlqrs0z5amyu6cmxnn7j,330348175000600672076,330.348175,0,0.000000,330348175000600672076,330.348175,4,5
155,genesis1ux3j2h446q9yf5dvsw4mwa5fnf07ja9vg95eu2,329428696013252878253,329.428696,1468216873004681018136,1468.216873,1797645569017933896389,1797.645569,3,5
156,genesis1cchda0fgmu5kqklcvhh0t6rq597a0ggfpljgxs,316599000000191591999,316.599000,1088,0.000000,316599000000191593087,316.599000,1,2
157,genesis1lm59f9w6hte7wz83d4dxw5t40hz8cehznwjjc2,301160000000000000000,301.160000,0,0.000000,301160000000000000000,301.160000,2,2
158,genesis1jgcpfh7ft5y8wch47nasuwx5gkmgfkuryc68rc,267478222450743172793,267.478222,999700030190110760145,999.700030,1267178252640853932938,1267.178253,1,2
159,genesis1y2ptynyf78vjl7agjj7e7x9t2k3gwgv5dfknzq,256196303401154456108,256.196303,0,0.000000,256196303401154456108,256.196303,1,1
160,genesis17cyjk3wxh0n3d3wspx8fp2gmpulslex2re984h,254499909060377333684,254.499909,0,0.000000,254499909060377333684,254.499909,1,2
161,genesis16h2sus5xhxu8ch0j0pq8yqplg2jqaqd22lqvnh,224797581090649991202,224.797581,0,0.000000,224797581090649991202,224.797581,1,1
162,genesis1spfuppc6lycpzrdeavg4a5mplflru7yjdyuvkz,200000000000000000000,200.000000,0,0.000000,200000000000000000000,200.000000,1,1
163,genesis15aq8hur3uz7yz2q8juewm2s2rjchgma0xgm55y,182205763888218087382,182.205764,0,0.000000,182205763888218087382,182.205764,1,2
164,genesis1ym0dmpfg6pmgqqf69uq958gaxkpe3ch9sc4ch2,179998000000566377754,179.998000,82417117336838307595,82.417117,262415117337404685349,262.415117,3,9
165,genesis1xcuk5lls8pf08k5glj578afau223tv30lcpply,172142262809579317272,172.142263,699330287096802812,0.699330,172841593096676120084,172.841593,1,2
166,genesis1g30u4aqscx086t9gfd94xvufq3h3dagkanmt9c,166749765400441755553,166.749765,298004643463,0.000000,166749765698446399016,166.749766,4,10
167,genesis17k595rf468dpmed60yd0fuusk9jfq6pg978qmz,165935999423817479605,165.935999,0,0.000000,165935999423817479605,165.935999,1,1
168,genesis1vzcy66ls4pdjqtscr077559frlsatfzcy8jz6c,165917410874101812357,165.917411,0,0.000000,165917410874101812357,165.917411,1,1
169,genesis1gc7q4jmcpa6mfupqrc8wvgyefy5q43hqzsfe2v,148521143561026001893,148.521144,0,0.000000,148521143561026001893,148.521144,1,1
170,genesis1me3hg2l74zn5ag9y879u7re4cp4dxea9px2nxh,146982957655012156391,146.982958,22455942207,0.000000,146982957677468098598,146.982958,1,2
171,genesis1afvvw56w2uq64qmsurawkxdhu9r98e5uajuhsx,145900000000000000000,145.900000,0,0.000000,145900000000000000000,145.900000,1,1
172,genesis14dvy4pdf63wwz9znaqcaf8zvkv6nqtjlmh04yu,144427192319782400282,144.427192,0,0.000000,144427192319782400282,144.427192,1,1
173,genesis1kllcrueu7lf3uy8v5hqsvt894khcy8675wsgrg,142000000755386288881,142.000001,0,0.000000,142000000755386288881,142.000001,2,3
174,genesis1h4d0dyh42fe3kgjggx6dr7n7ld3hlzvz8v2hrd,135027108826069457931,135.027109,0,0.000000,135027108826069457931,135.027109,1,4
175,genesis1utn6ut2adkyxy2mx5mknmwf87tm3k02spn8kxn,132383250887347023942,132.383251,0,0.000000,132383250887347023942,132.383251,1,1
176,genesis100wc05kmt73lfaff9y4zlgksry6jc4v2qwnfj2,126532118960785340271,126.532119,0,0.000000,126532118960785340271,126.532119,4,5
177,genesis1fa59jlnx2aljljp7v2n9thc8ul9y74pwsrnk33,110290149391482485045,110.290149,0,0.000000,110290149391482485045,110.290149,1,1
178,genesis1v92dav3kyarp8dsjqve9wqfvyhm5xxqg0mu3x8,110076001674034491143,110.076002,8500150950553890,0.008500,110084501824985045033,110.084502,2,4
179,genesis1qt98pflkzr862accqps3llhwqhvg4yzl75qchl,105000000000000000000,105.000000,0,0.000000,105000000000000000000,105.000000,1,1
180,genesis1gewl0p63x9r8lunjvwtvjq26qy8q9x7vhh09d9,100039955262385824621,100.039955,10996700333701658374,10.996700,111036655596087482995,111.036656,1,2
181,genesis1tv0lsr5dnhmm3gxkg7dkklytkfdvjys0hav74h,100000001000000000000,100.000001,0,0.000000,100000001000000000000,100.000001,1,1
182,genesis10pnjdnkpzqj4txk64f9w8yxc6lyjsu39qf7kul,100000000000000000000,100.000000,0,0.000000,100000000000000000000,100.000000,1,1
183,genesis1ccx6hkrxw8ecgx8njnhd6jrjdeh2m2j94ttyag,100000000000000000000,100.000000,0,0.000000,100000000000000000000,100.000000,1,1
184,genesis1hgr6gkudccyf3acp6q7x4c8vdhgcqy9jy9zvdn,95642967737532839070,95.642968,0,0.000000,95642967737532839070,95.642968,2,3
185,genesis13vgt0u366g0xss4kkhax8dqp286gzc8497er7f,94691468301820291675,94.691468,0,0.000000,94691468301820291675,94.691468,1,1
186,genesis12ne9rvpdwjsgul7yfag4rhhuddxpdhgn9pnsjl,91903710208441718539,91.903710,0,0.000000,91903710208441718539,91.903710,1,1
187,genesis1tf6dkg0f00p7al6cckkm6ht2c04pm2t9dqnjm8,91342010147770606328,91.342010,0,0.000000,91342010147770606328,91.342010,1,1
188,genesis1yqunr3xua9n97n2u7kf56whrczwr9nugjps9vg,90539644173689767196,90.539644,0,0.000000,90539644173689767196,90.539644,1,2
189,genesis195ea098ndztvdt286l02y0jcg6des7pyfx5rxz,89491050053180187802,89.491050,0,0.000000,89491050053180187802,89.491050,1,1
190,genesis1u5r0j0jytzk2c5z5wswlzy4h385elwwxnqz7dl,87652772191896112785,87.652772,312046562919299234,0.312047,87964818754815412019,87.964819,4,9
191,genesis1kk2x6dt76q90wf56eyjjmpk3kr6fmz7jyy0d8l,84404382378441044420,84.404382,0,0.000000,84404382378441044420,84.404382,1,2
192,genesis1x2tq268s03z5xtkdhlxkr5q4k3kedj0a4newt6,83249629578111295392,83.249630,0,0.000000,83249629578111295392,83.249630,1,1
193,genesis1duskj02k4fh7gll2a0vef4xl22sty4u8m3dyrg,78928928471828219133,78.928928,0,0.000000,78928928471828219133,78.928928,1,1
194,genesis1mfpccfvyvf2qe3x692dpywrpnaajzmryz9n2aw,78922107002235218022,78.922107,0,0.000000,78922107002235218022,78.922107,1,1
195,genesis10c3r27nekd9w7s3swwg3t9sf5hzrvqjfamdtq3,78032549405709669736,78.032549,0,0.000000,78032549405709669736,78.032549,1,1
196,genesis1sx2heu3vrpg0y682ddp87rq55n2q0yh3fa04ws,69076679416764637392,69.076679,0,0.000000,69076679416764637392,69.076679,1,2
197,genesis1rkpdlluj6a7ksz5jk7zxu8zlurd9hkm4f07h09,65605869618648381099,65.605870,0,0.000000,65605869618648381099,65.605870,1,1
198,genesis18h20k8rqldtaqh4znqf7frtxl98h9m706ujnjl,63000440507862576226,63.000441,0,0.000000,63000440507862576226,63.000441,2,4
199,genesis1m9jr3x35ael09vw8yrkd7s87emqt3vygjvupdf,62989500642343889689,62.989501,35897900004575748960,35.897900,98887400646919638649,98.887401,3,5
200,genesis17gl6er5798z79ckqv99kz8an2dryl5n5tyzjl4,56994300007839383251,56.994300,7996600909053540509,7.996601,64990900916892923760,64.990901,2,4
201,genesis1ar6qzrrf08dxqjwtnrqay3pc75mqnwktsepw98,55494150062257079514,55.494150,0,0.000000,55494150062257079514,55.494150,2,2
202,genesis1nxd64cd6nujsnhkms7v9rahu97c2rd36ln7vnc,54456415276134117692,54.456415,0,0.000000,54456415276134117692,54.456415,1,1
203,genesis1kykrr9f2uw3jxcvs59u8g0guglywlre7wxy2lq,52969111533487139841,52.969112,55783413371711246911,55.783413,108752524905198386752,108.752525,2,5
204,genesis106h5juhmegsnr4sr5ukpg23ha3z7m4z64frpwd,50436668906678588852,50.436669,49305978880903106965,49.305979,99742647787581695817,99.742648,1,2
205,genesis122hjrmj8k2f0lc0m8nepdysgx9f2gan2ypqkrm,48486791697146280112,48.486792,9999000004711473066,9.999000,58485791701857753178,58.485792,4,10
206,genesis1wh0evrrxrdlph6nl98v9z43555fufy2qstax4p,47447856527694504209,47.447857,0,0.000000,47447856527694504209,47.447857,1,1
207,genesis1cwsxjmjs3xszqujm97hyyla0ky00d9v5kekpnv,43873666693493883125,43.873667,0,0.000000,43873666693493883125,43.873667,1,1
208,genesis1paa2ur6c2z0t8w4qz0ty946gclpckrunzmqksa,43465212197238770217,43.465212,0,0.000000,43465212197238770217,43.465212,1,1
209,genesis1kegaa93gqugelg4zmrrcfnjqnt4v6entjnnp8h,43415929031116659925,43.415929,0,0.000000,43415929031116659925,43.415929,1,2
210,genesis1krhqzttr824dm3zus8fvy79sefxe78k9efxd9v,42995700003334575073,42.995700,0,0.000000,42995700003334575073,42.995700,1,1
211,genesis1wmpxekeka2z8z6h7k60t2tvdmqcj3eqfqflz7n,41366891608406553724,41.366892,999800010069125586,0.999800,42366691618475679310,42.366692,1,2
212,genesis1fwkvttw5dlnte44nx8935ll5s2pzx8rjw7uqu7,40664819309027997984,40.664819,0,0.000000,40664819309027997984,40.664819,1,1
213,genesis12eqnft0nryx0qp75nhmdawcsv9mdhcej2rr08e,40451457260975462913,40.451457,0,0.000000,40451457260975462913,40.451457,1,2
214,genesis1r6vt4re2d6vu75hx2appcpn2u3anzjqjdtm5e8,39976006031469739957,39.976006,13998600005778025360,13.998600,53974606037247765317,53.974606,1,2
215,genesis1cd64x5g27499yk6nsumlljf6epkx58tvh6ea0x,39628474610917055515,39.628475,0,0.000000,39628474610917055515,39.628475,1,1
216,genesis1rd3qfdv564xnaqahcypw5z6ed2h3rz8ykvjjg4,38967612169167356983,38.967612,119982000619504631388,119.982001,158949612788671988371,158.949613,2,4
217,genesis15c5sjwctunmfehes7x9pfpz2qu6t48vnm5hzjw,37896465370627476218,37.896465,0,0.000000,37896465370627476218,37.896465,1,2
218,genesis1665clynlseyqr6htrqac5hfw9evj4ta53d2cnl,35842038359147961291,35.842038,0,0.000000,35842038359147961291,35.842038,2,2
219,genesis1dskvqjr0k393347lxfu7ul2n8apgtr46jvkl0z,35381181086764053938,35.381181,0,0.000000,35381181086764053938,35.381181,1,1
220,genesis1ur3hly2c92q8x96y9le9qdt7ttfcsgamqj0ken,34611429440534168278,34.611429,0,0.000000,34611429440534168278,34.611429,1,1
221,genesis1jwv8yvjg9f63g8v70d2tnhxkt848lwdwhwahkk,34545261159787478936,34.545261,991,0.000000,34545261159787479927,34.545261,2,4
222,genesis1q5ed05d6qy9fz7qqcmm5ws6s5yf0grmlrvj806,33996600020202529444,33.996600,0,0.000000,33996600020202529444,33.996600,1,1
223,genesis1rl8rxfee8ugumza9yzgssarsj6qkq0reqg6k8a,33829337473692996603,33.829337,672190733744729,0.000672,33830009664426741332,33.830010,1,2
224,genesis19zrtt2uncccycgcm9efgedu0hr27qfdv2xp545,33741472566048198333,33.741473,0,0.000000,33741472566048198333,33.741473,1,4
225,genesis1dvehx56kgkyyk6fmeye7jx38xg89qsy4mtws69,32889984155310448813,32.889984,0,0.000000,32889984155310448813,32.889984,1,1
226,genesis1dx7nmzensudyj8njv4erezag23zy4clty0lc0p,32880105056859731238,32.880105,0,0.000000,32880105056859731238,32.880105,1,1
227,genesis1z3mwy44tc3rcr7c4dvt78ycm3a9gclat7q7dn0,32496750000920363860,32.496750,0,0.000000,32496750000920363860,32.496750,1,1
228,genesis1gqlvl2qqectkgz7uz6gkjust00m7q63trkhld3,32493500335139972020,32.493500,0,0.000000,32493500335139972020,32.493500,1,1
229,genesis1vvsv5k6md3m5w02n7kk9w4w9ng9wtd43r47x2s,32389206619057959220,32.389207,0,0.000000,32389206619057959220,32.389207,1,2
230,genesis18aqjyx9md8hh0f8vvz0gu0jzufmtcxtcu348s7,32211914507183912785,32.211915,0,0.000000,32211914507183912785,32.211915,1,1
231,genesis1h6tf2g84mvxqaale03e560xhwg0zud9k5cuh8u,32000000000000000000,32.000000,0,0.000000,32000000000000000000,32.000000,1,1
232,genesis1wh44dywkzrmdxysxs83l4lzagd2rq9w6naqvjr,31996800002481544240,31.996800,0,0.000000,31996800002481544240,31.996800,1,1
233,genesis1mtzevk7gs6txgelsp53lwllfn5x92srhlmzmkv,31979206336490272782,31.979206,9998000100528424276,9.998000,41977206437018697058,41.977206,2,3
234,genesis1z99qx4a3rnlka0nsw46faseepntcp5tcxvlx9e,31813821619639228070,31.813822,0,0.000000,31813821619639228070,31.813822,1,1
235,genesis103verdnv4pzztty50ua7gs5gj25l2gwu8q8f9d,31033851661947980000,31.033852,2327,0.000000,31033851661947982327,31.033852,3,5
236,genesis1l6zt73u4499gry8pscynxktlljchexzx20gfc8,30986903054106562259,30.986903,0,0.000000,30986903054106562259,30.986903,1,1
237,genesis1ayy8knfdhepp2rws2m8kq5jzjm67fsylu0erax,30652090308209334444,30.652090,0,0.000000,30652090308209334444,30.652090,1,1
238,genesis1vmx85r4h6s6x33wa53kyusracrq6r3nutt9mfx,30599448912883470384,30.599449,0,0.000000,30599448912883470384,30.599449,2,2
239,genesis1d5ukx4wgp25p8rvfkceuf4dv03r2nnl87jr3sn,30544443333602570718,30.544443,0,0.000000,30544443333602570718,30.544443,2,2
240,genesis1kqc683nnl6u0ll6kdpymvzgs4f8p7huvk6jw5f,30094000617586517659,30.094001,0,0.000000,30094000617586517659,30.094001,1,2
241,genesis1sr0lw3rnl4u3zz7hxrek0pp26hjhapecauejq8,29998500000424783320,29.998500,58380664605844952320,58.380665,88379164606269735640,88.379165,2,6
242,genesis1g5mgy3l7l8wxl24tqqahp0pt4vzpus5e4sxets,29988003106216218671,29.988003,20889194005856237141,20.889194,50877197112072455812,50.877197,3,5
243,genesis1e7zmleppmaq7yxygdu9kfcel9d0akr537jp8dl,29980005818695258545,29.980006,0,0.000000,29980005818695258545,29.980006,2,2
244,genesis1js638yd8j0yjwg3md9qm2aqc0zc008h0xckq57,28272914279215131521,28.272914,0,0.000000,28272914279215131521,28.272914,2,2
245,genesis1sghqztvgjv3ug6ltpvvwwyhpt35u7hu8w78mmv,27435962108521046438,27.435962,0,0.000000,27435962108521046438,27.435962,1,2
246,genesis1x7at0lqy29j3md6cc8x40rsfgf5egd9fpa6yzc,27227021422248268518,27.227021,0,0.000000,27227021422248268518,27.227021,2,3
247,genesis1ddcf8prazvw22sm9gd98gau7jhwxhdqp3lg02l,26713297586474349976,26.713298,0,0.000000,26713297586474349976,26.713298,1,1
248,genesis17ljslchxlj5s2uu3s3v7mypf3u6uat3axe7qpu,26671389608614681300,26.671390,0,0.000000,26671389608614681300,26.671390,2,4
249,genesis1crl6uynzvt2s8tew8arsewjw8ph4ghwu6e8fpw,26452543244625935987,26.452543,0,0.000000,26452543244625935987,26.452543,1,1
250,genesis1cw4dgpr52nv2sc9nu9fhe9n7ytrerj53aflwqa,26406961359097971964,26.406961,0,0.000000,26406961359097971964,26.406961,1,1
251,genesis1munu8lvegk4jxnsyyudlywk02rkgl8cwpaxduf,25819669568234874053,25.819670,0,0.000000,25819669568234874053,25.819670,1,1
252,genesis1uvqp9f403g9yq9fl9zpt6tsygnk9yp3u00dlmh,25610522189674029122,25.610522,31978207680292136,0.031978,25642500397354321258,25.642500,1,2
253,genesis16klcnrmxdzqyp25qt28lwvfac6wpyww2prhrrv,25554661855617031283,25.554662,0,0.000000,25554661855617031283,25.554662,1,1
254,genesis162azh53yf2ket9m39y2787tsysgm5qx0m7h46p,24992501210916655416,24.992501,25893820680633613485,25.893821,50886321891550268901,50.886322,5,8
255,genesis1q8xtuw0dzw4jamc0qf4uj6ea48qe27kyjx79pj,24990002360301989788,24.990002,25891912000552417806,25.891912,50881914360854407594,50.881914,5,10
256,genesis1nmpee3zgezukl8m8s3xxpxvk0nhkrqshhmjdpu,24742198343873901006,24.742198,0,0.000000,24742198343873901006,24.742198,2,3
257,genesis1fd2ayfu6kmt66jwr62eazet5y5hp8e3ajmlq0s,24701768373855675499,24.701768,0,0.000000,24701768373855675499,24.701768,1,3
258,genesis1da49eye57cvlvln7h04q0mux7pdecszjqdn7lp,24026350206208694400,24.026350,0,0.000000,24026350206208694400,24.026350,1,2
259,genesis12sk0xlr5krg5q94v8ryfatv4jjruy8ftzfqzwk,23998700007724496552,23.998700,0,0.000000,23998700007724496552,23.998700,1,1
260,genesis1yg36eryq2zgq23wnhw3fjs4ax45slw7a6hh6p7,23460199768602997997,23.460200,0,0.000000,23460199768602997997,23.460200,1,1
261,genesis1shk2aw96fd6l7yvdr2td33rstey4j72cfdvl7e,22951583587191354748,22.951584,0,0.000000,22951583587191354748,22.951584,1,1
262,genesis1z8hznxn3r9nt3tt404x0ctqpzdd548jyw5etem,22910545253385764030,22.910545,0,0.000000,22910545253385764030,22.910545,1,1
263,genesis123r7mnlg2c46nsltvd0vdfxukjrc8mwuu2vfcj,22909569631827847537,22.909570,0,0.000000,22909569631827847537,22.909570,1,1
264,genesis1ze3n2vk73ua5rccu2k32kc5q3cc4emwvxrx2ph,22346260529839046265,22.346261,0,0.000000,22346260529839046265,22.346261,1,3
265,genesis1xxznmq3a0647kygevplz9ltlu4fzw2uyp90787,21980207928863554695,21.980208,9999000004127160972,9.999000,31979207932990715667,31.979208,1,2
266,genesis153u9yg4mu36s9mg2xcka4wvn70emy69v6rl83x,21970216925259525806,21.970217,21995600223018975285,21.995600,43965817148278501091,43.965817,1,2
267,genesis1w68sqty80mm55w2qpp46d95d5rgl9ecrvqwu00,21639062427835031671,21.639062,0,0.000000,21639062427835031671,21.639062,1,2
268,genesis1ukmcfrhmdszecgvrnz45tczfd6789hqgj3kfu6,21511831844995863523,21.511832,0,0.000000,21511831844995863523,21.511832,2,2
269,genesis1cwtceey9nf5w398u06vmnnyqqwscjfu3xvlaf8,21497850007793233397,21.497850,0,0.000000,21497850007793233397,21.497850,1,1
270,genesis1u5j4l9x3kehxm7qntu6djdhm2lkrlfhmn4zzg4,21492962950297894683,21.492963,0,0.000000,21492962950297894683,21.492963,1,2
271,genesis1jnvuw57pd9p02xwqpdah33e7w9lxcslj0h6g05,20886463746504777116,20.886464,29992000804600899290,29.992001,50878464551105676406,50.878465,2,5
272,genesis1x4nsrhgak74fne0gv66alfje64cqgfs8fzxnsz,20856033178442190595,20.856033,0,0.000000,20856033178442190595,20.856033,2,3
273,genesis1dpxsw03kvdndml7ft9t5sfqfcr8jw2w6tawfh5,20836532218657067703,20.836532,0,0.000000,20836532218657067703,20.836532,2,2
274,genesis1nd86lwg7se890hau65eeq6ru9cxunc53c5765g,20634982396775009109,20.634982,0,0.000000,20634982396775009109,20.634982,1,2
275,genesis1av0u9vaxaz8zqkjd6nw2thgqcsj8gylghxkeka,20299575550342722134,20.299576,0,0.000000,20299575550342722134,20.299576,1,1
276,genesis1dxpjsd28qw2xhwrm20v3ltu8en2nzh6zhs6lf2,20222470462370990325,20.222470,44989201021295279625,44.989201,65211671483666269950,65.211671,2,3
277,genesis1p72xfy6scz0f9je8sj5mqcx262jcf3yjr37e3e,20168483003305433891,20.168483,0,0.000000,20168483003305433891,20.168483,1,2
278,genesis1d8xtuav36xg7hp6lv6u69gexpd8sunaegzk0vw,20000379562670781781,20.000380,0,0.000000,20000379562670781781,20.000380,1,3
279,genesis17ns65mexkldy3m4dnvj2j7f8xqlw5pac2u0u3r,20000000000000000000,20.000000,0,0.000000,20000000000000000000,20.000000,4,4
280,genesis1ytmwk4qwphevacssnxaq2c773s0smpmrz7pwpk,19997000104088508249,19.997000,9996000601884632951,9.996001,29993000705973141200,29.993001,2,3
281,genesis19wtd35m3kejmnzuhlszpxa7vmt2yp3fhgr6erf,19987403409336254355,19.987403,11491756555756837723,11.491757,31479159965093092078,31.479160,1,5
282,genesis1u7938vmh4y9ng7n0cfvkz3nj6gv7awyz0v6wu2,19982007208057776995,19.982007,0,0.000000,19982007208057776995,19.982007,1,1
283,genesis13fxw0q78d6aqj5fkdkuxy8q4myxd8d9xxvnmad,19970017806052803580,19.970018,15340239843172,0.000015,19970033146292646752,19.970033,2,3
284,genesis1waac73cpffx7suhpkvnn8w0a8s2cgzn68u2cv0,19877947333088619217,19.877947,0,0.000000,19877947333088619217,19.877947,1,1
285,genesis1twqplv0rexm59er6wemj6pdfa53y5rcaqn0hw3,19473417458663195291,19.473417,0,0.000000,19473417458663195291,19.473417,1,1
286,genesis1p2k2w0enr4vsjchfexr8079y6sjy5u9pu67y2f,19410439941599457927,19.410440,0,0.000000,19410439941599457927,19.410440,1,1
287,genesis174t89zdyqgj8wy4pd5g6u2hyngn36az3gvkhqv,19151487057106417610,19.151487,0,0.000000,19151487057106417610,19.151487,2,2
288,genesis1qnm7vjlp06set0r9dxmlxlssz4l7l9qmanxm9d,19047988116771779968,19.047988,0,0.000000,19047988116771779968,19.047988,1,1
289,genesis170wqczhmetlzrmqn9zxhk8c6mp6a67835tgtd9,19032278075829037395,19.032278,0,0.000000,19032278075829037395,19.032278,1,1
290,genesis1vghc0rcgh85fhftyh3vtqfz26ukjvk4074g3h5,18962736217685665355,18.962736,0,0.000000,18962736217685665355,18.962736,1,1
291,genesis10gyxytvvul3w4ppuczlqvawm0e4rrnxdlgvwf5,18939333003999201752,18.939333,0,0.000000,18939333003999201752,18.939333,1,1
292,genesis1043xysa0tjndt6c80ymcgc7u4ksf76w8uevgec,18929206867632650606,18.929207,0,0.000000,18929206867632650606,18.929207,1,1
293,genesis102qk6946cweqm678a0da7e5vusglvhrnueh5j4,18898967534857725332,18.898968,0,0.000000,18898967534857725332,18.898968,1,1
294,genesis106axdap2zd8dtkvff6mepkjknzlcyh0szs3sdn,18888691696672536774,18.888692,0,0.000000,18888691696672536774,18.888692,1,1
295,genesis1sfu9uu9puan7q0akvmfhawaedyqjdgrh94zfex,18758816112623185602,18.758816,0,0.000000,18758816112623185602,18.758816,1,1
296,genesis1yk4ckhkx7fm72d43luljfsxuxmvwhswc3qfz9d,18683299258004008875,18.683299,0,0.000000,18683299258004008875,18.683299,1,1
297,genesis19xh5yvxx6kmzjw7elwzk0eg3ezt3s0ex3def90,18683256403232989152,18.683256,0,0.000000,18683256403232989152,18.683256,1,1
298,genesis1a7nx59ump0a3j4nss7ftw86250frcc8z5clpea,18682836485783823552,18.682836,0,0.000000,18682836485783823552,18.682836,1,1
299,genesis177v0xz8u62sp8rxgqscarpunfzny29jnfmc5jz,18682800895503994037,18.682801,0,0.000000,18682800895503994037,18.682801,1,1
300,genesis1whqjl63vt0uccdnlsr6z4ydmqkpcr2svxcapjg,18681497547252122110,18.681498,0,0.000000,18681497547252122110,18.681498,1,1
301,genesis18509yr64ls3xl08kwvs7dwlp2ezff2k95vfqjz,18681370457867191988,18.681370,0,0.000000,18681370457867191988,18.681370,1,1
302,genesis15sulxf7rle36szh775xz928cr6tv552vs6zqfm,18681318718278740035,18.681319,0,0.000000,18681318718278740035,18.681319,1,1
303,genesis1dwayml9v4gtrsuktge7n3lqwwmfaqr8nzrczyl,18681271208390006125,18.681271,0,0.000000,18681271208390006125,18.681271,1,1
304,genesis1z0g2jh7umyvwhdg4plfv2l8uwtkznks9j0g3p8,18681246964708393547,18.681247,0,0.000000,18681246964708393547,18.681247,1,1
305,genesis1lmphwzcl6wda9sd7uslx4ps5meav7rh43qgq4l,18681159680651011067,18.681160,0,0.000000,18681159680651011067,18.681160,1,1
306,genesis1pd47vnmkncxgyew50ew38da5z0pt36mvwcy6lw,18634857240395843045,18.634857,0,0.000000,18634857240395843045,18.634857,2,2
307,genesis1tyhpnfk25gkvg3gpw5f9f54s9xpgprn3ze04qj,18589342553211838566,18.589343,0,0.000000,18589342553211838566,18.589343,1,1
308,genesis1x3ltf7x3jsyu9ett0wc5c4ehe6ymxtlv2gnfq5,18528330978278324162,18.528331,0,0.000000,18528330978278324162,18.528331,1,1
309,genesis1ad3ft92p425c29xzsf7nt4xc8rh3znv3wvw4mj,18501064806162444115,18.501065,0,0.000000,18501064806162444115,18.501065,1,1
310,genesis1hn4hcva0gp6awqj4j8jwvcu6dqwp9e4dxguva6,18434823543829846591,18.434824,0,0.000000,18434823543829846591,18.434824,1,1
311,genesis1jlansk5dzdps0yzm75vry070ugfarkqdp6r56y,18390933388604056237,18.390933,0,0.000000,18390933388604056237,18.390933,1,1
312,genesis1uc7hyxkek9nqargrclyjc0udsdy5qzv9h9cg46,18382695872810307565,18.382696,0,0.000000,18382695872810307565,18.382696,1,2
313,genesis1agv5xsuu73aj5k4ayz9mftnv3kdy07kf4xd2ta,18372728809637047985,18.372729,0,0.000000,18372728809637047985,18.372729,1,2
314,genesis16qp4ttkkcgn6fw5dvwt7k8aqh3vq0tawvu5w4l,18300652716752374700,18.300653,0,0.000000,18300652716752374700,18.300653,1,2
315,genesis17hn9qerymgd6ns55y8etx3csgydfpmf6f3n5r2,18298170006633310287,18.298170,0,0.000000,18298170006633310287,18.298170,1,1
316,genesis18n24cavw2xmds00jy5yqgkn6w5avrcjfx6cqwa,18287249177421648091,18.287249,0,0.000000,18287249177421648091,18.287249,1,1
317,genesis1wp9jvmrqac7zk438ky82df2g3e0ks6e5y02nwv,18269404581480991024,18.269405,0,0.000000,18269404581480991024,18.269405,2,2
318,genesis17styf7wj930tw5mvme6w70xy7xky3y5wumqa4l,18213980355684646473,18.213980,0,0.000000,18213980355684646473,18.213980,1,1
319,genesis1rmk972wd09fjx5r2pcy6assujskykq987aaaea,18189953961038106134,18.189954,0,0.000000,18189953961038106134,18.189954,1,1
320,genesis16puvnjljw225nt0nx7c0t2mfkas2wnfwec4ja9,18169034982115188183,18.169035,0,0.000000,18169034982115188183,18.169035,1,2
321,genesis1qt0nlqrfkfq8de2vqecx5s832y3naj8wlcdvyv,18168996591048779335,18.168997,0,0.000000,18168996591048779335,18.168997,1,2
322,genesis1074t0w76lm4g0gk2saqxw747ap2dz09sx2qchf,18147406529141663074,18.147407,0,0.000000,18147406529141663074,18.147407,1,1
323,genesis19t5vjq8jlp5uy3jp4eu2nwms6u5yv7gngat6r3,18065839701586182871,18.065840,0,0.000000,18065839701586182871,18.065840,1,3
324,genesis13hvq2jf7yt5fs73mhn076hxr52xdxkelkzhf59,18059917968121021045,18.059918,0,0.000000,18059917968121021045,18.059918,1,2
325,genesis1nxmhdh4j5l3r2umv5alhrxtl0gc94jqrv7t5qn,17988803069059431857,17.988803,13995900578101313327,13.995901,31984703647160745184,31.984704,2,6
326,genesis1hmp65yq59w9p0ye6fjlua3eahuw53f0d68538f,17926676210107509580,17.926676,0,0.000000,17926676210107509580,17.926676,2,2
327,genesis1rc8wu7vrzeltt9jesyeh3aqk29kglftma42c4s,17817259187614849202,17.817259,0,0.000000,17817259187614849202,17.817259,1,1
328,genesis1djkltp58l2rwa4v58n2ppw8ev0tfc4kaf5jq7e,17796381361556598533,17.796381,0,0.000000,17796381361556598533,17.796381,1,1
329,genesis1ewdttrv2ph7762egx4n2309h3m9r4z9p4d4ekg,17736928552065202000,17.736929,0,0.000000,17736928552065202000,17.736929,1,1
330,genesis194jxs9jvar80wtavkan5eppwve2jh4vm92suwd,17679913112262753156,17.679913,0,0.000000,17679913112262753156,17.679913,1,1
331,genesis1nhccxdym3lneu5zrr2sumzwe3xfxl8c0m8rex4,17569543355057854949,17.569543,0,0.000000,17569543355057854949,17.569543,1,3
332,genesis1h3r6kpjh9ahhxdlcjhhy4jqgtxgg4wy49hj07g,17500000000000000000,17.500000,0,0.000000,17500000000000000000,17.500000,2,2
333,genesis14z0st695zrvs8fafvt7a5t7928sahpxfv2e79u,17423872109008189531,17.423872,0,0.000000,17423872109008189531,17.423872,1,1
334,genesis10ewrata72ls0tj3x9yeau7lsnm8zmkdklanymz,17423848343108906086,17.423848,0,0.000000,17423848343108906086,17.423848,1,1
335,genesis12g8t77m7p00weya8p3cmztvurft5r5nymux5g5,17423808815013685744,17.423809,0,0.000000,17423808815013685744,17.423809,1,1
336,genesis12amy64kkzqdgzpv0khz7f2y9s5ep8gptdjxx2p,17423793690373885344,17.423794,0,0.000000,17423793690373885344,17.423794,1,1
337,genesis1tctusz3svjsce6tu82gwt35ang3z74ywa9z6gx,17422284344811544141,17.422284,0,0.000000,17422284344811544141,17.422284,1,1
338,genesis1px3zpahc6g0vjuve2ztcnrpx2mldnztykzp953,17422137871003540774,17.422138,0,0.000000,17422137871003540774,17.422138,1,1
339,genesis1p4wp9fy4kamsd7acz99w042xkgthyz40hcs72a,17417313019792603676,17.417313,0,0.000000,17417313019792603676,17.417313,1,1
340,genesis1psnx9kds82xjak2uuctwr8emqsfwpy5wx8rzps,17417265016433346571,17.417265,0,0.000000,17417265016433346571,17.417265,1,1
341,genesis1r7d6mkjpwracqdv90rm2kdgewmrr8xwum8yw8r,17401459304008012395,17.401459,1763521423441355,0.001764,17403222825431453750,17.403223,1,2
342,genesis1vs3drav5z7aclucz85eta40y9gk6m22s3a60sx,17362331068560837949,17.362331,0,0.000000,17362331068560837949,17.362331,1,1
343,genesis1vpwnq5sfxwgl94tmxvshjvwmgcnl3ykutwphzw,17360251223004835941,17.360251,0,0.000000,17360251223004835941,17.360251,1,2
344,genesis1t5wmu8x093ac6xsvqdm2v95a3ekk7fsrvscwm0,17234083011188200380,17.234083,0,0.000000,17234083011188200380,17.234083,1,1
345,genesis14nyj0g284pgs4yt3uh7s769c74y9zj2dxvv645,17227545556705449856,17.227546,0,0.000000,17227545556705449856,17.227546,1,1
346,genesis17d98640zus4k5xq2sdpp2kprmvmrh4a9y0msq3,17225980329687020442,17.225980,0,0.000000,17225980329687020442,17.225980,1,1
347,genesis1880z6724rrl8dnlmt82v59uw7ek0dvaylrx5kp,17225690740836691015,17.225691,0,0.000000,17225690740836691015,17.225691,1,1
348,genesis108yw43as5l6gchwx8f6xa2d9zce45gw0u50n4s,17198821560010570893,17.198822,0,0.000000,17198821560010570893,17.198822,1,1
349,genesis13pse4ay2uflq59x4etkwuk09ej9pkrd3avh0u7,17194613760080165550,17.194614,0,0.000000,17194613760080165550,17.194614,1,1
350,genesis1cstw46ypvtl9uh7vn3eq5c9hadcru7haay3p7j,17193490788178578033,17.193491,0,0.000000,17193490788178578033,17.193491,1,1
351,genesis1k34qvm0tqlyyjy5acvyksqxmwz7nudu9sdaka0,17193458168459602433,17.193458,0,0.000000,17193458168459602433,17.193458,1,1
352,genesis18dch2w0c8qrymqhnfzuqqpc6p98qyu5wz2qzkf,17192947005190708169,17.192947,0,0.000000,17192947005190708169,17.192947,1,1
353,genesis1p6v9mdtt9capmyu5ymd7d3u494a2c8cpt7h302,17192856235068870912,17.192856,0,0.000000,17192856235068870912,17.192856,1,1
354,genesis1hyl79mayry4p2cees3dzc3qnwhdydjf25407s6,17187254770238976241,17.187255,0,0.000000,17187254770238976241,17.187255,1,1
355,genesis1k5ng4222wprh8qc37d8aspw8lcljn8vdpv3xhk,17173377257616062751,17.173377,0,0.000000,17173377257616062751,17.173377,1,1
356,genesis1ewu290xt5fhfz23jk34rq266ymzp6he6t9m9v9,17087162177749586365,17.087162,0,0.000000,17087162177749586365,17.087162,1,2
357,genesis1lx7n87vw4mey25jllugr6txtv8wtfcvkgl3p35,17077106565264151428,17.077107,0,0.000000,17077106565264151428,17.077107,1,1
358,genesis1h06v98zv5hmflg9n0hwean6lsgfl74mc4nvntk,17076950426443102513,17.076950,0,0.000000,17076950426443102513,17.076950,1,1
359,genesis1qsxhsqpgydnwy5kxz9akw2zkkuy5ppma6vckc2,17018601594195248125,17.018602,0,0.000000,17018601594195248125,17.018602,1,1
360,genesis14l883sh4nsyx30m6ek6xwz6hfts5qy8y880rwk,17012593471801958840,17.012593,0,0.000000,17012593471801958840,17.012593,1,1
361,genesis13m6tpcafcayyumyyjn58ul25kpvy40uuuhuvq9,16936279935510900269,16.936280,308731503245,0.000000,16936280244242403514,16.936280,1,3
362,genesis103l025fw2x7d8k8px7d07vu667x0h5p5jqyp67,16933615695964228735,16.933616,0,0.000000,16933615695964228735,16.933616,1,2
363,genesis1muyu8uejxek5lplz28eznxfr3uxscr2tgnjh49,16898159069167374000,16.898159,0,0.000000,16898159069167374000,16.898159,1,1
364,genesis1555x98w9hn8tm2g9nj05t24j7gg9vhn0xrtwyw,16841714562955858215,16.841715,0,0.000000,16841714562955858215,16.841715,1,1
365,genesis16fl5mx8wvfwplr5p77kqauu0sahjg4p7w0r097,16839245800397389902,16.839246,0,0.000000,16839245800397389902,16.839246,1,1
366,genesis1jyxh7rezg2c944qmjktewpeskh0nh3tuldwy7x,16819917756902356292,16.819918,0,0.000000,16819917756902356292,16.819918,1,1
367,genesis1hmfkl7zmwnqlr3wqw37uyee0adgd5daq4vns2v,16818220891972188560,16.818221,0,0.000000,16818220891972188560,16.818221,1,2
368,genesis1qptp2hntwecfcyjwxyr8cngmjl9fmfc6v8vlhn,16764505610304648505,16.764506,0,0.000000,16764505610304648505,16.764506,1,3
369,genesis1lzrrnuucj7s5ajjzvhg0kn7t8xxwq98w4pef4z,16715711483009672571,16.715711,33811596474605507,0.033812,16749523079484278078,16.749523,1,2
370,genesis1j4s2j0a4nddldz6rt8ukxncfpmn25ksje8u67p,16683051214081801185,16.683051,0,0.000000,16683051214081801185,16.683051,1,2
371,genesis1wsq00vjturyn58d6yakpjzfangcer7g88q0lhd,16640352425000355078,16.640352,0,0.000000,16640352425000355078,16.640352,2,3
372,genesis1j5ft99lyd36e5fyp8kh8ze7qcj00relmef2nyz,16567657550195724552,16.567658,0,0.000000,16567657550195724552,16.567658,1,1
373,genesis10g3hzsme335q8r2g3p4y3x7s2pv587fwdnukye,16529806511554527269,16.529807,0,0.000000,16529806511554527269,16.529807,1,1
374,genesis1488kv08va80uyw3rqm03dxapmgak6mx4qlj974,16495420402292870557,16.495420,14996017740001459330,14.996018,31491438142294329887,31.491438,1,2
375,genesis1rjtppfzq5t0c0zc5uc8n9an45xpqamg2fj6zkl,16489001747886884212,16.489002,0,0.000000,16489001747886884212,16.489002,1,1
376,genesis1gdglhw3drn3sdlpz5gwlt2tcwdcd2pf654h0kd,16474564872753761692,16.474565,0,0.000000,16474564872753761692,16.474565,1,1
377,genesis1fu6splgnv2zk8zz2wu6hsxgtfexu6w3gmkj2vg,16451212895166659315,16.451213,0,0.000000,16451212895166659315,16.451213,1,1
378,genesis10ujj0xx8fcqwsnrfkprjnhvu4g2x230uyh92ln,16449046738508562065,16.449047,0,0.000000,16449046738508562065,16.449047,1,1
379,genesis10d4ycemhjx56dgz4j5getz4y2a5dfk8wf2ssj7,16447731372880460509,16.447731,0,0.000000,16447731372880460509,16.447731,1,1
380,genesis1msf7xjex6d5zal93cx7u6rjeapy8ruvtlvuwh7,16446878152941067255,16.446878,0,0.000000,16446878152941067255,16.446878,1,1
381,genesis15nvm2vqq8xm5c8x4q26sd2pzxe8xhjg2atr5x9,16438938920379721183,16.438939,0,0.000000,16438938920379721183,16.438939,1,1
382,genesis1gtwh0de9s7zzkr29mkh7ugycrr2hsdksphhww3,16438838536172547629,16.438839,0,0.000000,16438838536172547629,16.438839,1,1
383,genesis1u05jk48xh38lnz7rv8st4z9yejvchn22wlvdaf,16437460413512376963,16.437460,0,0.000000,16437460413512376963,16.437460,1,1
384,genesis1ld4lndjmrpjlq7ktq6yhe5f5qyf9hhc0xwpyp4,16437452610682420927,16.437453,0,0.000000,16437452610682420927,16.437453,1,1
385,genesis1f79v6wqh5p6akq4pgp4gyft800usuxe862w905,16432516836338233929,16.432517,0,0.000000,16432516836338233929,16.432517,1,1
386,genesis1yp5c27wuyw43hxn6m7xgeu2n0e36c5jmtjyvgf,16423097507225305136,16.423098,0,0.000000,16423097507225305136,16.423098,1,1
387,genesis1jly3n8j4afnwvvz6f8chmdvu0xe8vmzgp4s5pv,16410736210486001608,16.410736,0,0.000000,16410736210486001608,16.410736,1,1
388,genesis1exfa76mwk5893pd5m0yuzgzl6xx3q0dy50cglu,16410566367949049587,16.410566,0,0.000000,16410566367949049587,16.410566,1,1
389,genesis19ecxrrsr3qrjzgncdlvqclkxz707ta5chf6mw7,16410394803979550543,16.410395,0,0.000000,16410394803979550543,16.410395,1,1
390,genesis180vkqvqllngz6sh9tgsagzwrh5d6xxmcvnt44x,16409397820524722490,16.409398,0,0.000000,16409397820524722490,16.409398,1,1
391,genesis1f5aa0xaz4jkwun4pdxadkf98sdc4fhk0tvn5vm,16404897707568592725,16.404898,0,0.000000,16404897707568592725,16.404898,1,1
392,genesis1clxyls0urvyt5j8xafhw3vnmyymhdvsawsd5tf,16400851312776388733,16.400851,0,0.000000,16400851312776388733,16.400851,1,1
393,genesis17um7sz9ap29vtkn0xz8ll38qcq8jhrufq9f97y,16394925190094212172,16.394925,0,0.000000,16394925190094212172,16.394925,1,1
394,genesis1qkhfl2x79f5u8deuu4656acmghq836ljj6x37t,16391386693996375533,16.391387,0,0.000000,16391386693996375533,16.391387,1,1
395,genesis14n0rruq3mfv82urg239unwp0xlfs6klsnt8q4l,16384279797640536394,16.384280,0,0.000000,16384279797640536394,16.384280,1,1
396,genesis12n2tc8dc6p06fr4ydex47qadx8d9afz9usxkrv,16384251549189281756,16.384252,0,0.000000,16384251549189281756,16.384252,1,1
397,genesis10k2vwj3a9ymc9wafpntvpfpz7vjktfgpkknwjx,16383585909700287357,16.383586,0,0.000000,16383585909700287357,16.383586,1,1
398,genesis1wd6qfp04k4f9ntds0v2rgwqlalmsp4hgk3jwkp,16383062940836487950,16.383063,0,0.000000,16383062940836487950,16.383063,1,1
399,genesis1m4znencqn9qnq3rw4xyaa3mvpjs9pkp0p0yw5u,16383061657631306977,16.383062,0,0.000000,16383061657631306977,16.383062,1,1
400,genesis1v50vegaauc7vnpkcwj3wladq3c70gldw0vs0t2,16383027942070569992,16.383028,0,0.000000,16383027942070569992,16.383028,1,1
401,genesis1vxeq4gmx2uzkt8gpaptu79k7meug9e84c5rpd4,16383003006653143544,16.383003,0,0.000000,16383003006653143544,16.383003,1,1
402,genesis1ctgmh9dlnxdcr3n3ax448fw7yh269xvtglms6a,16382854646182763022,16.382855,0,0.000000,16382854646182763022,16.382855,1,1
403,genesis1v6ll5ny3vtwym5evmcdz2nrvxaj00wssl24r9m,16382845676095781597,16.382846,0,0.000000,16382845676095781597,16.382846,1,1
404,genesis1unnm9jnagphxhj2lawrhmfd3urgwvllueqnwp4,16382838125183863347,16.382838,0,0.000000,16382838125183863347,16.382838,1,1
405,genesis15acqdaxfxkwmx69gvyckd9ymrkf3xp84yrmkxg,16382823005829076644,16.382823,0,0.000000,16382823005829076644,16.382823,1,1
406,genesis1xw4hsqxkzcw2j9s8wmv0mxcjh55ntyx7hfndar,16382764200946164295,16.382764,0,0.000000,16382764200946164295,16.382764,1,1
407,genesis15l3sx8zrewy6v7z3q23snalzktnnwrd77emvum,16382754804093405561,16.382755,0,0.000000,16382754804093405561,16.382755,1,1
408,genesis1egwp44tqsmju3n7084a2e692cygfwc7tejgmk7,16382726970258317476,16.382727,0,0.000000,16382726970258317476,16.382727,1,1
409,genesis1cme84qjtve8054exlxp3yxq92q3336zmth60kw,16382714655763033025,16.382715,0,0.000000,16382714655763033025,16.382715,1,1
410,genesis1nu6kj2tc7s3h4zkrryw6437trvz7huhzexuxvn,16382709260015342244,16.382709,0,0.000000,16382709260015342244,16.382709,1,1
411,genesis1yk2c3hasjmnvl40906c7k2ekvfmanz7xyc0dzj,16382703148315689185,16.382703,0,0.000000,16382703148315689185,16.382703,1,1
412,genesis1fud892vdwssuemgs2ggdzat3vtrv6gyp5ps5eq,16382688475072361745,16.382688,0,0.000000,16382688475072361745,16.382688,1,1
413,genesis1tsk4n9ynsjjr0qudqsxhytzywmeaeqhyqd79ug,16382683109498982033,16.382683,0,0.000000,16382683109498982033,16.382683,1,1
414,genesis1sygx4qcrf9aw90xuhwc4n2d4muhk9d38erg8tf,16382673500173702768,16.382674,0,0.000000,16382673500173702768,16.382674,1,1
415,genesis1qu3mutwy8q5p9jncszwf8rafg0d5wrxu0w7uw0,16382643133233480517,16.382643,0,0.000000,16382643133233480517,16.382643,1,1
416,genesis162xm7pgl5sscsugt6v5kt3a354g8us0jf44p28,16382640917626750330,16.382641,0,0.000000,16382640917626750330,16.382641,1,1
417,genesis1pvjql9u9gm9p5p8rlapls4j3mutf55jd6zne5p,16382612991568694655,16.382613,0,0.000000,16382612991568694655,16.382613,1,1
418,genesis1k4ppkeuggv73rjfwufgrn0j338h5t80ys56jsz,16382612131964001104,16.382612,0,0.000000,16382612131964001104,16.382612,1,1
419,genesis1drzsj49d5st6jvp70nk0c2e9v5j3vrxxdr646u,16382585126294559808,16.382585,0,0.000000,16382585126294559808,16.382585,1,1
420,genesis1sc9h4dlftwqv82utj52xfgrv0xevuwngrylg0h,16380573666592743849,16.380574,0,0.000000,16380573666592743849,16.380574,1,2
421,genesis1s89e66pxcj2vgxvn0quzcm4npws9esk8ssr8zr,16376632318183259462,16.376632,0,0.000000,16376632318183259462,16.376632,1,1
422,genesis1umkqazkpcmc7clupt8lp2cg9lexkh56fv6h0e4,16374843890482267758,16.374844,0,0.000000,16374843890482267758,16.374844,1,1
423,genesis14z5d7fjsk5vmwztkqtu8zz4dly4uuyc7yf2d9l,16372129875348463935,16.372130,0,0.000000,16372129875348463935,16.372130,1,1
424,genesis1m9veyqxqccw3jxkheg45rnmv9weyfdq9g5utcn,16358336721102734390,16.358337,0,0.000000,16358336721102734390,16.358337,1,1
425,genesis1kt09t9vwhrmdqd8nftx52znx2523z8hfm722kw,16358306516589795725,16.358307,0,0.000000,16358306516589795725,16.358307,1,1
426,genesis106vd5zcdljl6smxrx2kztjf92svw3trfgzxzcy,16358228935742081916,16.358229,0,0.000000,16358228935742081916,16.358229,1,1
427,genesis10l5wc0302t5rl3supp7km467skz0k4a5g7kvfn,16345646374606415100,16.345646,0,0.000000,16345646374606415100,16.345646,1,1
428,genesis1mx9hsxh4jnj90n5awl2pl2aey9ztplqalrslt5,16343999754879255798,16.344000,0,0.000000,16343999754879255798,16.344000,1,1
429,genesis1ydv0mu68752ttehle75flrpglgaquk8053rme5,16343910603155753515,16.343911,0,0.000000,16343910603155753515,16.343911,1,1
430,genesis1ce3uxwdn86anrwzq89t4ugvrtzu0a53c80detx,16337835170357068207,16.337835,0,0.000000,16337835170357068207,16.337835,1,1
431,genesis10u8c8kemnmp6smxqak40dhsf2z3uuyravu5k5y,16337770202420818180,16.337770,0,0.000000,16337770202420818180,16.337770,1,1
432,genesis1rkfwwydm4zwm436m4m86dqpkfps3qxpq465h73,16337749452689042264,16.337749,0,0.000000,16337749452689042264,16.337749,1,1
433,genesis18tmkvruqsz3xjwzsh94yjr2jrnl8v7scn2mptf,16337725848651978211,16.337726,0,0.000000,16337725848651978211,16.337726,1,1
434,genesis1ur5snkc2xk9h6tndahdad0mcxvhzhxuu25d0rh,16337479545132463209,16.337480,0,0.000000,16337479545132463209,16.337480,1,1
435,genesis10lp0ehzrmf3gq2vjumk4vw452u44tjhygehvp8,16336858469374803810,16.336858,0,0.000000,16336858469374803810,16.336858,1,4
436,genesis153waxkf8z5k9jck0uy343gwrgwufu6z06p9j20,16335359320511132525,16.335359,0,0.000000,16335359320511132525,16.335359,1,3
437,genesis1fyayd4v5585w35x0gp979c9w73jr99s0tjfut8,16318485290977573221,16.318485,0,0.000000,16318485290977573221,16.318485,1,1
438,genesis182dudq2zyucgrax5uk6tws0mxne7zv396aq6gy,16309370902885400157,16.309371,0,0.000000,16309370902885400157,16.309371,2,2
439,genesis1k8yl233fy4d73v7j3wpw4uyh4qungfsf8nwtkt,16306620051726326645,16.306620,0,0.000000,16306620051726326645,16.306620,1,2
440,genesis1tnyrxmdk6jtw8vqsq74z8t8y562mgcf70upurq,16293343562068041021,16.293344,0,0.000000,16293343562068041021,16.293344,2,4
441,genesis1sf92chauwc7tjvvf5jru0cglglk0h0u5vdq6st,16278438087240266860,16.278438,0,0.000000,16278438087240266860,16.278438,1,1
442,genesis1alhj9jujcnxl7qqyqyysgjvfz4cqu5k94x0dxe,16278221685161882631,16.278222,0,0.000000,16278221685161882631,16.278222,1,1
443,genesis1k0y3gz36knu25tc57svgxwvp6fypzku5xhsmhh,16278148673384663553,16.278149,0,0.000000,16278148673384663553,16.278149,1,1
444,genesis198u54gttp4ecwmg4putuvz379at7vxfnqp59vn,16272152469081765914,16.272152,0,0.000000,16272152469081765914,16.272152,1,1
445,genesis1nee2ds5dyzeygwjy78zhg4aqylw7f7sh87h2qv,16264000709312184569,16.264001,0,0.000000,16264000709312184569,16.264001,1,1
446,genesis14qqrkf2mntajf72jycxe9j56an27w9dj776mej,16260052763763215818,16.260053,0,0.000000,16260052763763215818,16.260053,1,1
447,genesis1jyene5r8pvq0rpqlvn2ukqc5huacxpyuj8c6ck,16244797611163171548,16.244798,0,0.000000,16244797611163171548,16.244798,1,1
448,genesis1udhu5pqz3uchlxlvxrcpg6lxdzh3pp6qwncn6r,16239015254375800647,16.239015,0,0.000000,16239015254375800647,16.239015,1,1
449,genesis1t9w2fw6czj4y3qlegmdkkhjdq26suhn42quqes,16233778407857416696,16.233778,0,0.000000,16233778407857416696,16.233778,1,1
450,genesis1dws8l8uvupju9x7j74mznutu8myxg3dw2uskg6,16233606453390259773,16.233606,0,0.000000,16233606453390259773,16.233606,1,1
451,genesis1grh0k6pmjp4a6c5y39aj7nhf3g827g4awp0s0n,16232967658683512268,16.232968,0,0.000000,16232967658683512268,16.232968,1,1
452,genesis1u39utfnju7v0lfal6fcj0mmpdlhcxv9my9jl2z,16218606600496073294,16.218607,0,0.000000,16218606600496073294,16.218607,1,1
453,genesis1cjtts29dxh9tm605gqevqgfqrpvpvqv7cd5f6m,16208716286345915997,16.208716,0,0.000000,16208716286345915997,16.208716,1,1
454,genesis16wf7njyt5hrda65cjesg3yw5r9s3z64kquryuy,16207833885963780795,16.207834,0,0.000000,16207833885963780795,16.207834,1,1
455,genesis1ghw2gq6eawg007g2pc3fmqwgktm2jvcy9masu3,16206920681672198512,16.206921,0,0.000000,16206920681672198512,16.206921,1,3
456,genesis1esdmx8r4akyx87ua0kzv2fzl7n7vlcc58m5ahk,16183948817513727780,16.183949,0,0.000000,16183948817513727780,16.183949,1,1
457,genesis1s2m8vhcw38gw7h8vmtkd4cwc9l5yxn057whrrc,16183938165356219397,16.183938,0,0.000000,16183938165356219397,16.183938,1,1
458,genesis18c9vnrw936negw2wm6sejtcd8jn485pumcm8ec,16183785065477007148,16.183785,0,0.000000,16183785065477007148,16.183785,1,1
459,genesis1xwzd7g2jyumxefkcn7j2tp969t4vfae5f9d8my,16176037313424033749,16.176037,0,0.000000,16176037313424033749,16.176037,1,1
460,genesis1gd9sm390q497zedf36e5d0dmkzyf5h4ngcsemv,16176032115971222066,16.176032,0,0.000000,16176032115971222066,16.176032,1,1
461,genesis1nq3nxjcht70jdquj9l2lyhzdn6t0690f5rsn8h,16175843711720329098,16.175844,0,0.000000,16175843711720329098,16.175844,1,1
462,genesis1lm7yzc4q6gvk40s2pf5ps47lp6v80zuurke733,16175824794342713124,16.175825,0,0.000000,16175824794342713124,16.175825,1,1
463,genesis162a42ted6cphkcta5tzwuk2lqvqzsfvsfpzsfp,16171884857241611329,16.171885,0,0.000000,16171884857241611329,16.171885,1,1
464,genesis1vuwy553khm9jxmugh8kfscwqr7w4v86zne72uq,16165367357523522616,16.165367,0,0.000000,16165367357523522616,16.165367,1,1
465,genesis1v40x3hnsd7mg3lgv4vh49mhcqlrmc4f69kllss,16158973442292052007,16.158973,0,0.000000,16158973442292052007,16.158973,1,1
466,genesis1a5wtevqew0y3880sp6w7lgtu90m3ts38mw5gzq,16155983731235610772,16.155984,0,0.000000,16155983731235610772,16.155984,1,1
467,genesis1e6gqcrlhl3zfpku9lqfyv5zwfvr0hde86vh3yw,16128788084691108876,16.128788,0,0.000000,16128788084691108876,16.128788,1,1
468,genesis1cu5fc0l3ekgpeusystuf32s8yq24csyls08ky5,16122769750936017768,16.122770,0,0.000000,16122769750936017768,16.122770,1,1
469,genesis10cauud6pkfdjr4yc3at8mprx2vs6svvutt3y3r,16120174143956890381,16.120174,0,0.000000,16120174143956890381,16.120174,1,1
470,genesis1n65f67c9w8pmnaj26p6yyqkfsu79qad6089v28,16119373331676350432,16.119373,0,0.000000,16119373331676350432,16.119373,1,1
471,genesis1jx3llqqx2ede905s77fy5ew7zecpej0myhjndt,16119273148631086188,16.119273,0,0.000000,16119273148631086188,16.119273,1,1
472,genesis1a3xfp4qgmec59g5ndtpfwq0recfh859yhszxwj,16118790140747893038,16.118790,0,0.000000,16118790140747893038,16.118790,1,1
473,genesis1mtdk822muvl9d3609eupsp3uapcvhptvp4ku27,16118603108391723719,16.118603,0,0.000000,16118603108391723719,16.118603,1,1
474,genesis19asak7evn2pdnuuvy625nj23q06slxh2uv35fr,16118395634557265233,16.118396,0,0.000000,16118395634557265233,16.118396,1,1
475,genesis13wflcma6dghlakgjzp2esjngspzu9ajkrauwqf,16113949259054506610,16.113949,0,0.000000,16113949259054506610,16.113949,1,1
476,genesis19aevtn8ftp0tyymwsdtgpd3tscfzuajpa79rey,16093977722601759488,16.093978,0,0.000000,16093977722601759488,16.093978,1,1
477,genesis1d42swcgrfkqf6gtzk96hyt8cjet4s3kknt7klx,16093922381017975497,16.093922,0,0.000000,16093922381017975497,16.093922,1,1
478,genesis1xtw4ku0y3etez99k55hk6f2zjaxy8mvu369w9m,16093525029539995890,16.093525,0,0.000000,16093525029539995890,16.093525,1,1
479,genesis1xdgcvqnpd5yj3z7zrnr56ymhs2m5nmajqedmls,16090003662747140401,16.090004,0,0.000000,16090003662747140401,16.090004,1,1
480,genesis1esskfaykw6jmykyr2t709mpkyxe0w0gjfh2nqm,16088882204475741505,16.088882,0,0.000000,16088882204475741505,16.088882,1,1
481,genesis18a7g8rxvyvfnuu42rjyyr5kp2lztfqg2vyg6mc,16088503240329655580,16.088503,0,0.000000,16088503240329655580,16.088503,1,1
482,genesis195n2sm978q8aj2zslsx3a7clu8rezkckz477f3,16070685725631551880,16.070686,0,0.000000,16070685725631551880,16.070686,1,1
483,genesis15622cetzspfzscszqvq4360ueqc367gp3tu97l,16048243132797279885,16.048243,0,0.000000,16048243132797279885,16.048243,1,1
484,genesis192f3epa9wq9v4zl3n2u3ux7v3z57mt4mgwghx5,16031837839751677872,16.031838,0,0.000000,16031837839751677872,16.031838,1,1
485,genesis1az0f6dhncud2ku4smyp0vz38fyhgtd4jhyejvu,16023534586450751066,16.023535,0,0.000000,16023534586450751066,16.023535,1,1
486,genesis12g9tv7kzg06nx28szkvp7ud5jywpqv9scf6eyt,16006357387805929921,16.006357,0,0.000000,16006357387805929921,16.006357,1,3
487,genesis1l9mpjnr8ycl7yhy6fl9t8dwrgzdya5l8mpx44t,15999999999999999999,16.000000,10726541914934718,0.010727,16010726541914934717,16.010727,1,3
488,genesis1j8934xvzeqj8uw7zt45cenxcn4udwd4kdxxe9s,15985045433471810668,15.985045,0,0.000000,15985045433471810668,15.985045,1,1
489,genesis1tp63hd67kcg6zcvpn87mj58z59hr6suwea63n6,15970248216556185199,15.970248,0,0.000000,15970248216556185199,15.970248,1,3
490,genesis1l9cemfh5cw0vgz2rvmym77v2key7x3andapp8q,15905776253841022647,15.905776,9126548443833289,0.009127,15914902802284855936,15.914903,1,2
491,genesis1d8hqrj8saengp0734ha8zhzsr2az8a9eku0emz,15898410009447653475,15.898410,0,0.000000,15898410009447653475,15.898410,1,1
492,genesis1696efnv3ysn7dflu6v72pzprq6sszupyvk8zqn,15898410005763367954,15.898410,88991100066132177279,88.991100,104889510071895545233,104.889510,1,4
493,genesis1uf4uwkeneagg65yxn8dx7qf4d69nsegsapetge,15898328931298094612,15.898329,23363487397984471220,23.363487,39261816329282565832,39.261816,4,10
494,genesis1puksptsuluaw4az63ereu7grgxy6trkahd7lzx,15892961344195334288,15.892961,4999000050526564777,4.999000,20891961394721899065,20.891961,3,4
495,genesis1dspn49gsl5yx23ad4q5l5zrgn0hzr2fwel3ee8,15873207021476476420,15.873207,0,0.000000,15873207021476476420,15.873207,1,1
496,genesis1xaaxw8xzyxh6cflqd4g2xqmypsa4x8hzf4vnpl,15858274708137451664,15.858275,0,0.000000,15858274708137451664,15.858275,1,1
497,genesis1mm98tuy9d5hvrp6l3gpku0ref5eys8g9snq9dp,15852510969943505250,15.852511,0,0.000000,15852510969943505250,15.852511,1,1
498,genesis1n5v4fvyv8mlxwdyhvjs6r3kdtxk5wyu6fnt2dn,15822255974062410427,15.822256,0,0.000000,15822255974062410427,15.822256,1,1
499,genesis13vn7ja2rtlyjc3raddecgfauwpsq9tplkgcvty,15817794779335942979,15.817795,0,0.000000,15817794779335942979,15.817795,1,1
500,genesis1xtf8t3t7ths43yk6fwu57zyk6m5uj8gzvwmeup,15817156161981704878,15.817156,0,0.000000,15817156161981704878,15.817156,1,1
501,genesis197dq6ehzafs7vqwa73yhewyktg3xt4ucthrdrl,15814502796640624162,15.814503,79145649808333,0.000079,15814581942290432495,15.814582,1,2
502,genesis132tek6px39d2zj0fgwxfsrsna7d6wzjafzqxm8,15806230517810098457,15.806231,0,0.000000,15806230517810098457,15.806231,1,1
503,genesis1qm8ttsqm99uucnjqg7h2qzlrl6rxcay7004ac8,15799000002945155732,15.799000,0,0.000000,15799000002945155732,15.799000,2,2
504,genesis1j9vwmtdkg2q9l94hvcmpen2pk72mptrevw7emt,15796642141523547823,15.796642,0,0.000000,15796642141523547823,15.796642,1,1
505,genesis18k0wh2n2lqxp85h9rrp2qufuyt3etspd4hzp3h,15786585610172061947,15.786586,0,0.000000,15786585610172061947,15.786586,1,1
506,genesis1avwfewuxs0ske4nlg7800lmwksjgtqtqvgd8e7,15781882140072546025,15.781882,0,0.000000,15781882140072546025,15.781882,1,1
507,genesis1c3zydmjgjy0ch6p3qgc0phwdjhkvu6sfvc7tav,15781362612197345215,15.781363,0,0.000000,15781362612197345215,15.781363,1,1
508,genesis1tr6najckswy2krca8ju7tqyamelcrmqz6j8htk,15760028067602084960,15.760028,0,0.000000,15760028067602084960,15.760028,1,1
509,genesis18ur3erlv4w03x8k2lfzzuys85uq696hetnlfl2,15744867387964957186,15.744867,0,0.000000,15744867387964957186,15.744867,1,1
510,genesis193rzkz9kkq54n57jfuj26vpgcv4tskq6axrlkg,15725932438598955881,15.725932,0,0.000000,15725932438598955881,15.725932,1,3
511,genesis15r675pn9wccz66w66p7aqj82w2etg6m7lxraf9,15725108588765762924,15.725109,0,0.000000,15725108588765762924,15.725109,1,1
512,genesis1ppxf2pac3y95fa9w08qg4yayg4a9vsmqt2we90,15721908155730505869,15.721908,0,0.000000,15721908155730505869,15.721908,1,1
513,genesis14dufh2s6fnqg7xplexe3u2vqt6s9lchuyd2kcu,15708852869389962879,15.708853,0,0.000000,15708852869389962879,15.708853,2,3
514,genesis1n06lsnr4dy99dfufvh0e3cnzljwqslcvfyc43z,15708791458285900536,15.708791,0,0.000000,15708791458285900536,15.708791,2,3
515,genesis1jzcdchuaft92tdgccrmewdwxsqwsfhrglcyukr,15689010140586123047,15.689010,0,0.000000,15689010140586123047,15.689010,1,2
516,genesis1gf745ghez80h7j2v3zks3aayzw8nys8m5wur44,15687763878527589671,15.687764,0,0.000000,15687763878527589671,15.687764,1,1
517,genesis19druaq2ff3fjrvujnaxwf63krsrwhghzdfaxft,15646029480179632958,15.646029,0,0.000000,15646029480179632958,15.646029,1,1
518,genesis1xpmpusnfk9qdrfpupnmjjyfatkqqz47sphmh09,15632040923907758560,15.632041,0,0.000000,15632040923907758560,15.632041,1,2
519,genesis1fwdj3p3l2l5tgfwgymg9suc44cks2fv83sg4m5,15615710922941710487,15.615711,0,0.000000,15615710922941710487,15.615711,1,1
520,genesis1r9yk3fqj8744shyk2sgaz48ypp6mt6clwel49w,15608207430787346530,15.608207,0,0.000000,15608207430787346530,15.608207,1,1
521,genesis1hr7tz3qvyhlpghtyfxdlwrfkw5zcjkxncymfw5,15597180130953133534,15.597180,0,0.000000,15597180130953133534,15.597180,1,1
522,genesis1u9mfkgz8en04gry2vfr4uu4mwhf256qw65uxrj,15555176858715409775,15.555177,0,0.000000,15555176858715409775,15.555177,1,1
523,genesis1ttcsq7lwur858zcpnn07m47045at0tagkx8p7p,15546943303116322093,15.546943,0,0.000000,15546943303116322093,15.546943,1,1
524,genesis1rns4tg39ses696js09w7tvp33m54dfdpvaghpx,15510750120201153205,15.510750,0,0.000000,15510750120201153205,15.510750,1,1
525,genesis1rfkl93vn6xd9h3fxm5s4u85x0q8fq6eeax38e0,15509644268211518445,15.509644,0,0.000000,15509644268211518445,15.509644,1,1
526,genesis15r8geq4vmld7mjfldtwnj7k87dld9rr6wceeql,15507360194231949634,15.507360,0,0.000000,15507360194231949634,15.507360,1,1
527,genesis1vmy55vygqs3z0ktypsxzg9d9pzmgtdlsqljt4f,15507331437935342426,15.507331,0,0.000000,15507331437935342426,15.507331,1,1
528,genesis19rj37c27tpvcxcksjxptfat0tjk49ay6xansak,15484823283620580686,15.484823,0,0.000000,15484823283620580686,15.484823,2,3
529,genesis1v8n9lz8vyln2tm82e4clau07yfjtk0n3atj0pz,15435285392700712978,15.435285,0,0.000000,15435285392700712978,15.435285,1,1
530,genesis16v4kqtefka4z04x3tm7chejna8vpk7atlp8wc5,15405684268341746518,15.405684,0,0.000000,15405684268341746518,15.405684,1,1
531,genesis1ccrdkhte283h0s9kqd2uydelh6k2n8mze6lqqh,15405602941485333159,15.405603,0,0.000000,15405602941485333159,15.405603,1,1
532,genesis14s978mkpyy2kz2zjrzqewp0es3g08uacjhg4q7,15405552395372662233,15.405552,0,0.000000,15405552395372662233,15.405552,1,1
533,genesis102xsmcfk73mfge5h6yxqj63jl63u9t7hxnvwsl,15405509195694331342,15.405509,0,0.000000,15405509195694331342,15.405509,1,1
534,genesis1py0kuqlnwl0v3f9qalhyhq3wqgmqthqy3r2ss9,15405420162220213471,15.405420,0,0.000000,15405420162220213471,15.405420,1,1
535,genesis1j7tcjdf7vf2l6xuksmkgawzvge3v2m7dlfcmmr,15386486920265491363,15.386487,0,0.000000,15386486920265491363,15.386487,1,1
536,genesis1xzwefqt6eazvz6027de3q4y4ws6dq7ufdr67d3,15386370617664020535,15.386371,0,0.000000,15386370617664020535,15.386371,1,1
537,genesis16evwm2pvj8s0g7lxy0us9ahgr2j0pdg7tc052t,15374875364763533164,15.374875,0,0.000000,15374875364763533164,15.374875,1,1
538,genesis15j7g66x5y99d9kjs0zvkvejgyhpgfaelmmk7s8,15374020108878331749,15.374020,0,0.000000,15374020108878331749,15.374020,1,1
539,genesis1wf8jqnqlyuffrn49qt66dgllv0jdt477vclxrf,15364545373258542528,15.364545,0,0.000000,15364545373258542528,15.364545,1,1
540,genesis1ceeqym2q878ek9337a5m7dp724cap00npt325g,15357495640719178851,15.357496,20994459085629832940,20.994459,36351954726349011791,36.351955,1,2
541,genesis1cahdv53ld6ealkunzhjyzps9u7t7ywakl5mx9d,15352284811423551924,15.352285,0,0.000000,15352284811423551924,15.352285,1,1
542,genesis19djjgrfcf6l59plnajrts0w0nkhjurjuncmhxs,15352176391635154701,15.352176,0,0.000000,15352176391635154701,15.352176,1,1
543,genesis1flwlwzy9jzvnugp4qalnt4mlqam9caznq2wgxc,15351297230689341035,15.351297,0,0.000000,15351297230689341035,15.351297,1,1
544,genesis15q67d5a3alrx4unh3qm57v45s52xrxf0k4ph5u,15336101491092846016,15.336101,0,0.000000,15336101491092846016,15.336101,1,1
545,genesis1ntveuqx0qdze80u0w4kxtl5rvpp8gfla0j7u63,15336069079924792886,15.336069,0,0.000000,15336069079924792886,15.336069,1,1
546,genesis1868rq7gnjj9admxw0tfe4d4tvmwesxy9zqya33,15333704739155623561,15.333705,0,0.000000,15333704739155623561,15.333705,1,1
547,genesis1agnxvdcd0rl5zf8j4u4ggdztmqjqh0huuh8g84,15299999999999999999,15.300000,10819925202708893,0.010820,15310819925202708892,15.310820,1,2
548,genesis1a0mpc450hju53p4wu73pn752z036h6sej055uw,15288449012620047834,15.288449,0,0.000000,15288449012620047834,15.288449,1,1
549,genesis1xhtyq2pe5ugp5dm22j7zr3guw93yyd5my7jw83,15288410375038579655,15.288410,0,0.000000,15288410375038579655,15.288410,1,1
550,genesis1xh8fufeackvmjutn7la8fzqv4jc4xvs70kat87,15288297698417962588,15.288298,0,0.000000,15288297698417962588,15.288298,1,1
551,genesis1dfncqu0rs4jceek5y9rhcer44kpyhhmwwd3pze,15288242675986309826,15.288243,0,0.000000,15288242675986309826,15.288243,1,1
552,genesis1d00x47l3uhc8nw05z60fxckuye5nkvg6k636g5,15288114305950515255,15.288114,0,0.000000,15288114305950515255,15.288114,1,1
553,genesis1urss7mwznwrp9dl9adklwuyyhvzejkgp3akg93,15288104669464936269,15.288105,0,0.000000,15288104669464936269,15.288105,1,1
554,genesis1h749jnlxxrvmuqkyxwvxyn5ckmmvfgsdhg4p69,15288097129366968038,15.288097,0,0.000000,15288097129366968038,15.288097,1,1
555,genesis1qweeuzr56aq5y7mq7kde5ytva0pm92rpc69alz,15288024623182626009,15.288025,0,0.000000,15288024623182626009,15.288025,1,1
556,genesis16m07t0wagnzcsavyzvwrzgt7632k5y0yff7rt6,15287992574771299081,15.287993,0,0.000000,15287992574771299081,15.287993,1,1
557,genesis1f6rdysujvmw2zkq2zu6y3p2955sdaljwfw8v9t,15287908414151113052,15.287908,0,0.000000,15287908414151113052,15.287908,1,1
558,genesis12heeg3pfctry43ezw39f3pm7kxwnwr2apamsls,15287898633328070466,15.287899,0,0.000000,15287898633328070466,15.287899,1,1
559,genesis1nz74cavj060g2v22n3rttwv5yq38f299u70zsl,15273553177314833284,15.273553,0,0.000000,15273553177314833284,15.273553,1,1
560,genesis1j8lue58fxcjyucxwfqnn9ut5w6vcd9jy4mt5me,15244409840321920046,15.244410,0,0.000000,15244409840321920046,15.244410,1,1
561,genesis1fyjlxhznnjpc72dllrda6l6sqzda8uzyn3ycj0,15243206310335883647,15.243206,0,0.000000,15243206310335883647,15.243206,1,1
562,genesis1aqcyjufnwruuagkjekckmdd5sh09y036n3f2v5,15243164403350209527,15.243164,0,0.000000,15243164403350209527,15.243164,1,1
563,genesis187xw90t4jxu8xtnswknytnlvgs5cxmueee53m0,15243142434348871441,15.243142,0,0.000000,15243142434348871441,15.243142,1,1
564,genesis1f6urkc6qcqevc7kdhsnz6dlfvfl5ygs9kgldax,15243098735009517422,15.243099,0,0.000000,15243098735009517422,15.243099,1,1
565,genesis1ckquhjwvjwt8pnzuqw6csjsdf7hpm788k8awtu,15243094300680945120,15.243094,0,0.000000,15243094300680945120,15.243094,1,1
566,genesis1cewtwz5sdnh2gww4rdwczmekn23x6p600m6ava,15243062890759396400,15.243063,0,0.000000,15243062890759396400,15.243063,1,1
567,genesis1cnl2se5x77yzr3r7n5n4z786r8rxk770th8ky3,15243061661213424006,15.243062,0,0.000000,15243061661213424006,15.243062,1,1
568,genesis1a658zyx8q77xxvq9lygrpycwa6xtrq95cnlt7e,15243051708542722529,15.243052,0,0.000000,15243051708542722529,15.243052,1,1
569,genesis17jdwux4xlvekdn3kyfcvu9sfyyyncx0ats94p3,15243007235463250694,15.243007,0,0.000000,15243007235463250694,15.243007,1,1
570,genesis1s9vyywg7389d6llepwpte6zcm5j7r94xwcn0vq,15242991015866085886,15.242991,0,0.000000,15242991015866085886,15.242991,1,1
571,genesis1zenhgse05q5ypjnryalempsaewfy0ysyzq6y2u,15242970321961868023,15.242970,0,0.000000,15242970321961868023,15.242970,1,1
572,genesis1hw5plu60g7a98ajcrvy097t7k5fu7ec9dltfzk,15242951353961791152,15.242951,0,0.000000,15242951353961791152,15.242951,1,1
573,genesis1nz6e6sux9vfa2hnasuk4hdkckdwdatapycwv7x,15242940130118550587,15.242940,0,0.000000,15242940130118550587,15.242940,1,1
574,genesis12twnng0skz6f4dusux0at4dc6t4nd3mmnelhm3,15242932614713152498,15.242933,0,0.000000,15242932614713152498,15.242933,1,1
575,genesis1rgrkyyyuc48rpeqf0ra54aqtc7y0hs5vt544wy,15242918034374567375,15.242918,0,0.000000,15242918034374567375,15.242918,1,1
576,genesis1lvz2d9pfuxkl278dzumpxx58a0jasdalrk4u69,15242912313932432731,15.242912,0,0.000000,15242912313932432731,15.242912,1,1
577,genesis18ntffw6tdpa3ugle24ueqjk6uk3je8lqvldst0,15242898300351566954,15.242898,0,0.000000,15242898300351566954,15.242898,1,1
578,genesis1jwal9ljkws93zd9802a5cxuc6933lud7tt64wl,15242866825219190194,15.242867,0,0.000000,15242866825219190194,15.242867,1,1
579,genesis1nv8krned42443x9y0ahtjcp6cy35wr6jfqa3ac,15242849329238643571,15.242849,0,0.000000,15242849329238643571,15.242849,1,1
580,genesis1eey38vu0dnwnnnj6y5pjszmlup5rjg9ccjhwhk,15242845328991304490,15.242845,0,0.000000,15242845328991304490,15.242845,1,1
581,genesis13c8drg4tknu20sudqnuw9wtglff4zsunn96gz6,15242835367338387264,15.242835,0,0.000000,15242835367338387264,15.242835,1,1
582,genesis1pd9tel47fx4lz5uke4csmdpztkdpn57vplrg2q,15242832346148391682,15.242832,0,0.000000,15242832346148391682,15.242832,1,1
583,genesis1mrfg5pq0hh20kfc7vj4wd0c47lje6z5w5zj0kk,15242796647771622273,15.242797,0,0.000000,15242796647771622273,15.242797,1,1
584,genesis1q3hs7c8rplh2udtqyxhmf0aeddxu09gesp9awl,15242774878312312926,15.242775,0,0.000000,15242774878312312926,15.242775,1,1
585,genesis1gvfvxtr75ftyu02cjmcnsu8j5nefas0j0lkhj9,15242770082949166340,15.242770,0,0.000000,15242770082949166340,15.242770,1,1
586,genesis1eawm5z3h7x8wpkv7n3tafade3jez3tkdfs4k4w,15242698486975807827,15.242698,0,0.000000,15242698486975807827,15.242698,1,1
587,genesis1pqvtedz2u98me6sw9gmth7tdu5n6wa4t4vq8mm,15242681798448831941,15.242682,0,0.000000,15242681798448831941,15.242682,1,1
588,genesis1sq2k4nmssecfgp4as8hpe5wxy9k4l4ysf553k6,15242675625697716959,15.242676,0,0.000000,15242675625697716959,15.242676,1,1
589,genesis1yt8ltttg2axkc7x0s8cklqnngzk27yq8uwm0hk,15242626105914127549,15.242626,0,0.000000,15242626105914127549,15.242626,1,1
590,genesis1fr905kpzqpurjnm07dr6t4cy0k7kekwtw0mkg3,15242619352354043993,15.242619,0,0.000000,15242619352354043993,15.242619,1,1
591,genesis10g6vhqxfl6prrnkecszyvxqxlmncfyqmsr77t2,15242614978574721901,15.242615,0,0.000000,15242614978574721901,15.242615,1,1
592,genesis1fmup9j0jvgcmmhlcenyrflg60fyms9ffx7n0j6,15242585228345473030,15.242585,0,0.000000,15242585228345473030,15.242585,1,1
593,genesis1ngtw9wjnp6uwkpc327rs04wjgz8fr3l9p8m7zs,15242565502342351565,15.242566,0,0.000000,15242565502342351565,15.242566,1,1
594,genesis1zx06pf0zzzks8eu6aswr35fc4ulqe6cjjkencv,15242560350512536718,15.242560,0,0.000000,15242560350512536718,15.242560,1,1
595,genesis12a4tax2glh6neuzpc4vygwy8u4fa7kuft36gue,15242554169756936344,15.242554,0,0.000000,15242554169756936344,15.242554,1,1
596,genesis1q83u3khgyxzy696xhzhjnp9tat40hece0q0q4u,15242542923958598490,15.242543,0,0.000000,15242542923958598490,15.242543,1,1
597,genesis1f3kvf97m2jz385uwlmm8jss3g2uljq8k026rea,15225309441543730087,15.225309,0,0.000000,15225309441543730087,15.225309,1,2
598,genesis1lgkh6g26jqr7gcgy3afz0w2m5unxyqv75zsktu,15196327472916185906,15.196327,0,0.000000,15196327472916185906,15.196327,1,1
599,genesis1w8800khamp94n7htclskt0hdlxe9rn8ca9evag,15146311764443959630,15.146312,0,0.000000,15146311764443959630,15.146312,1,1
600,genesis1srr9dplev6nzvsfyjj9vvuskw8jtf4mkhynhfg,15136718403704184138,15.136718,0,0.000000,15136718403704184138,15.136718,1,1
601,genesis1eqz3ucr5z73gjqn5hs3xadr4x7v5t6jursnv0w,15114453846092305304,15.114454,0,0.000000,15114453846092305304,15.114454,1,1
602,genesis1rvue55g3vu7j3nmuc7xpk047we5xqe2cj0nyzy,15096243347370802313,15.096243,0,0.000000,15096243347370802313,15.096243,1,1
603,genesis174xlxtk62lnc8xdrenhn3qezt9tvhzphshmm4m,15066274038323602329,15.066274,0,0.000000,15066274038323602329,15.066274,1,1
604,genesis1vxa0naus99qj2uuhpspvtl6gle0qqp05v7xmh9,15037200016420348771,15.037200,0,0.000000,15037200016420348771,15.037200,1,1
605,genesis1zltat33twv0596lqpztem34ruj7m29x9wfhvf5,15032102676993755890,15.032103,0,0.000000,15032102676993755890,15.032103,1,1
606,genesis1mqvpc388w3sdcsnc3p3xwcydfn69ap4sz2kz6v,15018951748226598375,15.018952,0,0.000000,15018951748226598375,15.018952,1,1
607,genesis16v4tng9axsjd62t8um7n60nuruur8c9acqxh53,15007296664294922237,15.007297,0,0.000000,15007296664294922237,15.007297,1,1
608,genesis10l5q8gtffevgffq5nwtrj8slgrggwk658mya55,15007099136024440225,15.007099,0,0.000000,15007099136024440225,15.007099,1,1
609,genesis1d2lqlzkqsds0sr2u5pxd4ajka4aja7jkxumapn,15000000000000000100,15.000000,0,0.000000,15000000000000000100,15.000000,1,1
610,genesis1xu3exndcrwjy9w6x6zxar224hxwa4s66mj4pce,15000000000000000000,15.000000,0,0.000000,15000000000000000000,15.000000,1,1
611,genesis1wcn4qxa9dny4knad790e5mq8lwmws6s9ux7t2m,14998518390231470199,14.998518,0,0.000000,14998518390231470199,14.998518,1,1
612,genesis14y0k9pjawaukan8g7a7rsxwa0ucj9erdcyr86u,14997500153253380163,14.997500,5899410001285567565,5.899410,20896910154538947728,20.896910,3,4
613,genesis1fdfgyjjdx2xffzctjzgmvpp5spakj8gqh4ylcy,14996388587091655798,14.996389,0,0.000000,14996388587091655798,14.996389,1,1
614,genesis1kztk3t87d0qd33kx3sekpaecnsq2a8dl0jjcj5,14995500452955141164,14.995500,0,0.000000,14995500452955141164,14.995500,1,1
615,genesis1c8yvzr9mh7vln9kcupyds5dlrg6r7q3dkurqaa,14995376287713501450,14.995376,0,0.000000,14995376287713501450,14.995376,1,1
616,genesis17sf97quhvvhljc0eungq6t64h7djte58fvpkmj,14995277802825285455,14.995278,0,0.000000,14995277802825285455,14.995278,1,1
617,genesis19cftk6whsl26tp6mv7p04x32rvuac8gzluasjz,14990502867939879135,14.990503,14994902353807985329,14.994902,29985405221747864464,29.985405,3,9
618,genesis10datnnlcjmrdl37ka0g4u83chvxpfafmfykl2u,14988102096397997336,14.988102,0,0.000000,14988102096397997336,14.988102,2,2
619,genesis1jnc2ldyt8q8sh4zhz6vnxfhdkrzts2tr0e8yks,14987859738651804767,14.987860,0,0.000000,14987859738651804767,14.987860,1,1
620,genesis1nu5jfcwjcwaqxea9m56w2gwnyaugenylf48f7t,14985577056158314439,14.985577,0,0.000000,14985577056158314439,14.985577,1,1
621,genesis1u8j6mvzx0sth8eult7gcqle6acj5tfhe899udv,14980518894254067775,14.980519,0,0.000000,14980518894254067775,14.980519,1,1
622,genesis1x8pt3hdf47fshryalrkvfcu8hzw0tly6zdtfjr,14978584224932046926,14.978584,0,0.000000,14978584224932046926,14.978584,1,1
623,genesis1ze37662fhjlacxeahgjapqhuvhx90hgdftusec,14976750434666467039,14.976750,0,0.000000,14976750434666467039,14.976750,1,1
624,genesis1d7672jq3dswk7drrce9sesjvdlz3ltql4re6q4,14976540486531145135,14.976540,0,0.000000,14976540486531145135,14.976540,1,1
625,genesis177d3gykzxxv4g2rgfehlpw2hnu5mcvyw55ndek,14976225038080476569,14.976225,0,0.000000,14976225038080476569,14.976225,1,1
626,genesis1krt5qzuae7k8npfl9fcpr8j967t57u6ctk788w,14973987000221773759,14.973987,0,0.000000,14973987000221773759,14.973987,1,1
627,genesis1g9ceq73t0s9d2vspy9qdljak2c5lqhp5scapwc,14973799620775857394,14.973800,0,0.000000,14973799620775857394,14.973800,1,1
628,genesis18edr0eyqhrwwsqnazm75fp27wvznrlzsuvujyv,14973771639274657447,14.973772,0,0.000000,14973771639274657447,14.973772,1,1
629,genesis1sj9ky2cnn3lmtn3xejsenxxxevmzclrtx69hhk,14973532076441106432,14.973532,0,0.000000,14973532076441106432,14.973532,1,1
630,genesis1z5zq67l0gyje8stunfq5jczvns4y0zx8zjhnrs,14973094238263635642,14.973094,0,0.000000,14973094238263635642,14.973094,1,1
631,genesis1n46xwqsakuaw422692632zex75rtuczykapmfp,14971726573418682551,14.971727,0,0.000000,14971726573418682551,14.971727,1,1
632,genesis1slvhtsyq3rsuypvzp6mne8qp36re9z3mm5tma9,14969766129765102440,14.969766,0,0.000000,14969766129765102440,14.969766,1,1
633,genesis1qc6l0fgxjpft8uwg2fq7wgp5zp6gfaddqrrzs0,14969704943405242778,14.969705,0,0.000000,14969704943405242778,14.969705,1,1
634,genesis1u6tcz48sqwuvuzkzmmfudlw4tyc4c6f4msh2y6,14967253722415165667,14.967254,0,0.000000,14967253722415165667,14.967254,1,1
635,genesis17znkuqf3axj6qm2v3876st8l6477rwtuzcsmqd,14966081575507058469,14.966082,0,0.000000,14966081575507058469,14.966082,1,1
636,genesis1uzlkcqs7ymrfwhzgg3xnjnekr7x39vewj7fav2,14965975975745105733,14.965976,0,0.000000,14965975975745105733,14.965976,1,1
637,genesis1sn4ezrpk08z9hneany7tymd6qhwpgncllzh6x8,14962097100251925760,14.962097,0,0.000000,14962097100251925760,14.962097,1,1
638,genesis1xh8ydf9rqxtyg7txh56wrcysadk3htflk6s798,14961833054859725561,14.961833,0,0.000000,14961833054859725561,14.961833,1,1
639,genesis14p64qacxvnv4e5e45awe8tgfezfwgmzp4sc56j,14952209337633249299,14.952209,0,0.000000,14952209337633249299,14.952209,1,1
640,genesis1gcafwtsrr3596x7jcslfm7376en8p59uktr335,14951656057832517070,14.951656,0,0.000000,14951656057832517070,14.951656,1,1
641,genesis1cw7hn6y8zn46mt80ns484f8kuk90aq5fj2udsl,14946381797680348934,14.946382,0,0.000000,14946381797680348934,14.946382,1,1
642,genesis13de2f33gh2nk7pghthm3h3hpjx8d2cxjmf3mwa,14942553114317165560,14.942553,0,0.000000,14942553114317165560,14.942553,1,2
643,genesis1tn08fv8mj5kptv894fyp3j9np72vhpk0n4zjye,14940715727691489348,14.940716,0,0.000000,14940715727691489348,14.940716,1,2
644,genesis1ssmeg0jhyr57kwjlt508lgz8jeqsfx85kmf7kx,14939207717262784198,14.939208,0,0.000000,14939207717262784198,14.939208,1,1
645,genesis1848z0nusvku3s5v9vh5kru3g5pla8yelumkvae,14900122878375413642,14.900123,0,0.000000,14900122878375413642,14.900123,1,1
646,genesis14rtuhs53n5v6zzpnrjjs96yymntqtesj32y8x6,14891326292081242258,14.891326,0,0.000000,14891326292081242258,14.891326,1,1
647,genesis1vggdgjjfzk74u597raqedhel0k8t6clg6atn75,14879940318326233178,14.879940,0,0.000000,14879940318326233178,14.879940,1,1
648,genesis17vm08d6wxa4ervq5nendehcrg2wxjcjssev0we,14877988962905835778,14.877989,0,0.000000,14877988962905835778,14.877989,1,1
649,genesis1gu2pa6q43gpjrq5um323alwusfxj47tcnuvv29,14877979558000025047,14.877980,0,0.000000,14877979558000025047,14.877980,1,1
650,genesis1pd5v5cxftwvz73d7upc048ur40j4hjzpksd9sn,14877811542368455768,14.877812,0,0.000000,14877811542368455768,14.877812,1,1
651,genesis1phmg6k3yl6zk3hkkczu7rf86nhd00d90s5pssc,14877718873136030803,14.877719,0,0.000000,14877718873136030803,14.877719,1,1
652,genesis1w8tvfnvgvyx5jfdxsvdwq2pwm5lawwanwez9an,14860909221652977733,14.860909,0,0.000000,14860909221652977733,14.860909,1,1
653,genesis1p2g4wzsv7cu6nlvqm8yvkaw8dx924k83az7tkr,14856465318392407324,14.856465,0,0.000000,14856465318392407324,14.856465,1,1
654,genesis1mw7kwx32z9j8axykqn6xu0pw2yt2jljajzzdls,14843007126005289930,14.843007,0,0.000000,14843007126005289930,14.843007,1,1
655,genesis1dxwmvcqzs724ymuqp88y8t8zeglv4hq0408azc,14842518080135148728,14.842518,0,0.000000,14842518080135148728,14.842518,1,1
656,genesis1h5j3uz2vpc4q769nt2ysvt4qeh7dmfrh72df2j,14827436756945622016,14.827437,100035190356701,0.000100,14827536792135978717,14.827537,1,2
657,genesis13ktddmsu67ewrzxew7gqdkrdwus95y5j6rj5dw,14801216508041330796,14.801217,0,0.000000,14801216508041330796,14.801217,2,2
658,genesis125tl3umwps4ulsnkuwffqnw8mgadnljlcxme3m,14798418652402329412,14.798419,0,0.000000,14798418652402329412,14.798419,1,1
659,genesis1dav972wumanxf7dp743y4s00r720l4j9lxyq35,14789736407825803513,14.789736,0,0.000000,14789736407825803513,14.789736,1,1
660,genesis1eqhexdtptfsgyz0m9efg8s8v5vcmsknxxk6c4m,14775952694966713370,14.775953,0,0.000000,14775952694966713370,14.775953,1,1
661,genesis158yzde8ank70k6gpq4v8jm8hgmtssl024s3t50,14757234479636674841,14.757234,0,0.000000,14757234479636674841,14.757234,1,1
662,genesis1h8fl8r6v8u96hxsnk4l0sysx6sp2syktt6q79u,14751022979629816244,14.751023,0,0.000000,14751022979629816244,14.751023,1,1
663,genesis17peurnyjqd9up8j3xu2wwuvxrjtnqsv6rhnex7,14697547706513554565,14.697548,0,0.000000,14697547706513554565,14.697548,1,1
664,genesis1u73e52tuw50t84cn4rsn90sgcz56etazutee6x,14546214761926783926,14.546215,127,0.000000,14546214761926784053,14.546215,2,3
665,genesis1alhuer5ma9sjquznk52df9u9p5w9atrwumvplf,14532547279208719748,14.532547,0,0.000000,14532547279208719748,14.532547,1,1
666,genesis1vtvcc3g3kn9jfnadvcgk5r3846vwc3ga7gst2q,14500000000000000000,14.500000,0,0.000000,14500000000000000000,14.500000,1,2
667,genesis1gctysa67efud575ch9yg5r3eufd5s0ghxz7j2r,14455242094020138492,14.455242,0,0.000000,14455242094020138492,14.455242,1,2
668,genesis13fdet625555vyttmgrn5lx8dm6famujcnfxcma,14253524055526387658,14.253524,0,0.000000,14253524055526387658,14.253524,1,1
669,genesis1l0r3xfktp446qg9u5zft62v7lwuej09haxfrvt,14209959907249490711,14.209960,0,0.000000,14209959907249490711,14.209960,1,1
670,genesis1eyr4kt7shsllgfslayk3wkruneswkett2rau83,14188581005143534170,14.188581,0,0.000000,14188581005143534170,14.188581,1,1
671,genesis1tqfv625p6ygm768nt4yja7c4v7hfgr3ead3vvd,14106664120164933652,14.106664,0,0.000000,14106664120164933652,14.106664,1,1
672,genesis1ud98uyqrs6yu5xu2m44skmc9dp5pwaxs4n50tx,14028850000891805025,14.028850,0,0.000000,14028850000891805025,14.028850,1,1
673,genesis1n3wt2lg7mf6cry6ukef8da9szcexmetgmqglxy,13999000000775482575,13.999000,0,0.000000,13999000000775482575,13.999000,1,1
674,genesis12mwqeytdm5c8v22e9skjeltw3hql5n9h2r93v4,13998600008318688594,13.998600,39996000018704111765,39.996000,53994600027022800359,53.994600,1,2
675,genesis1wu4tnjpu68cy8s05yc9petm9j7vcecd6z9l5dr,13997500119607512526,13.997500,0,0.000000,13997500119607512526,13.997500,1,1
676,genesis1sj9yvsffrl98tfqrwlh86x9dxfa2d9a84mxrye,13988104520255578465,13.988105,0,0.000000,13988104520255578465,13.988105,1,1
677,genesis1dcqssrspmg9c0xxfkr4quawhtk0ynawls8tgtd,13928818464538209967,13.928818,6073470042148997842,6.073470,20002288506687207809,20.002289,1,2
678,genesis1uzagax6vf0dwzj4hm4wtgfjwat8mvzdrszf4gx,13888274424171304959,13.888274,0,0.000000,13888274424171304959,13.888274,1,1
679,genesis1wv5yz9mkgs24r7p6p0k8k2kafq9zh3z3sd0m7h,13882246996508263534,13.882247,0,0.000000,13882246996508263534,13.882247,1,1
680,genesis1cfyqn2a508l5yfl0ankzef88lra69e5rqg7rg2,13867714723276099355,13.867715,0,0.000000,13867714723276099355,13.867715,1,1
681,genesis1jcx2j7jrwyr2r89p6ptjepcpmwmxvvwsk3gwdx,13867607110075309218,13.867607,0,0.000000,13867607110075309218,13.867607,1,1
682,genesis1w99n04xgpp4ny0gkhdghgekcvn22xy46s9z48f,13789243672052483006,13.789244,1030825329,0.000000,13789243673083308335,13.789244,1,2
683,genesis1ethne8yjk9arjys7038cglyarpdy52s4p8afv8,13779665741714979016,13.779666,0,0.000000,13779665741714979016,13.779666,1,1
684,genesis1yjycpl472f6z4sp08eyj0s5fynp4k6r3xlyf56,13778500520499415791,13.778501,0,0.000000,13778500520499415791,13.778501,1,1
685,genesis15wdjq9d7lueyxqv6s425p5tp6axnaykxnr37na,13638189566741023152,13.638190,0,0.000000,13638189566741023152,13.638190,1,1
686,genesis1t3qp52hf5p4julm52ftssqxdhpvyh9c0v29ktn,13491902035621037235,13.491902,0,0.000000,13491902035621037235,13.491902,1,1
687,genesis1tvfujy2m2vqp5gmv6hwn62vjzf8fhrl3wjk3yv,13488851002740210345,13.488851,0,0.000000,13488851002740210345,13.488851,2,2
688,genesis155n0zxght6z4rjfs23srgez2rcq5sasf3txge3,13393061708615298095,13.393062,0,0.000000,13393061708615298095,13.393062,1,1
689,genesis1072ets8tcv5ayjpa5tzqkdfhnpzxypyyjwxruv,13389623517956341380,13.389624,0,0.000000,13389623517956341380,13.389624,1,1
690,genesis13hf88n6z89jmktgn6ry7fzfs045ty0us6846c0,13389283757310334070,13.389284,0,0.000000,13389283757310334070,13.389284,1,1
691,genesis16c2wmyrgpstas4fez7sad6pacx798ff86s2fas,13363383614465028568,13.363384,0,0.000000,13363383614465028568,13.363384,1,1
692,genesis1489eld60lhzww58nqt59zsvkfqkq4v43nvpr5w,13296976044383583876,13.296976,0,0.000000,13296976044383583876,13.296976,1,1
693,genesis1edqplr4t768gg982qf8zce827sj2qf28ep8y2w,13213468487203631250,13.213468,0,0.000000,13213468487203631250,13.213468,1,1
694,genesis1g8dvzcgtmwkqk0v8xrn9uvdj5d845938055xv4,13189443701231075100,13.189444,0,0.000000,13189443701231075100,13.189444,1,1
695,genesis1wu2rp75wqnh82wu3peh9ftqv36e030vj3dwxh2,13121775336598771266,13.121775,0,0.000000,13121775336598771266,13.121775,1,2
696,genesis16ejyzgtc2g49gkq5579ylyv7mtml2t505k3p82,13083690935525201133,13.083691,0,0.000000,13083690935525201133,13.083691,1,1
697,genesis16a87a5v2r6c6hsx426pxx8puj0kf8xyg3gyfnu,13048695007754206154,13.048695,0,0.000000,13048695007754206154,13.048695,1,1
698,genesis16wse0fjxumk3zgy09kdasqajxc0ej6uxpz7yhv,12998850000696098700,12.998850,0,0.000000,12998850000696098700,12.998850,1,1
699,genesis1j9cuhd3lrwsm98dj2hs6wf8t90580c56xde8xz,12997775434107650813,12.997775,0,0.000000,12997775434107650813,12.997775,2,3
700,genesis15uupl6d6zhy4nykjf0p28w6y4vxds03l7s0hxg,12980106694317946635,12.980107,0,0.000000,12980106694317946635,12.980107,2,2
701,genesis18gzvcjc7a4syxwjjrr8rlgn7x2ncatkgrk3dx5,12806694174270453016,12.806694,0,0.000000,12806694174270453016,12.806694,1,2
702,genesis1fxkt3u6ftwxtsd97mw9gg6wjfz90qrzc58a5gj,12789763589072557673,12.789764,0,0.000000,12789763589072557673,12.789764,1,1
703,genesis1y2rvdsc6xcm2jtg2p0jyg0j286yumft5gve0vy,12748725004621568642,12.748725,16244419082060114,0.016244,12764969423703628756,12.764969,1,2
704,genesis19ayrkzcfpgw8ht7cugmcmm4ca96zwp5a5z0xjc,12688574577116688392,12.688575,19996000201056848553,19.996000,32684574778173536945,32.684575,1,2
705,genesis17s6ucafgwc9khrvgphemalcuxz2lv2ucmzed63,12660486249884807444,12.660486,0,0.000000,12660486249884807444,12.660486,1,1
706,genesis18vashg4h5gmkwt6kf4hkkeehkksazlq0seqw2q,12600000000000000100,12.600000,0,0.000000,12600000000000000100,12.600000,1,1
707,genesis1ucphu8z086x9ylghu73wl4f3am3m9d3aqnrwwg,12579448446505500096,12.579448,0,0.000000,12579448446505500096,12.579448,1,1
708,genesis15hr8c7wv92d7wllksy06wkz4d5x6826vhermvd,12498750000353986100,12.498750,0,0.000000,12498750000353986100,12.498750,1,1
709,genesis109dnp75en7g0yfpk9qypg36j7rqpyhrksyu6wt,12393761525734703154,12.393762,0,0.000000,12393761525734703154,12.393762,1,1
710,genesis1wtsyr5f22reqpjq8xn78gddjt3yj5j2mznnhen,12392561869755619386,12.392562,0,0.000000,12392561869755619386,12.392562,1,1
711,genesis1qj4uj3jy7qpgshyfn9zkw393gj5sjtga7apcur,12343318875291527830,12.343319,0,0.000000,12343318875291527830,12.343319,1,1
712,genesis1c9mkft0d3sdjm3us883270veuww7qe3yz4e44y,12249675000092036386,12.249675,433825239706720239229,433.825240,446074914706812275615,446.074915,1,2
713,genesis14rtnr262smr8nyzrpvkprx8md6ng9xeyetgc40,12221642953088827232,12.221643,0,0.000000,12221642953088827232,12.221643,1,1
714,genesis1a20c4f5280pwza4649e88hjrq6qlaptxasvjvy,12217666993928654723,12.217667,0,0.000000,12217666993928654723,12.217667,1,2
715,genesis15aa4v29vlhkzdh5vmf7m55uz6sf9jqm2h5fq6r,12200000000000000000,12.200000,0,0.000000,12200000000000000000,12.200000,1,1
716,genesis1m7fp3yd2r5h2u4uu02m6nstceranss8vy9alyp,12190862175535653195,12.190862,0,0.000000,12190862175535653195,12.190862,1,1
717,genesis1uvdfzrmvz6n4ws4eremp0ycln058c8tvlnzsvq,12190076692565604583,12.190077,0,0.000000,12190076692565604583,12.190077,1,3
718,genesis1np2lmqhdner7vzmzzzfsnmz9lpu23fpa0ldzty,12190025639782204901,12.190026,0,0.000000,12190025639782204901,12.190026,1,3
719,genesis1d3nuvyvggrc20nnr5qhf829hs7jvasra5t3t8h,12098790007189723714,12.098790,0,0.000000,12098790007189723714,12.098790,1,1
720,genesis1fmh72j3zkxcqjc7jx6z27qmfepnjzrm7aehy24,12021504082452020474,12.021504,0,0.000000,12021504082452020474,12.021504,1,1
721,genesis1t3ljsh28tcmgr36f88xjs28xqtmgq05660ypu7,12002407946527888350,12.002408,0,0.000000,12002407946527888350,12.002408,1,1
722,genesis154nea2frkf0euf4ht9l3uh7jhel356kejaxl7p,11998800007130304509,11.998800,0,0.000000,11998800007130304509,11.998800,1,1
723,genesis15m2n8h0wk8ddaq5w0npv5g90fdtpx2ju27dp3f,11990603223546243163,11.990603,0,0.000000,11990603223546243163,11.990603,1,1
724,genesis17cuxqcldvhj52yg0s477t9dz5nk30qu3uvs4ty,11990403364755522818,11.990403,0,0.000000,11990403364755522818,11.990403,1,1
725,genesis1skmtg7r3r49x73p09jpd34u46dadc3eanx06w9,11989404174724704645,11.989404,15996800160845478842,15.996800,27986204335570183487,27.986204,1,2
726,genesis1zczm4l40msc5j66764tf9pzv2rx7h98zev3pdy,11979367203928331380,11.979367,0,0.000000,11979367203928331380,11.979367,1,1
727,genesis1c7zlkzrq5a3j39zfn9tegmj5nmkqgwy9hdjt9x,11927348831354804294,11.927349,0,0.000000,11927348831354804294,11.927349,1,1
728,genesis1x3xgkc2mcyaf0g4ej54050g3wds7sd77wdeg66,11918808000337561145,11.918808,0,0.000000,11918808000337561145,11.918808,1,1
729,genesis1kpazmj3t0kfdpvsv6t5hdduv94l2r3t5ccfdf9,11907964345917061141,11.907964,0,0.000000,11907964345917061141,11.907964,1,1
730,genesis17fyqvan0u4rk3vey7fxwxlrl5xnteple98lxf4,11807057490196269724,11.807057,0,0.000000,11807057490196269724,11.807057,1,1
731,genesis1gu92w3wkwawq6q8epdsyce6x7q5gzvv5u4cc8l,11798820000915069438,11.798820,0,0.000000,11798820000915069438,11.798820,1,1
732,genesis1shkrc8l460v9542rvufqshafzywzsaaqfxedl6,11755296713993113390,11.755297,0,0.000000,11755296713993113390,11.755297,1,1
733,genesis1pfusfctu6fn79vdm8qzmsemrm97p9lu88lfunq,11754484684866260822,11.754485,0,0.000000,11754484684866260822,11.754485,1,1
734,genesis1mxgd652ywhaqtdnpc6lu2ketuktpnstdt7v50g,11749501173451424379,11.749501,0,0.000000,11749501173451424379,11.749501,1,1
735,genesis1m3xxp5rayuptsc4pdltevkhz7ga9v2fymrpjnh,11729438230723301241,11.729438,38373970214,0.000000,11729438269097271455,11.729438,1,2
736,genesis1ygfw0skhfhkw80ssym8c90q8m4kx7kdf5688m3,11628837000703967770,11.628837,0,0.000000,11628837000703967770,11.628837,1,1
737,genesis1fvvlg5uck6ya22627lwzdvntwlxe37pq35k7pj,11598500151682571987,11.598500,0,0.000000,11598500151682571987,11.598500,1,2
738,genesis127s55uw6npm4luhvagxgdk2ugjht6xemyd8sqm,11596520350285309167,11.596520,0,0.000000,11596520350285309167,11.596520,1,1
739,genesis16zsu07j57kl5x7tr4crewsnm0l62zsm4ralsz4,11559562194863985124,11.559562,0,0.000000,11559562194863985124,11.559562,1,1
740,genesis1uetc9qfq97zu294wkfw85ss6rusjfxn940p4lr,11526911715111858520,11.526912,0,0.000000,11526911715111858520,11.526912,1,1
741,genesis19866n97fe93up7xea2p6u5r25e6hgdj5q58ymf,11500000000000000000,11.500000,0,0.000000,11500000000000000000,11.500000,1,1
742,genesis1cg052nrv25pr6cju9jtwvha3wfmx07h9n5zjn5,11498850004891498939,11.498850,0,0.000000,11498850004891498939,11.498850,1,1
743,genesis1xzqaezyqsqjlkvd90unr73e288urdk0hl6apzl,11493101734047550237,11.493102,0,0.000000,11493101734047550237,11.493102,1,1
744,genesis1pyr8ka2a5dytkrxhhu570gn5py565lm4g5q0xs,11490803224557376034,11.490803,0,0.000000,11490803224557376034,11.490803,1,1
745,genesis19gym2g0zsgjvqnqyve5l043cshp5sh9lrkm9e8,11488262820661614000,11.488263,0,0.000000,11488262820661614000,11.488263,1,1
746,genesis1hc06ej9lwyg4gkcp6s8hhedspkhgyg2d2ecved,11298870000320003434,11.298870,0,0.000000,11298870000320003434,11.298870,1,1
747,genesis1txns8n6l855kl9rd9a7pqzr9gc4xdumpt969g3,11293221703890201537,11.293222,10496856597854251130,10.496857,21790078301744452667,21.790078,1,2
748,genesis1c0u847k2pm0z4c8g0tkqc2ytp9zc2h4pn9lftl,11220106135202833640,11.220106,0,0.000000,11220106135202833640,11.220106,1,1
749,genesis12tycshmw6vmn4mhq6m4xqzs6gfg5czgsuksas2,11200000000000000000,11.200000,0,0.000000,11200000000000000000,11.200000,1,1
750,genesis1xwaqtp5q3cpf9tykpl3e437x3zfd3cya8082qh,11194310662248917821,11.194311,0,0.000000,11194310662248917821,11.194311,1,1
751,genesis1tczkh46ey6rqk4mu5c9eujcs0ep5fdwpj0lfak,11193281688811527188,11.193282,0,0.000000,11193281688811527188,11.193282,1,1
752,genesis1kaj7x6jjmuzku0t5ze5g8dsgh8n9n8wjte7xf9,11098890000671886571,11.098890,0,0.000000,11098890000671886571,11.098890,1,1
753,genesis16df99awf2p424apk9a6gq2puq6aa8rqzfa7tu4,11069356070113970994,11.069356,0,0.000000,11069356070113970994,11.069356,1,1
754,genesis1qz7svv2tea95rhytyrhmqjkcuvrpean8muh9e4,11069356070113970994,11.069356,0,0.000000,11069356070113970994,11.069356,1,1
755,genesis1umasxkexyeqnu3aqd6wae6jwrnsmg8sva40utx,11069356070113970994,11.069356,0,0.000000,11069356070113970994,11.069356,1,1
756,genesis1dntph5cz99z2s7yj5uk0gp52f4jh0fufc42jw4,11068893000313490090,11.068893,0,0.000000,11068893000313490090,11.068893,1,1
757,genesis1zkwtrsf3ann4dqsvsf2vmry9z9whv323rupgyd,11064359069360037276,11.064359,0,0.000000,11064359069360037276,11.064359,1,1
758,genesis1tjwuuja63wcx7ptw3a3v9z2yssnpwd553hgnfs,11042437517267080999,11.042438,1140,0.000000,11042437517267082139,11.042438,1,2
759,genesis1cm7gk2fs8qpzcx6svhly39u0l2yq67tth5ns6p,11000000000000000000,11.000000,0,0.000000,11000000000000000000,11.000000,1,1
760,genesis143a52dplhcjl5vh4wa0dfz95hck0c99tgnhu6p,10998900000853030832,10.998900,0,0.000000,10998900000853030832,10.998900,1,1
761,genesis14z746xxt4haaz8l8lxl9wnghkysa8pe50k4ezl,10998900000665833539,10.998900,0,0.000000,10998900000665833539,10.998900,1,1
762,genesis13fl6vh9g0da8yug74fr6sru7q0gujxvnxtm8cm,10998900000311507768,10.998900,0,0.000000,10998900000311507768,10.998900,1,1
763,genesis13mm0ua6c20f8jup3q2g0uuw2k5n54cgk6g8taj,10998900000311507768,10.998900,0,0.000000,10998900000311507768,10.998900,1,1
764,genesis19jqqqnsk8uush6tnjjyercqatyj2f7kgx29w4g,10998900000311507768,10.998900,10794601090899703251,10.794601,21793501091211211019,21.793501,1,2
765,genesis10ehg0wavjkv77hq5eva4uzcxqgrrz2fznpjx59,10997939450051887479,10.997939,0,0.000000,10997939450051887479,10.997939,1,1
766,genesis12nn39c5zckgdngsfv9z35cl38q8q50w5w722p5,10997800118331469325,10.997800,0,0.000000,10997800118331469325,10.997800,1,1
767,genesis137a5g8dqa4v0ex5c42595fhn09fu06gh6qegzs,10997800118331469325,10.997800,0,0.000000,10997800118331469325,10.997800,1,1
768,genesis14x8f347h4jvl9574fzl4v7z8etys4jsjp2vmu5,10997800118331469325,10.997800,0,0.000000,10997800118331469325,10.997800,1,1
769,genesis1wnwwltj8xynmmres4mp0uvtm2xjzzjf8jxhe09,10996863094183623284,10.996863,0,0.000000,10996863094183623284,10.996863,2,3
770,genesis14cz5e0pdtcqqzcfw6qq98046mgsljns985m3ny,10996700332167103520,10.996700,0,0.000000,10996700332167103520,10.996700,1,1
771,genesis1j0yuzrxeecf48getfcqjl45a0p5gmuv2cyrgfa,10995535704864000019,10.995536,0,0.000000,10995535704864000019,10.995536,1,2
772,genesis1rkzu7a423gpym5ml3htyknk4dy0tj8njawalvj,10995350767835522875,10.995351,0,0.000000,10995350767835522875,10.995351,1,1
773,genesis107zcgm0j40kmz00k38wf38qw2f5ysp70hey28a,10993401658654178488,10.993402,0,0.000000,10993401658654178488,10.993402,1,1
774,genesis1kz3dv4a08tz0c0qxwh0hlsta5ampt5ew8c82zv,10992901607944905698,10.992902,0,0.000000,10992901607944905698,10.992902,2,2
775,genesis16nnr0uecq8yn6arana4rddfmaecyj68xttzhc6,10990103964431777347,10.990104,0,0.000000,10990103964431777347,10.990104,1,1
776,genesis1pf0gjuduse5rsne403j9w5re0h06dd3f4ndtvj,10990103964431777347,10.990104,10987802110480738280,10.987802,21977906074912515627,21.977906,1,2
777,genesis15927y2rj2fhevpawxk3aatask53rj5c98hqpnj,10990000000000000000,10.990000,0,0.000000,10990000000000000000,10.990000,1,1
778,genesis16wugrx3l0yx5hege625v65mm0rvrsdx56cgf8y,10988901000852255350,10.988901,0,0.000000,10988901000852255350,10.988901,1,1
779,genesis1ffwf0pf945j309lfsvsnl2ddp20rwmzeptfmyn,10988901000852255350,10.988901,0,0.000000,10988901000852255350,10.988901,1,1
780,genesis1mt9he9mfxz0ydk3ueupvreulc5yffaff4vxkpg,10988901000665228236,10.988901,0,0.000000,10988901000665228236,10.988901,1,1
781,genesis1rn4khqugk3t94rdsmklqtt0dpq3sehvfreae9s,10988901000665228236,10.988901,0,0.000000,10988901000665228236,10.988901,1,1
782,genesis13cafz7skaqtr2aa22902qy89zwndwyxlyt39qh,10988901000311224579,10.988901,0,0.000000,10988901000311224579,10.988901,1,1
783,genesis1cnp8wul7r70fj034x3y0dnrgxsn2dx7a5ppz8w,10985604667243564299,10.985605,0,0.000000,10985604667243564299,10.985605,1,1
784,genesis1umpkgecjk2ujvhtv57wdvvhtdjvkc9cw5ne4pz,10983407657146311053,10.983408,0,0.000000,10983407657146311053,10.983408,1,1
785,genesis1mfudcqr8yv0gs6rr0yvanzhjnrta74qvppnvy5,10981211080453467035,10.981211,0,0.000000,10981211080453467035,10.981211,1,1
786,genesis1rwu6xp8r2t364wcpjveduzr6sktcw778zw6h5x,10958904003972736652,10.958904,0,0.000000,10958904003972736652,10.958904,1,1
787,genesis1fya3jak3835a65rv5pd7v0t07fejvrjp8cc6m2,10958189136178400002,10.958189,0,0.000000,10958189136178400002,10.958189,1,1
788,genesis1nje2stpxc8z7dp784vmq8d7xckgmxy7xk2msad,10953425671086399978,10.953426,0,0.000000,10953425671086399978,10.953426,1,1
789,genesis1shzdv2ke6dhud0y6n0vf69ss8asxxptwya9uf0,10950000000000000000,10.950000,0,0.000000,10950000000000000000,10.950000,1,1
790,genesis1tr650fesppdgvaws2auweg5fvw7w9ka8qqeh80,10949172224124174144,10.949172,0,0.000000,10949172224124174144,10.949172,1,1
791,genesis1c8ypchv4dzlz090qh5h8jkmt6fmu4km8zfzmlv,10948969744374158441,10.948970,0,0.000000,10948969744374158441,10.948970,1,1
792,genesis1q9h0klph8af8gurlq7t8nrd4pau76n77pkq4kx,10948950496299156948,10.948950,0,0.000000,10948950496299156948,10.948950,1,1
793,genesis1x7vq3xd6qkcne624k2vyu20wnepr596n7cm6uf,10948923498999154854,10.948923,0,0.000000,10948923498999154854,10.948923,1,1
794,genesis1kmu7g26zm0ptn0tfe8eph429k3snnc7k7948e0,10948905000849153419,10.948905,0,0.000000,10948905000849153419,10.948905,1,1
795,genesis1m8sxn5fnn74ftw2npw5d2fu4gxlha64tawyhgp,10948905000662805999,10.948905,0,0.000000,10948905000662805999,10.948905,1,1
796,genesis1l6aj8evgn7vpck9scw5hy3e53ke7ppqc4fzyx7,10948905000310091823,10.948905,0,0.000000,10948905000310091823,10.948905,1,1
797,genesis1apvy32kkms5yexarvfmrkfxwvs03klnfa3w6ae,10948700524419037765,10.948701,0,0.000000,10948700524419037765,10.948701,1,2
798,genesis1p9tthj5pwu0pnzylvs2vnpe7mf28fve56lf52t,10948205533820468968,10.948206,0,0.000000,10948205533820468968,10.948206,1,1
799,genesis1xkxcccznrvaxc0dx8km8pu5dfmzy0lpsdtztq2,10945667059402113561,10.945667,0,0.000000,10945667059402113561,10.945667,1,1
800,genesis1gxjxsyvyz7ns4lkq2kzcpcrly0ydn7p2qmj00u,10943431669561686109,10.943432,0,0.000000,10943431669561686109,10.943432,1,1
801,genesis1jauqpmhg229fj3l4zydp532l98fq5ercyglr4m,10943431669561686109,10.943432,0,0.000000,10943431669561686109,10.943432,1,1
802,genesis1vthmd5pmj8z54e0drdchvtalqjah2nsgny90l7,10943431669561686109,10.943432,0,0.000000,10943431669561686109,10.943432,1,1
803,genesis1spgs3vad7c35nng4c83lm9h6xlq8jt3kxkej4w,10943431651114841313,10.943432,0,0.000000,10943431651114841313,10.943432,1,1
804,genesis19l6haqxagtud5qsrhhqeqv2y6rvr6jfk7cr585,10942337302707553911,10.942337,0,0.000000,10942337302707553911,10.942337,1,1
805,genesis15v7t5h3za0laxfv8ydzacfrwuyey7rp746fm0u,10919719475069902928,10.919719,0,0.000000,10919719475069902928,10.919719,1,1
806,genesis1uml0gksfwrgggae9zpa6eemx5ach22u0z5n4m6,10899999999999999999,10.900000,0,0.000000,10899999999999999999,10.900000,2,2
807,genesis17vcnrs8y5yeskm0z2ytcms34wz5nn7dasgejjf,10898910006476693263,10.898910,0,0.000000,10898910006476693263,10.898910,1,1
808,genesis1f5hhy6jngc4cfpdsxt2wp4s967hd02tke9da8r,10898910003950988094,10.898910,0,0.000000,10898910003950988094,10.898910,1,1
809,genesis1yqumwclwux6cvg0d0azjdd5k8yyaat9dr2cvp9,10898910003950988094,10.898910,0,0.000000,10898910003950988094,10.898910,1,1
810,genesis16s3nqpvl6jypaxg5j2u68kejf5fuegtxatdz9w,10898910000845276006,10.898910,0,0.000000,10898910000845276006,10.898910,1,1
811,genesis17k3fku63eml8nttplqqvfymg0skp24r454m62s,10898910000845276006,10.898910,0,0.000000,10898910000845276006,10.898910,1,1
812,genesis1pqawqj4pr5tw38w4d45t47ce2vj09u5qwy6pgj,10898910000845276006,10.898910,0,0.000000,10898910000845276006,10.898910,1,1
813,genesis1wv3ps25sf2uzwp3puwe4mjqv0pc99fm09dtz3r,10898910000845276006,10.898910,0,0.000000,10898910000845276006,10.898910,1,1
814,genesis1zmyx0tegzetxfvlutf09fagmugz2r044a6re8t,10898910000845276006,10.898910,0,0.000000,10898910000845276006,10.898910,1,1
815,genesis1l2rjg5mz90z0vemdzamx8ds9j6ct6jmdm9j3zd,10898910000659780507,10.898910,0,0.000000,10898910000659780507,10.898910,1,1
816,genesis1vl92ejquj8l733dka93rj6f83gq0e3ufu8rlpk,10898910000659780507,10.898910,0,0.000000,10898910000659780507,10.898910,1,1
817,genesis103az2hnrl3z8frrlcup2v3vgjcj5u9defxxvhm,10898910000308675879,10.898910,0,0.000000,10898910000308675879,10.898910,1,1
818,genesis15q44pyxtedz47rtuxlnqyhtutfgwgmgc5lytg2,10898910000308675879,10.898910,0,0.000000,10898910000308675879,10.898910,1,1
819,genesis1cd00477kc8yxny77rs7jpspw8uvczclmtjxh7y,10898910000308675879,10.898910,0,0.000000,10898910000308675879,10.898910,1,1
820,genesis1s7p8qqe7ucs23nmnld3p746hsk25aujtr3caqr,10898910000308675879,10.898910,0,0.000000,10898910000308675879,10.898910,1,1
821,genesis1herkl638tlxgycugn656fuhapx39q3qjakt049,10897820112400790616,10.897820,0,0.000000,10897820112400790616,10.897820,1,1
822,genesis1rj3xkgz5h4ahmk7ftdy3fjnnqd65lajwxg5mcn,10897140358352425137,10.897140,0,0.000000,10897140358352425137,10.897140,2,2
823,genesis1gedpx74e38rt9t43s9u5maccp7gg3dms7rnylj,10896730345791762099,10.896730,0,0.000000,10896730345791762099,10.896730,1,1
824,genesis1mly9xanjfttuqy66sx3fquk2802tnam78genrh,10893600657461538174,10.893601,0,0.000000,10893600657461538174,10.893601,1,1
825,genesis15wzj7edujhtkquln8hmm6956lv94nudamhq5ls,10893461661938116767,10.893462,0,0.000000,10893461661938116767,10.893462,1,1
826,genesis1c66phj4p6z88sk6lykechtdczk4h6jtsdkp23f,10893461661938116767,10.893462,0,0.000000,10893461661938116767,10.893462,1,1
827,genesis1qsull9s00frk6l039g6jcklcxxnnehltv0j3rf,10893461661938116767,10.893462,0,0.000000,10893461661938116767,10.893462,1,1
828,genesis12x4lu5ma6cuqzqys48fmm2fq5ttpzcr8v4e0jp,10893461643575504138,10.893462,0,0.000000,10893461643575504138,10.893462,1,1
829,genesis13vrkelxvuaw862xmwxxds8e3vrs7rm3qz887gp,10893461643575504138,10.893462,0,0.000000,10893461643575504138,10.893462,1,1
830,genesis1scexfeq7ph09mam395astpeacky2fmhncy7t6j,10893461643575504138,10.893462,0,0.000000,10893461643575504138,10.893462,1,1
831,genesis1spgsz0ef0ce6pcaymtpak0vef65l9ql5kdxser,10893461643575504138,10.893462,0,0.000000,10893461643575504138,10.893462,1,1
832,genesis1xfy855c97jvyegjcs9a80dtdck9tsectly3ckr,10893461643575504138,10.893462,0,0.000000,10893461643575504138,10.893462,1,1
833,genesis1jytngalwrf966y7ldrhy3dtvge7s0607rd9tsr,10891283056319599893,10.891283,0,0.000000,10891283056319599893,10.891283,1,1
834,genesis1a7la6lzuldf997wetn0mgd70wtq7z4psptckfu,10890193928391488462,10.890194,0,0.000000,10890193928391488462,10.890194,1,1
835,genesis1s8la3jtwff29fc7kthlh3sgy9k8l0kk63y4k25,10890193928391488462,10.890194,3651634800022859930,3.651635,14541828728414348392,14.541829,1,2
836,genesis1qe86f8rt3hlzsspf7efq3h0c3dlsyfqw42vayr,10882421142402900689,10.882421,0,0.000000,10882421142402900689,10.882421,2,4
837,genesis1z8rcv5qdpxtfa8v78fhh8lvwz7su0gqum2jr45,10870299850689402691,10.870300,0,0.000000,10870299850689402691,10.870300,1,1
838,genesis1az557ezp4r3s4jv5ka7nmzrly34w9eztm4mzkk,10865449931456306268,10.865450,0,0.000000,10865449931456306268,10.865450,1,1
839,genesis1cnlmgagq3k08rgvm5g07j0dsf7ygxuc55paau7,10855406669119002748,10.855407,0,0.000000,10855406669119002748,10.855407,1,1
840,genesis1vf7la07q3n8cdc236mp3g0shatdqxdp8kmnu87,10849836960455889419,10.849837,0,0.000000,10849836960455889419,10.849837,1,1
841,genesis15qnf6turgmunhkvxrx0skvgw3apcwdp8h7yxgp,10822180449482722606,10.822180,308731503245,0.000000,10822180758214225851,10.822181,1,2
842,genesis15p6l77la6y9thhwydfesp3fue2xavhy0unwt8r,10804470829426650334,10.804471,0,0.000000,10804470829426650334,10.804471,1,1
843,genesis1p0zhuh73aujnxe69xqnmgl3xzep3a93xl23j03,10800000000000000000,10.800000,0,0.000000,10800000000000000000,10.800000,1,1
844,genesis1pg0lfu3t045qj76k59kfj24xvdv8d4g9ng3hah,10800000000000000000,10.800000,0,0.000000,10800000000000000000,10.800000,1,1
845,genesis1hl6pzlp6athv8h4s3s803sstv2lmhvkwkagdts,10795680655707961276,10.795681,0,0.000000,10795680655707961276,10.795681,1,1
846,genesis1kuzhg3582xdczfnphcesl9yl679s3279ywn7la,10795680655707961276,10.795681,0,0.000000,10795680655707961276,10.795681,1,1
847,genesis1z7eayqv6czcgyskmsr2nf5w3ut3jluggev6hge,10793521646690978081,10.793522,0,0.000000,10793521646690978081,10.793522,1,1
848,genesis1qp59k44d9338qqc2vx4cc8rm0tnfwwvhndgm55,10793521628496829788,10.793522,0,0.000000,10793521628496829788,10.793522,1,1
849,genesis1a204skqxgdrwn7w5w8vmdzmrltkwqduuttcmx0,10791363027197219652,10.791363,0,0.000000,10791363027197219652,10.791363,1,1
850,genesis13teqcagu64s78u9kzs0nx97p0z2qy6su7p5adx,10790283892351199577,10.790284,0,0.000000,10790283892351199577,10.790284,1,1
851,genesis18cq0vtf3gz5ea3fwdfs8jnkafnxx34nmn0aggq,10790283892351199577,10.790284,0,0.000000,10790283892351199577,10.790284,1,1
852,genesis1848skhpf50qfqcwkrvrp74xqeuudqr8dakdv9e,10748925000304428046,10.748925,0,0.000000,10748925000304428046,10.748925,1,1
853,genesis1uyyvt6p0f3vk25sn2vc2hlqngmff7fkaptnp5f,10743551620957492613,10.743552,0,0.000000,10743551620957492613,10.743552,1,1
854,genesis15299fs3sdypvwm5d9src0hcv7cvn8fuhxvwxuv,10700000000000000000,10.700000,0,0.000000,10700000000000000000,10.700000,1,1
855,genesis1g8uc95dtgp937w04zc3ktwgm7yzvu6s5eun2n4,10698930003878492900,10.698930,0,0.000000,10698930003878492900,10.698930,1,1
856,genesis1wq25ne26kmggaes036a48k5nwzy6hnrz2u4tpv,10698930000829766355,10.698930,0,0.000000,10698930000829766355,10.698930,1,1
857,genesis1n6ndqn6fcf5l5qxxfnllu06c3xd92ddf8mhrus,10696350898500934354,10.696351,0,0.000000,10696350898500934354,10.696351,1,1
858,genesis1sjjtl9t2rdsg0q0eayayhwrzggptk39nwghx8m,10690373856310910692,10.690374,0,0.000000,10690373856310910692,10.690374,1,1
859,genesis1ee2kszwv9dvma8k8ep66cuav63n4g6zllvgp9p,10560917466766333136,10.560917,0,0.000000,10560917466766333136,10.560917,1,1
860,genesis1l6yzpysst9ky3eegx270jzn96e444e5lvxte46,10555824800000000000,10.555825,0,0.000000,10555824800000000000,10.555825,1,1
861,genesis1wukd7vuuw8ewjxnmtscn046tlyf5ggxxn39dc2,10547890108791590917,10.547890,0,0.000000,10547890108791590917,10.547890,1,1
862,genesis1340sm04hj3mjk39rp96gzzxprwjdpvx97qc306,10500000000000000000,10.500000,0,0.000000,10500000000000000000,10.500000,1,1
863,genesis19xwxa5lxvgcqpt7ptd58tqytcjhxpkg3dcthpp,10500000000000000000,10.500000,0,0.000000,10500000000000000000,10.500000,1,1
864,genesis1mj37s3mmv78tj0ke3yely7zwmzl5rkh975za0d,10498950006239016446,10.498950,0,0.000000,10498950006239016446,10.498950,1,1
865,genesis1w8en6rz8yhqxqpqdt3np7yz3rknmmgc8qfdnrn,10498950004466151205,10.498950,0,0.000000,10498950004466151205,10.498950,1,1
866,genesis1qgtjlpt8ztflgs3xwc2mz8hehv0pt8qe0533y3,10498950003805997705,10.498950,0,0.000000,10498950003805997705,10.498950,1,1
867,genesis1uqpeqtdc3rsm7rpdrvmt0us6rsk5qt3uwe8qdk,10498950003805997705,10.498950,0,0.000000,10498950003805997705,10.498950,1,2
868,genesis1w9pkvf5wwwmdshv35ftej0ssx7nzgqc6jy8d9z,10498950003805997705,10.498950,0,0.000000,10498950003805997705,10.498950,1,1
869,genesis1zuxrmx249sm2lc44kym8u2h4zltk0ugys9yp94,10498950003805997705,10.498950,0,0.000000,10498950003805997705,10.498950,1,1
870,genesis17t3csjyejneqrp3cvczetdl0d8p82s0jrt2s6a,10498950000814256703,10.498950,0,0.000000,10498950000814256703,10.498950,1,1
871,genesis1ahm73qljrdq4sv38ym0kwuusy7jw36a3zq35nu,10498950000814256703,10.498950,0,0.000000,10498950000814256703,10.498950,1,1
872,genesis1hq4mlrvkckejg7qql2za3j09dl5dhewzhxxfam,10498950000814256703,10.498950,0,0.000000,10498950000814256703,10.498950,1,1
873,genesis1mnfrnhmk7zgk2angwasn38e4xzy8g7q5pza2dm,10498950000814256703,10.498950,0,0.000000,10498950000814256703,10.498950,1,1
874,genesis1vagp7p3nnar38lmz4klp49wfktprkvw4sk7hum,10498950000814256703,10.498950,0,0.000000,10498950000814256703,10.498950,1,1
875,genesis1zdtv2qfd9f9hz37sjlpygrhhd7wscre5y36qrv,10498950000814256703,10.498950,0,0.000000,10498950000814256703,10.498950,1,1
876,genesis1erkzumt4062ehdjw0wk590h9a74dpqyaf2qtuy,10498950000635568378,10.498950,0,0.000000,10498950000635568378,10.498950,1,1
877,genesis1welgg8prc8703x950uczjc2vnq3jhu8ug45tqq,10498950000635568378,10.498950,0,0.000000,10498950000635568378,10.498950,1,1
878,genesis1e0dztftych4ff6n54dgh3mg0lhpqkunkrjfrd3,10498950000554508504,10.498950,0,0.000000,10498950000554508504,10.498950,1,1
879,genesis1p3z4l0gcnr7yywxcuk5hccq64srpqajw7gckrc,10498950000554508504,10.498950,0,0.000000,10498950000554508504,10.498950,1,1
880,genesis1r9qs8l45yc7g5u88sd3fqz59x4xkt9yq2ule4t,10498950000554508504,10.498950,0,0.000000,10498950000554508504,10.498950,1,1
881,genesis10y6p0f0srtsgxqu9glu60wr2962jn6f37h7jt5,10496850317068598815,10.496850,0,0.000000,10496850317068598815,10.496850,1,1
882,genesis1ymvkf7cm8ls4pn0wcx4avcludmu6udrlddr5tj,10495800637493851241,10.495801,0,0.000000,10495800637493851241,10.495801,1,1
883,genesis10vf3k49jqcs0ylpfywyrs0wzfdwthvu0q2py2u,10494551982357483113,10.494552,0,0.000000,10494551982357483113,10.494552,2,2
884,genesis1asmrg4uh6hu9wrhxx39a3uu95d38r85u933vsp,10493701600949562023,10.493702,0,0.000000,10493701600949562023,10.493702,1,1
885,genesis1eemne48aeyuqnwrsknyqv9mnju2my32d3e3z72,10493701600949562023,10.493702,0,0.000000,10493701600949562023,10.493702,1,1
886,genesis13epfke7akmwjl6hktjdxy4vu24wwpypjssk6t0,10493701583260806738,10.493702,0,0.000000,10493701583260806738,10.493702,1,1
887,genesis15eqvyfcyqcqdh3nlvmcz4am9r37jmxpzl06yrw,10493701583260806738,10.493702,0,0.000000,10493701583260806738,10.493702,1,1
888,genesis1e8ck666s6dped2q0rhdepfxt3dkrck2uftd7ht,10493701583260806738,10.493702,0,0.000000,10493701583260806738,10.493702,1,1
889,genesis16458zcgnsw8xer4qpcg6gugrsw004q7hd3q9m7,10491602944161082466,10.491603,0,0.000000,10491602944161082466,10.491603,1,1
890,genesis1m3a3r0qeu7r3m3xv07y9amf7p48tm3zg60cxyp,10491602944161082466,10.491603,0,0.000000,10491602944161082466,10.491603,1,1
891,genesis1fwgv2x2zhcx7r4an0swumlz0a5hv7tpjsvxgsp,10491602943108407995,10.491603,0,0.000000,10491602943108407995,10.491603,1,1
892,genesis16kync9wyu504l83lv4j4d47geqqyalh9enhvhp,10490553784230332922,10.490554,0,0.000000,10490553784230332922,10.490554,1,1
893,genesis1arls24kq6uf25wvzhg58m0l3m3h3jxakk6yu88,10490553784230332922,10.490554,0,0.000000,10490553784230332922,10.490554,1,1
894,genesis1e0tvwsatceaw382q5m4dqer94rzdq7yl3r5wgf,10490553784230332922,10.490554,0,0.000000,10490553784230332922,10.490554,1,1
895,genesis1e4sfeuxv2zqxaswpngm43mp5rsvzta75qlsvw2,10480311109050945225,10.480311,6797931262143957303,6.797931,17278242371194902528,17.278242,1,2
896,genesis17nl05fprzxexkct824av2l2hwlky3f43lw20tf,10399646240000000000,10.399646,0,0.000000,10399646240000000000,10.399646,1,1
897,genesis1n7htchn6skls0v8h7mwlaa68ya30lxrgu4q9u0,10318300743729141657,10.318301,0,0.000000,10318300743729141657,10.318301,1,1
898,genesis1j7f5lydq0q0f99ttnqa4jlmsr3z7v0ut9nkkq6,10307199497512381083,10.307199,0,0.000000,10307199497512381083,10.307199,1,1
899,genesis1mvftg5yneyra3y47mmevnkxvft4c8tq90e09v7,10200000000000000000,10.200000,0,0.000000,10200000000000000000,10.200000,1,1
900,genesis1zzuttewnk3keg6m3xf2n3wxd2h7wkvj7njz07e,10195341459351781914,10.195341,0,0.000000,10195341459351781914,10.195341,2,2
901,genesis1tutqjxfp8eppwrerr40m5my5z5amepfv44gx2y,10190823676109466267,10.190824,0,0.000000,10190823676109466267,10.190824,1,1
902,genesis1kxngdafd6kwkk5mnhnqwhqp58xy5cfnustwjv0,10108022381635264170,10.108022,0,0.000000,10108022381635264170,10.108022,1,1
903,genesis1rx0jxukgrh6c2a0tacdq9tx3jngj9ur0nsee7c,10094141529170980643,10.094142,37,0.000000,10094141529170980680,10.094142,4,5
904,genesis16q8mm4ywqe0h2nxyxs4c5ldgvcp46e0wzwax3n,10062145469897434626,10.062145,0,0.000000,10062145469897434626,10.062145,1,1
905,genesis1tzqmp8ed3e6rgqrfscekg87pe5hd90n0e7l5st,10000000000000001938,10.000000,0,0.000000,10000000000000001938,10.000000,1,1
906,genesis10dyryhlfuk87pc9vw3h02h0vr3uscfmsx4mz2f,10000000000000000000,10.000000,0,0.000000,10000000000000000000,10.000000,1,1
907,genesis12ux2p4sa272pywd28gt58mwszj8rf95w0fvw96,10000000000000000000,10.000000,0,0.000000,10000000000000000000,10.000000,1,1
908,genesis13m9gpdjfnfuff9khc39jatcjhkjkfryn88fvvf,10000000000000000000,10.000000,0,0.000000,10000000000000000000,10.000000,1,1
909,genesis17v5m02vs5vap6fwye0l6ecnmj6dg74m79zjy02,10000000000000000000,10.000000,0,0.000000,10000000000000000000,10.000000,1,1
910,genesis1a8zdcz4rswauv6ag7zhywuw5x4ac53zzavkzkn,10000000000000000000,10.000000,0,0.000000,10000000000000000000,10.000000,1,1
911,genesis1gcjc9wllxyefau77aaapfy3kztuqt533u4yygf,10000000000000000000,10.000000,0,0.000000,10000000000000000000,10.000000,1,1
912,genesis1h7vrrr6wg8mj3ksawlcws7f56tcxa02r0uc77k,10000000000000000000,10.000000,1335323380393255127,1.335323,11335323380393255127,11.335323,1,2
913,genesis1jxajys5atelv6afuxrjw8afxtyhyduczh05guz,10000000000000000000,10.000000,0,0.000000,10000000000000000000,10.000000,1,1
914,genesis1jyaw3y503c9hn5zn6wa5tckrphju7drf7az04r,10000000000000000000,10.000000,0,0.000000,10000000000000000000,10.000000,1,1
915,genesis1lch5tr8sakzc2jr7x40ejpz0wfmvgdy2cd35jk,10000000000000000000,10.000000,0,0.000000,10000000000000000000,10.000000,1,1
916,genesis1pq0p9mz0kkrmxdrkqdymlwpeefqdz3zstx6n5n,10000000000000000000,10.000000,0,0.000000,10000000000000000000,10.000000,1,1
917,genesis1queau9x2nn988psgam3gq8kz6evf8rh9alg2vq,10000000000000000000,10.000000,0,0.000000,10000000000000000000,10.000000,1,1
918,genesis1tvdl4e9lka08ngpwhywt3x2zlm3m68t3rnr3z9,10000000000000000000,10.000000,0,0.000000,10000000000000000000,10.000000,1,1
919,genesis1upc5nxwg8jd2sf568e0smg653a9ssdkvuymx9y,10000000000000000000,10.000000,0,0.000000,10000000000000000000,10.000000,1,1
920,genesis1uq757nfy3hltz80nw4k95ss9x4zldhpqsul8gq,10000000000000000000,10.000000,0,0.000000,10000000000000000000,10.000000,1,1
921,genesis1vazxc9cqejf77qj5kg30fu037alnwe3nm38twj,10000000000000000000,10.000000,0,0.000000,10000000000000000000,10.000000,1,1
922,genesis1wqvfvc7emqkwtkegkn7ugxaqhrfh3z7n5egvqt,10000000000000000000,10.000000,0,0.000000,10000000000000000000,10.000000,1,1
923,genesis1xxlf8w73c0rrw7vr4rqservmempasrntf86a54,10000000000000000000,10.000000,0,0.000000,10000000000000000000,10.000000,1,1
924,genesis1zdts8ww55p7ys90e0gfx6rxek8ehwshmr9vpsd,10000000000000000000,10.000000,0,0.000000,10000000000000000000,10.000000,1,1
925,genesis1zmhv89qy0zasvpyluvzwwrvscxdzm9pt0fqlr6,10000000000000000000,10.000000,0,0.000000,10000000000000000000,10.000000,1,1
926,genesis1uzvprlh5t4ne6zhlnz8q2kkdsh7sq8xg6rqq6y,9999800000105620667,9.999800,0,0.000000,9999800000105620667,9.999800,5,5
927,genesis15naxrjrw4wc6j8lrqews07lyh7ezc0aymsxfzm,9999000005941920424,9.999000,1329601103837102879,1.329601,11328601109779023303,11.328601,1,2
928,genesis1g70uv8y47s5pn07n4gtgakz278vps2287le7ke,9999000005941920424,9.999000,0,0.000000,9999000005941920424,9.999000,1,1
929,genesis1ueuy3yrrk2v5f2vfruz74ylxrtcfefz7ke04fz,9999000005941920424,9.999000,0,0.000000,9999000005941920424,9.999000,1,1
930,genesis1wu76qazhn96qc546gkr53n5434cqp4m9ed7fvs,9999000005941920424,9.999000,0,0.000000,9999000005941920424,9.999000,1,1
931,genesis1yas8rx420tkc88n34d8jtt82lw4ge6e8g2e9dz,9999000005941920424,9.999000,0,0.000000,9999000005941920424,9.999000,1,1
932,genesis15yaeseumls6jy7jrxdl8ef2cl9yufd0ytwsgse,9999000003624759719,9.999000,0,0.000000,9999000003624759719,9.999000,1,1
933,genesis1cf5s94vyfel3svmsk5uj6pjvuqj8xpwdc6zpl7,9999000003624759719,9.999000,0,0.000000,9999000003624759719,9.999000,1,1
934,genesis1chwml4tca69lpwezharl8rv3mz97rtwlgklhem,9999000003624759719,9.999000,0,0.000000,9999000003624759719,9.999000,1,1
935,genesis1dv24ggvrt7e3q3m2d2tu5qx6wtecavhe8fk526,9999000003624759719,9.999000,0,0.000000,9999000003624759719,9.999000,1,1
936,genesis1ew54u0sc6gqkdujhsm4wd06mg6zfypnhzgwpnn,9999000003624759719,9.999000,0,0.000000,9999000003624759719,9.999000,1,1
937,genesis1hdrp5d7pgj7u63pum4u5k0cck7fhlrsexgprzf,9999000003624759719,9.999000,0,0.000000,9999000003624759719,9.999000,1,1
938,genesis1m8nrmn5ykxxzeqkkzq4ztms9ceccp972vt5hyz,9999000003624759719,9.999000,0,0.000000,9999000003624759719,9.999000,1,1
939,genesis1nea4mpaululjw7zz0mqyetx4sccrujuuxxf8qa,9999000003624759719,9.999000,0,0.000000,9999000003624759719,9.999000,1,1
940,genesis1q85c764zhzp4ka4t5htrmacvxwvhak257tsq8u,9999000003624759719,9.999000,0,0.000000,9999000003624759719,9.999000,1,1
941,genesis1rf5hprmts0h50ww7mktkly9pw9sdkyt6r4q2mr,9999000003624759719,9.999000,0,0.000000,9999000003624759719,9.999000,1,1
942,genesis1v3sh9jgmffyqs4j77guv2l36qffx4j4y7s0ewz,9999000003624759719,9.999000,0,0.000000,9999000003624759719,9.999000,1,1
943,genesis1ynulqdg0l27f5hhtdwejtrx0p6z7qxkc65h276,9999000003624759719,9.999000,0,0.000000,9999000003624759719,9.999000,1,1
944,genesis1lqs04xzf057xghgpxeuad63eljagmqyqywmf7z,9999000001953974299,9.999000,10898910006313412157,10.898910,20897910008267386456,20.897910,2,4
945,genesis12weg2yqcqspfg7jrxja4axuqdlftdskq9klawd,9999000000775482575,9.999000,0,0.000000,9999000000775482575,9.999000,1,1
946,genesis142yp48uhve4qrkjgagpw4ej669lt3d8k367lcq,9999000000775482575,9.999000,2998800180565389885,2.998800,12997800181340872460,12.997800,1,2
947,genesis153vdvl5zkll6pnnrf39cy7vmg7lqfvdqezsqwv,9999000000775482575,9.999000,0,0.000000,9999000000775482575,9.999000,1,1
948,genesis16vuc85lwf66jr3t3a4nrs45nu8a52g922udxxh,9999000000775482575,9.999000,0,0.000000,9999000000775482575,9.999000,1,1
949,genesis1790wjeu2wmax6cjdwzuqwvxeyw9042az5d023r,9999000000775482575,9.999000,0,0.000000,9999000000775482575,9.999000,1,1
950,genesis17lahsduzk2zakvvea0gdslrmksfa04gg6nspdr,9999000000775482575,9.999000,0,0.000000,9999000000775482575,9.999000,1,1
951,genesis1eau7407ctja7e86vxnqp2mjmysrm030ahrvzxr,9999000000775482575,9.999000,0,0.000000,9999000000775482575,9.999000,1,1
952,genesis1ens0048gg7sja68nc5awu7wunjd3ewzf4avyrn,9999000000775482575,9.999000,0,0.000000,9999000000775482575,9.999000,1,1
953,genesis1fsxxtzc7g8srase4w8lsl5sp5r4f2xel0rz8ge,9999000000775482575,9.999000,0,0.000000,9999000000775482575,9.999000,1,1
954,genesis1gxguymjxekptyf07dlmtxmpvfacj3t6panw0uk,9999000000775482575,9.999000,0,0.000000,9999000000775482575,9.999000,1,1
955,genesis1j3ukz6x0lx7hscp95uutshepveuxrcc2808mp4,9999000000775482575,9.999000,0,0.000000,9999000000775482575,9.999000,1,1
956,genesis1kennqknjdfamu3uu93hw9tkkcas2p8cuq7kzha,9999000000775482575,9.999000,0,0.000000,9999000000775482575,9.999000,1,1
957,genesis1l209tg7z77zsfuaxxms6umxf8majujt6wsmrp0,9999000000775482575,9.999000,0,0.000000,9999000000775482575,9.999000,1,1
958,genesis1l6e5tm8pjudyy4ark3sazyecllc7495gg4f3em,9999000000775482575,9.999000,0,0.000000,9999000000775482575,9.999000,1,1
959,genesis1lzty60a0taw8cd6kassahj8c8x0a0lmrg6eagg,9999000000775482575,9.999000,0,0.000000,9999000000775482575,9.999000,1,1
960,genesis1p0thq5p7r0qnn3fgn0eta7wnwypk55frxuwhsk,9999000000775482575,9.999000,0,0.000000,9999000000775482575,9.999000,1,1
961,genesis1pdzagpcmruy8trn7hlgn3zc5ygvtrryzrqyce9,9999000000775482575,9.999000,0,0.000000,9999000000775482575,9.999000,1,1
962,genesis1ruqhcp53gyzgzfwkw5968nhcrrkpwsng7ryy4h,9999000000775482575,9.999000,0,0.000000,9999000000775482575,9.999000,1,1
963,genesis1x7rax6kt3wc2966lfrsgzthvmcrxasttga980t,9999000000775482575,9.999000,0,0.000000,9999000000775482575,9.999000,1,1
964,genesis1xpyglnn8m2w270d5ttjd7muk6nx0lpnj2slqhd,9999000000775482575,9.999000,0,0.000000,9999000000775482575,9.999000,1,1
965,genesis1yrz7t4ayuxcqzpxw2yw2svmpsk7a4pzqhv00em,9999000000775482575,9.999000,0,0.000000,9999000000775482575,9.999000,1,1
966,genesis1z9qutxjh8df8yk3pj4zug4sequula5f36k4gs7,9999000000775482575,9.999000,0,0.000000,9999000000775482575,9.999000,1,1
967,genesis1zrvkrws777krmapk4ugfxul7m5mjl3jyxe394g,9999000000775482575,9.999000,0,0.000000,9999000000775482575,9.999000,1,1
968,genesis1zxndrlwl03eufmseh9fm834tjvjhwhsh89q6te,9999000000775482575,9.999000,0,0.000000,9999000000775482575,9.999000,1,1
969,genesis13ft5gd356cqe83flw0jx2g5wuy6w8d0y0822c5,9999000000605303217,9.999000,9999000004747656007,9.999000,19998000005352959224,19.998000,1,2
970,genesis13mv264va4qe9d64ft2lau5n7zhyssprzaymkzk,9999000000605303217,9.999000,0,0.000000,9999000000605303217,9.999000,1,1
971,genesis18t7juu62sxnlwj672l2cyve8cvqknunep84c7m,9999000000605303217,9.999000,0,0.000000,9999000000605303217,9.999000,1,1
972,genesis190f36xptgrpdzdezf285c306jnvgtzvrzezv8x,9999000000605303217,9.999000,0,0.000000,9999000000605303217,9.999000,1,1
973,genesis19cgvxl47q4wedgkks6dlqgf59ecgdcnrvthshx,9999000000605303217,9.999000,0,0.000000,9999000000605303217,9.999000,1,1
974,genesis1gedzr2evscvtrg8rfnvs7d36ygys6mp9ezd9vs,9999000000605303217,9.999000,0,0.000000,9999000000605303217,9.999000,1,1
975,genesis1nqv8f0jghwd5q23t9dlzxw7ezzllrdxcs4me2d,9999000000605303217,9.999000,0,0.000000,9999000000605303217,9.999000,1,1
976,genesis1pulm923z6nn6fmk6hhduutj0d7tqe2yez4yqzg,9999000000605303217,9.999000,0,0.000000,9999000000605303217,9.999000,1,1
977,genesis1zt82eh53462psv74f4fse8wnul3l7dq5l4nfld,9999000000605303217,9.999000,0,0.000000,9999000000605303217,9.999000,1,1
978,genesis1g9huk9adey7st6rtpwzp5zuuzmmzx4k9fw9f3v,9999000000528103337,9.999000,0,0.000000,9999000000528103337,9.999000,1,1
979,genesis1jut5qhrgx55704w4hdjk5zs2cv23ntrt7z6a7n,9999000000528103337,9.999000,0,0.000000,9999000000528103337,9.999000,1,1
980,genesis1npqjfnts6eha9gytkdrcnruftc8l34wx5e8he9,9999000000528103337,9.999000,0,0.000000,9999000000528103337,9.999000,1,1
981,genesis1usnt5mnapr3chvg8zyr3dl4lsvwpxuctnl4uk3,9999000000528103337,9.999000,0,0.000000,9999000000528103337,9.999000,1,1
982,genesis1y5v2lenpfdagencjylmcx0fyyjtgeppgtjwlaq,9999000000528103337,9.999000,0,0.000000,9999000000528103337,9.999000,1,1
983,genesis18pp4jg667amhagcm9yqjwe7d60gmktxmxe73r0,9999000000283188880,9.999000,0,0.000000,9999000000283188880,9.999000,1,1
984,genesis196ngrkgg9770c0dalmzu2fkjpm9ynrdx9l46aq,9999000000283188880,9.999000,0,0.000000,9999000000283188880,9.999000,1,1
985,genesis1d6dmmsdkl32udqxsqerlt8ul3lwfz2jj875sem,9999000000283188880,9.999000,0,0.000000,9999000000283188880,9.999000,1,1
986,genesis1edd7qt0x76utgkzvptnlt7r2xkl296tm5rpan6,9999000000283188880,9.999000,0,0.000000,9999000000283188880,9.999000,1,1
987,genesis1h9dgkeul2hfrvu98swg4qyy034q8r95luz2h9c,9999000000283188880,9.999000,0,0.000000,9999000000283188880,9.999000,1,1
988,genesis1jqgzknrznqdnw92g69fgq0sy6g2pq5ufwa5rtm,9999000000283188880,9.999000,0,0.000000,9999000000283188880,9.999000,1,1
989,genesis1lelg82huhelphk078hlmgfydw5r9uw5zxkjljn,9999000000283188880,9.999000,0,0.000000,9999000000283188880,9.999000,1,1
990,genesis1mt8nqh7wfqt0gvjreytw8metg5scx00yf6axss,9999000000283188880,9.999000,0,0.000000,9999000000283188880,9.999000,1,1
991,genesis1nfh9vmfaxxnqcrkw3gepey6k6ptsnsh42ashff,9999000000283188880,9.999000,0,0.000000,9999000000283188880,9.999000,1,1
992,genesis1q5j3m6u6egvuj35q93jr8p67e05z62wr033628,9999000000283188880,9.999000,40888911820802685250,40.888912,50887911821085874130,50.887912,1,7
993,genesis1qxkysemk47lwxeafgz6dadlrzg0wn2yz99gkay,9999000000283188880,9.999000,1999800006259244884,1.999800,11998800006542433764,11.998800,1,2
994,genesis1tjql39rx73f4gteu397c0nvg0nsez7670m0lg4,9999000000283188880,9.999000,0,0.000000,9999000000283188880,9.999000,1,1
995,genesis1v3rzxkd0zgeyzmuc78d5m92lyt0qcvu03yu7ft,9999000000283188880,9.999000,40895910021942268400,40.895910,50894910022225457280,50.894910,1,6
996,genesis1w2rr5m24slhuwt5yd6aeepf9906af4jzdz2vvf,9999000000283188880,9.999000,0,0.000000,9999000000283188880,9.999000,1,1
997,genesis1wvg0mtxw0jveclxmlsyyu6z0qdta093pyultsz,9999000000283188880,9.999000,0,0.000000,9999000000283188880,9.999000,1,1
998,genesis1wy63k8aekxuqmrtqu8uxnamz48rctvvr932j4d,9999000000283188880,9.999000,0,0.000000,9999000000283188880,9.999000,1,1
999,genesis1xj8xkm70ysq9ka9c9wchway9gnxad2rvvljf62,9999000000283188880,9.999000,0,0.000000,9999000000283188880,9.999000,1,1
1000,genesis1rwytctrqqaq08mdd4c7v57sqah44guxv9ngt3l,9998000116039920046,9.998000,0,0.000000,9998000116039920046,9.998000,1,3
1001,genesis122atfyf5f6utduzqtn93wu29k935cdzdhh9fjw,9998000107574063023,9.998000,0,0.000000,9998000107574063023,9.998000,1,1
1002,genesis12mf5rk0xry2m2krw98fsjnrg8ndr664692r2z3,9998000107574063023,9.998000,0,0.000000,9998000107574063023,9.998000,1,1
1003,genesis1jwtyqqzxswwsdmp3n5q2sewm93xqdjhg0xew5m,9998000103805319369,9.998000,0,0.000000,9998000103805319369,9.998000,1,1
1004,genesis1mmgra90s3kf8m2eq335nd4q43e99gtufnyulun,9998000103119991391,9.998000,0,0.000000,9998000103119991391,9.998000,1,1
1005,genesis15veazlm428h9cu0z8tpnvcegrzfj6dlmtzk0jn,9998000103119991390,9.998000,0,0.000000,9998000103119991390,9.998000,1,1
1006,genesis1erg2phzhumvgsynzk0553w772ldgv48yj5euwm,9998000103119991390,9.998000,0,0.000000,9998000103119991390,9.998000,1,1
1007,genesis1smxq3wrxp7spkfgydh4dvn6025l6n7nkl8sf2y,9998000103119991390,9.998000,0,0.000000,9998000103119991390,9.998000,1,1
1008,genesis1wkey62cwjce9jndprhtlkh9x5uvpjh7keg6wg5,9998000103119991390,9.998000,0,0.000000,9998000103119991390,9.998000,1,1
1009,genesis1rpmzafq0lsnyzan4cc8s75v60lrhnyedtmn0vf,9997000318386543742,9.997000,0,0.000000,9997000318386543742,9.997000,1,2
1010,genesis13pq6wkjrwjg4av0r5cyzw9ysgge8u0yfr5k8l7,9997000317240148715,9.997000,0,0.000000,9997000317240148715,9.997000,1,1
1011,genesis1f3w37sk8dss7jj9vqqnysmcnfmmyt3mt24awdd,9997000317240148715,9.997000,0,0.000000,9997000317240148715,9.997000,1,1
1012,genesis1nmy5cc2g766n9ct80mftclww8sptrep57x9l0x,9997000317240148715,9.997000,0,0.000000,9997000317240148715,9.997000,1,1
1013,genesis1ed7j6d5szywjpfmxmu30zz43v5cklz3yfae77v,9997000301970094109,9.997000,0,0.000000,9997000301970094109,9.997000,1,1
1014,genesis1afcvrstp45t49gpkjpxph9hhmnpn6xhmyj0lur,9996000607137001182,9.996001,0,0.000000,9996000607137001182,9.996001,1,1
1015,genesis1nueqv2yweqkj5lv5qkwl25sy8hyw9defak3tmk,9996000607137001182,9.996001,0,0.000000,9996000607137001182,9.996001,1,1
1016,genesis1unwaunmd48pt4uxv7t48a0cm0h60zss7hm8ww5,9996000607137001182,9.996001,0,0.000000,9996000607137001182,9.996001,1,1
1017,genesis1prcmpmwggaxt8v8csvcpz9vc6dnnrr5qf2gh79,9995501403292574142,9.995501,599880007663766213,0.599880,10595381410956340355,10.595381,2,3
1018,genesis1xc4e9qped5x77k92h378jt3sq7frnp2kyumsn2,9995001005024253962,9.995001,0,0.000000,9995001005024253962,9.995001,1,1
1019,genesis12hgm8d6xdfty9r3jshsr9e3rkw6m0kgfd0gldm,9994001524713868593,9.994002,0,0.000000,9994001524713868593,9.994002,1,1
1020,genesis13ee0yyvm7qhqsvqe2qprk3me60zlr642q2f2u4,9994001524713868593,9.994002,0,0.000000,9994001524713868593,9.994002,1,1
1021,genesis13mf9eackd4jmm3nrukj7788tzsxtkw89rltz8l,9994001524713868593,9.994002,0,0.000000,9994001524713868593,9.994002,1,1
1022,genesis13tq65srh53n4yfj974hppw2swk7rnzts6mqpf9,9994001524713868593,9.994002,0,0.000000,9994001524713868593,9.994002,1,1
1023,genesis1c8lupxkn44mtuk4mrpmg7ggv60r3pjzn66mwfx,9994001524713868593,9.994002,0,0.000000,9994001524713868593,9.994002,1,1
1024,genesis1cdak665z2vewlkqwf5z8024qg2flv09yezw2q8,9994001524713868593,9.994002,0,0.000000,9994001524713868593,9.994002,1,1
1025,genesis1d5jcc2wcpwppjcl9rg6ysf73xwpp6g5t220dq4,9994001524713868593,9.994002,0,0.000000,9994001524713868593,9.994002,1,1
1026,genesis1lww2fw7pzwuzs6fe7zjp928tdlqvhmlce8z2pn,9994001524713868593,9.994002,0,0.000000,9994001524713868593,9.994002,1,1
1027,genesis1mgcrn854t2zzqs45m7e2s6u6la094v8g8tt54n,9994001524713868593,9.994002,0,0.000000,9994001524713868593,9.994002,1,1
1028,genesis1r5dm9ag6p80rxc708y6kf4lrk9kntrvg3wkpqt,9994001524713868593,9.994002,0,0.000000,9994001524713868593,9.994002,1,1
1029,genesis1rsgg8v4elqsckvpkrvrdrj590xupvqyvuhdjhh,9994001524713868593,9.994002,0,0.000000,9994001524713868593,9.994002,1,1
1030,genesis1st9xyr8w5wpn0qe8pfqesq40c7n9xqc2r3340j,9994001524713868593,9.994002,0,0.000000,9994001524713868593,9.994002,1,1
1031,genesis1tfmr9ntgxpht2u23ytd9kdzvvyn0kcp2m3r7nm,9994001524713868593,9.994002,0,0.000000,9994001524713868593,9.994002,1,1
1032,genesis1thk3e895cspqemhf6le8yw4tr3ahqm7efe6gf6,9994001524713868593,9.994002,0,0.000000,9994001524713868593,9.994002,1,1
1033,genesis1ug57mmtpa765tkhfhzj0jcx52sp3jqhx36sa8d,9994001524713868593,9.994002,0,0.000000,9994001524713868593,9.994002,1,1
1034,genesis1x32ctklhw6l3gutmv7mmhja0nu8x2f8qr52yjk,9994001524713868593,9.994002,0,0.000000,9994001524713868593,9.994002,1,1
1035,genesis1xlfr7sha96lngf77p8n0lyj953qr54uhqxtzft,9994001524713868593,9.994002,0,0.000000,9994001524713868593,9.994002,1,1
1036,genesis15u3w5mn36qa6apaav9y8j7qnmz86a9xs5wdgwz,9994001507867434989,9.994002,0,0.000000,9994001507867434989,9.994002,1,1
1037,genesis1hmcrdsztazmz4apus257cc3z824gjg258k4s7r,9994001507867434989,9.994002,0,0.000000,9994001507867434989,9.994002,1,1
1038,genesis1hsxezlay09t8ty6maue78gr8rw7m86l3g8zv5z,9994001507867434989,9.994002,0,0.000000,9994001507867434989,9.994002,1,1
1039,genesis1lgyasyg9dp7lsuh8uq6glsku93kxv9scg9jady,9994001507867434989,9.994002,0,0.000000,9994001507867434989,9.994002,1,1
1040,genesis1vk4ygnzengh6l2jhxsmh2ec87fy33f07qm6yk5,9994001507867434989,9.994002,0,0.000000,9994001507867434989,9.994002,1,1
1041,genesis1vz06pvcl6d3cetfgz5642ms9uc08as8cfeeune,9994001507867434989,9.994002,0,0.000000,9994001507867434989,9.994002,1,1
1042,genesis1up74td95jyf60uqwf5zunxxemcrjra5pngce6l,9993002102929272978,9.993002,0,0.000000,9993002102929272978,9.993002,1,1
1043,genesis1yzmwuyvnyvsrv588auw90994jgtnw4flpt0kvf,9993002102929272978,9.993002,0,0.000000,9993002102929272978,9.993002,1,1
1044,genesis10yxycplpz59swupy6flhf2kh6pw8ssxq7vf8ku,9993002003240684606,9.993002,0,0.000000,9993002003240684606,9.993002,1,1
1045,genesis1kpdxcpuftcetg7jeufyt4gravmthkrshkmq5vl,9992502564371378544,9.992503,0,0.000000,9992502564371378544,9.992503,2,2
1046,genesis13fyrv9huq880vkc3unl45grn2klgt5qq4xtdpu,9992002803962935682,9.992003,0,0.000000,9992002803962935682,9.992003,1,1
1047,genesis13ma87jn4muednr85mz80aks3af099snawqwve5,9992002803962935682,9.992003,10497900105554845490,10.497900,20489902909517781172,20.489903,1,2
1048,genesis1d4eec6lphrwp0t47hu0e33d5dta0648rmwaw5w,9992002803962935682,9.992003,0,0.000000,9992002803962935682,9.992003,1,1
1049,genesis1fhayyy4u5n5vffh640esjx9he3zgds7m5r5vaf,9992002803962935682,9.992003,0,0.000000,9992002803962935682,9.992003,1,1
1050,genesis1fvu5cqaxkjcw868cmfe6fr9cnuazwllu4x4w8v,9992002803962935682,9.992003,0,0.000000,9992002803962935682,9.992003,1,1
1051,genesis1k6fxafnd7cla3f995vhekes7fhn724p8gkfrw0,9992002803962935682,9.992003,0,0.000000,9992002803962935682,9.992003,1,1
1052,genesis1lt2nxx99xnv0s76x83pd8w0mzman6dke02lrkf,9992002803962935682,9.992003,0,0.000000,9992002803962935682,9.992003,1,1
1053,genesis1u0yklqs5hfy6y6dan8sf4ct4qwt3spwpqq3dk8,9992002803962935682,9.992003,998800668713999298,0.998801,10990803472676934980,10.990803,1,2
1054,genesis185hfns4sps4rn2r9r4xycl0rk5ewy3j734y7nm,9992002802960388567,9.992003,0,0.000000,9992002802960388567,9.992003,1,1
1055,genesis1dmp5czdfkycxlvyzx8ns7wlk5mtrpexxyvfvm5,9992002802960388567,9.992003,0,0.000000,9992002802960388567,9.992003,1,1
1056,genesis1f0p6nhhj8g5l8h96sxfes84ylxnqpg6qkwxp57,9992002802960388567,9.992003,0,0.000000,9992002802960388567,9.992003,1,1
1057,genesis1z8qwf62g0pn2k2fx048g5r5eer240zrwnzurjy,9992002802960388567,9.992003,0,0.000000,9992002802960388567,9.992003,1,1
1058,genesis1zhkvqa4w70ss9hw60dhkljy2gr4gft3egefnh4,9992002802960388567,9.992003,0,0.000000,9992002802960388567,9.992003,1,1
1059,genesis100kra7wzzrnx6544jjzgkznak5h3e4wyzkr0k2,9991003604028888497,9.991004,0,0.000000,9991003604028888497,9.991004,1,1
1060,genesis134ultcrapjnu8nxttt5rlc05tgeex2ja2gc7m5,9991003604028888497,9.991004,0,0.000000,9991003604028888497,9.991004,1,1
1061,genesis152gdwwm6jc6phhk32cc2384a4hml3n5x6092ng,9991003604028888497,9.991004,0,0.000000,9991003604028888497,9.991004,1,1
1062,genesis17ftejcyuxyfysl96elvqtxjm94v6x5mevqwte7,9991003604028888497,9.991004,0,0.000000,9991003604028888497,9.991004,1,1
1063,genesis18vheqfa3fjvkwf2ucyaykhex6tp2mkdqngrdp0,9991003604028888497,9.991004,0,0.000000,9991003604028888497,9.991004,1,1
1064,genesis1drek4v8029rjx78vnkrnsy7gr5nr244ajaeyez,9991003604028888497,9.991004,0,0.000000,9991003604028888497,9.991004,1,1
1065,genesis1ehqspevc6qx9sqyj4unucmr6pzdfcv2ne6lnwa,9991003604028888497,9.991004,0,0.000000,9991003604028888497,9.991004,1,1
1066,genesis1gghe9mgk703cur0egksda6fdsr7dl58mt9qeu6,9991003604028888497,9.991004,0,0.000000,9991003604028888497,9.991004,1,1
1067,genesis1h7nwr4yzyemqzj8ufkws77zftvhl5peq53jsez,9991003604028888497,9.991004,0,0.000000,9991003604028888497,9.991004,1,1
1068,genesis1ravrrr3un9hk4zfhu3cfayc9zqn3z96c95056e,9991003604028888497,9.991004,0,0.000000,9991003604028888497,9.991004,1,1
1069,genesis1tat3vwnlr7sp63f4n0d9g8sf69gpkuy0ujsj9w,9991003604028888497,9.991004,0,0.000000,9991003604028888497,9.991004,1,1
1070,genesis1u5a5vzcpxgshflrnc3du6zc2qq63tulyjknenz,9991003604028888497,9.991004,0,0.000000,9991003604028888497,9.991004,1,1
1071,genesis1vm7wfrwdax0eqhulsvxaawztucxecyyfu6uguh,9991003604028888497,9.991004,0,0.000000,9991003604028888497,9.991004,1,1
1072,genesis1wazc9cr6gz58unr2lm7sfjz6ja9m67ql9qyngm,9991003604028888497,9.991004,0,0.000000,9991003604028888497,9.991004,1,1
1073,genesis1wxe0guzpyqct3chqqsjhm0m9ch25huag4vp94r,9991003604028888497,9.991004,0,0.000000,9991003604028888497,9.991004,1,1
1074,genesis1x7fjzxwdc7ekr9mxxtezr9mr3np09lw40u7hhw,9991003604028888497,9.991004,0,0.000000,9991003604028888497,9.991004,1,1
1075,genesis1xk793azjrrkxjg0j8ytkutwrpuczccuja9aq5h,9991003604028888497,9.991004,0,0.000000,9991003604028888497,9.991004,1,1
1076,genesis1yllsmhc44p2m0dev5wz45wlcryxned50scsjxx,9991003604028888497,9.991004,0,0.000000,9991003604028888497,9.991004,1,1
1077,genesis1ywr2thr2g8ray5marc4dd3j9w5plg7sqm6rdyh,9991003604028888497,9.991004,0,0.000000,9991003604028888497,9.991004,1,1
1078,genesis1z6atjmr2mfmwy3k5hf62u8w276c99nz67y44yz,9991003604028888497,9.991004,0,0.000000,9991003604028888497,9.991004,1,1
1079,genesis1qyqpmsxzkhyg0clvhtw805f40l5w0hnc25elal,9879012000766176784,9.879012,0,0.000000,9879012000766176784,9.879012,1,1
1080,genesis1ndfuepantxksaygnv20nar9pew4y4jkcx5l0d5,9549954030752917333,9.549954,0,0.000000,9549954030752917333,9.549954,1,1
1081,genesis1tmttlndvk6adkf6c9ugkda92mwpel3whllayp0,9298520092380941974,9.298520,1099670033370165965,1.099670,10398190125751107939,10.398190,1,6
1082,genesis1ar5cxc60sadv0el9235h7wvrva4c9e7v8v0929,9000000000000000000,9.000000,0,0.000000,9000000000000000000,9.000000,1,1
1083,genesis1avr7nh29xldz2xhr4kg75e73ysreag8alrq8uq,9000000000000000000,9.000000,0,0.000000,9000000000000000000,9.000000,1,1
1084,genesis1j7k4qr4kxt37e05ylyzngj4a7y5sc4shp54d3l,9000000000000000000,9.000000,0,0.000000,9000000000000000000,9.000000,1,1
1085,genesis1pscc4p8cynm6zcam3wcz7rnnzsazkh3lky3c9m,9000000000000000000,9.000000,0,0.000000,9000000000000000000,9.000000,1,1
1086,genesis1vewtcqmg9rc9gkgnkjeyagpznwc7fulj3rvrxp,8999100000254869992,8.999100,0,0.000000,8999100000254869992,8.999100,1,1
1087,genesis1cx3rxyyql8ef8a69zrm2p6jecq00d8at34mmj0,8998200092807992251,8.998200,0,0.000000,8998200092807992251,8.998200,1,1
1088,genesis1qn08klln63pf390z3mvlt4us45qedknra5gy4d,8997300271773084698,8.997300,0,0.000000,8997300271773084698,8.997300,1,1
1089,genesis13hgrjpzlkdylmjvhkr6385jkn4astv4qhayr40,8997100610027141877,8.997101,0,0.000000,8997100610027141877,8.997101,2,2
1090,genesis18pud5xrke2wj88jydft7g6c9hylu96kg8kh3qr,8996400546423301063,8.996401,0,0.000000,8996400546423301063,8.996401,1,1
1091,genesis1z5tq60s9zxu339j9pvdud4qeaued0xpts4x6g4,8994601357080691490,8.994601,0,0.000000,8994601357080691490,8.994601,1,1
1092,genesis1gc7ne9k5j5jt8pzm02vystc3922tehusn4ucem,8992802523566642114,8.992803,0,0.000000,8992802523566642114,8.992803,1,1
1093,genesis15s4h0ezv3eqv2k78e5cy2x3pt3w36jwj7l06gh,8991903243625999648,8.991903,0,0.000000,8991903243625999648,8.991903,1,1
1094,genesis1h3aedqw7r6kkx2a2kdn3d87a8pa292lk7t0a9x,8991903243625999648,8.991903,0,0.000000,8991903243625999648,8.991903,1,1
1095,genesis12uk22nzee0hgahzttujcdce78ax627ase8v70h,8950563340538136646,8.950563,0,0.000000,8950563340538136646,8.950563,1,1
1096,genesis1t7kggne7kpsrctfkau00cnkp4lu34u7fk9pnkw,8609370000758789439,8.609370,280,0.000000,8609370000758789719,8.609370,1,2
1097,genesis1pxnmvwh2eg2gkzatdfnxdl37wjzzr4xyuqkj94,8529099258622269946,8.529099,8512974805104618265,8.512975,17042074063726888211,17.042074,1,2
1098,genesis1drvrq722kh24h5ulxjrapmq7er2avdwhdtgwt9,8479353848552879006,8.479354,0,0.000000,8479353848552879006,8.479354,1,1
1099,genesis196kx67d86nw2z93ldsl2qmhapuvwrlyrxuen9z,8205255947091561955,8.205256,0,0.000000,8205255947091561955,8.205256,1,1
1100,genesis1xga8gd2lvxmjvprmxe55eu6azp459pnhx4kvts,7997600241576075287,7.997600,0,0.000000,7997600241576075287,7.997600,1,1
1101,genesis1wky9pg7hv34c9xtjjyhg55fzdrr5e6mxetvqgj,7995201214717164792,7.995201,2997600662880774346,2.997601,10992801877597939138,10.992802,2,3
1102,genesis1vrrj4kw52kchqzgzpn5zw46dha2cdp6hvukgjm,7966370363399519820,7.966370,7347274057485419907,7.347274,15313644420884939727,15.313644,1,2
1103,genesis146hfkhgymyja3cwat6vvqa9pp6vj339772302q,7925301618149162167,7.925302,8015832788573394341,8.015833,15941134406722556508,15.941134,1,2
1104,genesis15ycfvdjelxk768rn2gqmkp04we67ypdcggkd5v,7519922441546769009,7.519922,6997593722567282042,6.997594,14517516164114051051,14.517516,1,2
1105,genesis1suvlzxf5057p5tlu9636ysy02t6v38e2aejveg,7513087547276877019,7.513088,0,0.000000,7513087547276877019,7.513088,1,1
1106,genesis1qsg2sxjwhj09hjwan4dfwxx4ll3vx9k6w8yfy2,7513036735181426408,7.513037,0,0.000000,7513036735181426408,7.513037,1,1
1107,genesis1qfuk95lz97nxhecgl56mskltzr6lu4pkuh9e4j,7509929123668961990,7.509929,7503608724825727006,7.503609,15013537848494688996,15.013538,1,2
1108,genesis17n5tv6pp6kdat62cal9zxxkt09myc3mtuad4q8,7313345414445101785,7.313345,0,0.000000,7313345414445101785,7.313345,1,1
1109,genesis12444l9ysjhr3tyxjq8xzl04qe20945whgwx2fw,7304778226029458247,7.304778,6998028924268052540,6.998029,14302807150297510787,14.302807,1,2
1110,genesis1ay0gckvd6xh5ez7j5hzjrhlewqxq0mt94lcp95,7296802964030412582,7.296803,5993403403200709718,5.993403,13290206367231122300,13.290206,1,2
1111,genesis1w6dpa2l2fc3v2rc9dpuhqg4lt6ykvlqg7xz3w5,7000000000000000000,7.000000,0,0.000000,7000000000000000000,7.000000,1,1
1112,genesis1kp645tmhwxltp82emm358zxqe9cvjyj3td4wc2,6999300002537331803,6.999300,5998200181140664668,5.998200,12997500183677996471,12.997500,1,2
1113,genesis1lp9p54x3lgnxxypqr7mud5ks95kzt3fxtfwqx2,6995801067299708015,6.995801,0,0.000000,6995801067299708015,6.995801,1,1
1114,genesis1ka56shsuqku6c8apzg5neksn6uve6xq7lc7c2j,6995701372189393067,6.995701,1999800000825432194,1.999800,8995501373014825261,8.995501,3,4
1115,genesis1pswe4zg8agsn8vjqtp5y7p69c2uu9zncdwxsfg,6995501234025755888,6.995501,2999700000018778694,2.999700,9995201234044534582,9.995201,2,3
1116,genesis1l9cjezeeh25h3qpuf7r829rzg69v8lvcvg9zyn,6994801706924241559,6.994802,2999400030411678448,2.999400,9994201737335920007,9.994202,2,3
1117,genesis1vzflwn6zmjfp8snwujmnx9addvp43yaxnw7vz4,6994302072490337292,6.994302,4999000050264212138,4.999000,11993302122754549430,11.993302,1,2
1118,genesis19x0a4j3lp0cgjckxkm5zq84cj5agfqlmqvasqx,6993702522820221948,6.993703,9998000100691255862,9.998000,16991702623511477810,16.991703,1,2
1119,genesis1arlnqmf2jmjgua5tg677pp8l65rltk6t7vr55p,6993702522820221948,6.993703,0,0.000000,6993702522820221948,6.993703,1,1
1120,genesis1twvezk8vvncy4937q23uj0jwyv8phy79t6m65l,6993702522820221948,6.993703,0,0.000000,6993702522820221948,6.993703,1,1
1121,genesis1kjtmkagp4fz7tx9nsu5a2xfnz6m50nud2g5gx8,6898200452360230496,6.898200,3996401467390297839,3.996401,10894601919750528335,10.894602,2,3
1122,genesis1zp2d8ql5d90u0f0vh4du4xautuhc3dkqwwdn0u,5999400000363181930,5.999400,4498200270848084828,4.498200,10497600271211266758,10.497600,1,2
1123,genesis1jyc2gx72jt0h0puwck5n9r3ag74q3v6ezwewtr,5999400000169913328,5.999400,0,0.000000,5999400000169913328,5.999400,1,1
1124,genesis1kxp268e850cdsyjxf9xsumy6yp6p3cr0gs98wf,5998200181182056465,5.998200,0,0.000000,5998200181182056465,5.998200,1,1
1125,genesis17z4qv7yg505sqyg0m4velx4rn47l0fyyn4wluk,5997900276485568589,5.997900,4895941781535385248,4.895942,10893842058020953837,10.893842,2,8
1126,genesis1kq8yq7yjf74z2kgmpg33cvkv732lshrscj2hsa,5996400914828321156,5.996401,0,0.000000,5996400914828321156,5.996401,1,1
1127,genesis1cvfe7ft4xquczrz8h0k0g3crlu5v987kyv3k90,5996400904720460993,5.996401,3999200040877731582,3.999200,9995600945598192575,9.995601,1,2
1128,genesis1vaz3yc3e7qlldawk0mhsc7dq9vpecwp72yvsuy,5995501538622827127,5.995502,2999100091009543193,2.999100,8994601629632370320,8.994602,2,3
1129,genesis179jzv7348lgu9zaq5xlnk7swchzsr22f05nejy,5994602162417333098,5.994602,23993302435646860157,23.993302,29987904598064193255,29.987905,1,8
1130,genesis18grgrw89a3e88ttan78a04qsxujwjld8x9mqyr,5994602162417333098,5.994602,4499100045237790924,4.499100,10493702207655124022,10.493702,1,2
1131,genesis1tevzwt4ztgz7q6gp5t4wna3e8xe5fcxxnzlgjh,5902721802810359381,5.902722,0,0.000000,5902721802810359381,5.902722,1,1
1132,genesis1pncdulpncl2qazdexc27vl5nsw8fgd65yak4mx,5899410000457534719,5.899410,4998000300942316475,4.998000,10897410301399851194,10.897410,1,2
1133,genesis18yyvg2dvxls2ptls38p0pnzvum5s99gse9lmj0,5895871240728271057,5.895871,4998000300942316475,4.998000,10893871541670587532,10.893872,1,2
1134,genesis1yw0g2zsvwkgg6k54ukwzmqkq9ggdl2uzmmlga9,5895281654338132052,5.895282,44995000092256503473,44.995000,50890281746594635525,50.890282,1,10
1135,genesis1n4a4p72aanetsq9sp59vvv3pjsphw0kcz5lhts,5894692126377044213,5.894692,5000000000000000000,5.000000,10894692126377044213,10.894692,1,2
1136,genesis1xq5pmdaf5pu32e6j6cf78saa6syekxszr290py,5894692126377044213,5.894692,4999000050264212138,4.999000,10893692176641256351,10.893692,1,2
1137,genesis1z0ysgv8w09mht284m4p20dgqckxd4lg2qp7pzg,5874952635203112856,5.874953,5095527597292176606,5.095528,10970480232495289462,10.970480,1,2
1138,genesis1sf7uk9rcscmjx9ljvv5ghscu0mhu0pmveqly78,5799420000164249550,5.799420,5789209968750924593,5.789210,11588629968915174143,11.588630,1,2
1139,genesis1gtktspet9s638sgumpwxcwyzsp9pfkhwjlxcza,5794782090336755328,5.794782,4999000050264212138,4.999000,10793782140600967466,10.793782,1,2
1140,genesis1egmzl9um3x782fztycvza0ez9vvm7qpku0zzqc,5496700829327089244,5.496701,4999000050686130746,4.999000,10495700880013219990,10.495701,1,2
1141,genesis1lpy3vrtqs9jpcsat5a5t9vwpptfljn3qchcsj3,5398260420682138814,5.398260,6699130027643556085,6.699130,12097390448325694899,12.097390,2,6
1142,genesis1zvlq08sukzrslsrjjgtkcjx07l6tad78llghug,5358639254761233559,5.358639,5188205344035672032,5.188205,10546844598796905591,10.546845,8,26
1143,genesis1zrequh7kyglhzgj0hf6fd6apfnea6d7ssvfter,5295231910135310903,5.295232,5298940053280064866,5.298940,10594171963415375769,10.594172,1,2
1144,genesis18a5wwnd93gpwelf5emtews80y3q8gs8dy5akj4,5101050716108511658,5.101051,0,0.000000,5101050716108511658,5.101051,1,1
1145,genesis1k9lshz0mg3ar7p45ppcnx6nnxs63ser3je458j,5044789861097272570,5.044790,10996700332091218558,10.996700,16041490193188491128,16.041490,1,3
1146,genesis1neuyxkvlc0dxgcpvtg9gdq5mkj3re6ke60uwax,5000000000000000000,5.000000,0,0.000000,5000000000000000000,5.000000,1,1
1147,genesis1zg69d92dn57pgawvmtsvq945k6mq4560ste9ne,5000000000000000000,5.000000,0,0.000000,5000000000000000000,5.000000,1,1
1148,genesis1amwjv5yfawfvq65ys93muz334fkjqtsw6quf8c,4999500000387741287,4.999500,0,0.000000,4999500000387741287,4.999500,1,1
1149,genesis1c45wvt2lpz3rwgnapw9aypq4zq9x9fhzv3wrk8,4999500000387741287,4.999500,0,0.000000,4999500000387741287,4.999500,1,1
1150,genesis1nrpfun5nhljltk7h9sstdfza2f7s3pthf7q94f,4999500000387741287,4.999500,5497800331036548123,5.497800,10497300331424289410,10.497300,1,2
1151,genesis1qdtwzgkpludkshgldk7z7zu6mjjsk55x0xa787,4999500000387741287,4.999500,4998000300942316475,4.998000,9997500301330057762,9.997500,1,2
1152,genesis1rzm25ul3vmw5djnwzhgnthuqx0zvqyccy20q40,4999500000387741287,4.999500,4998000300942316475,4.998000,9997500301330057762,9.997500,1,2
1153,genesis1vakw4yjezvpfkfdl6awx3fswgs534h6cuvunrn,4999500000387741287,4.999500,3998400240753853180,3.998400,8997900241141594467,8.997900,1,2
1154,genesis1zcfesl9uzazwzd76ual4lxknd9s5q3c06w0yqd,4999500000387741287,4.999500,4998000300942316475,4.998000,9997500301330057762,9.997500,1,2
1155,genesis1g0pluz3qggcl0ey4d25zhwhmm3vez72rnqhwas,4999500000302651608,4.999500,4999000050896997328,4.999000,9998500051199648936,9.998500,1,3
1156,genesis1uh7qk3mxa0hd4f3rr55rq6jty8szf3he4jy9x3,4999500000302651608,4.999500,4999500004937580672,4.999500,9999000005240232280,9.999000,1,2
1157,genesis1ql3h9920tn56mdz7sgkh7ltcagespefe0s8jnd,4999500000264051668,4.999500,0,0.000000,4999500000264051668,4.999500,1,1
1158,genesis10p7g2mpyd4rpjjpq7s6szd0vf2y2dnnk6nzlk5,4999500000141594440,4.999500,4998503141835357681,4.998503,9998003141976952121,9.998003,1,2
1159,genesis1352qm92l6p3w4jldzd66yl9xl4c84zeda07x83,4999500000141594440,4.999500,5749925003092054064,5.749925,10749425003233648504,10.749425,1,3
1160,genesis170qjcrghz9lmye6uqw0nkqdnxgmmnsk3jtrkrm,4999500000141594440,4.999500,0,0.000000,4999500000141594440,4.999500,1,1
1161,genesis18q85cqsuu97hpu7vn54433k86cxv29k2jns05t,4999500000141594440,4.999500,4999000050345627931,4.999000,9998500050487222371,9.998500,1,2
1162,genesis1pms9ftyy8uh47qj2s8evwqnfg7sfqz9vwzepf4,4999500000141594440,4.999500,0,0.000000,4999500000141594440,4.999500,1,1
1163,genesis1qjmrhzc7g268knlh0unv9zjcfkwavgjklvenx6,4999500000141594440,4.999500,4999000050345627931,4.999000,9998500050487222371,9.998500,1,2
1164,genesis17wcy6e0345q9sacmzj0m30tzkwf54zgc6ld2gp,4999000051559995695,4.999000,4998000302848909906,4.998000,9997000354408905601,9.997000,1,2
1165,genesis18l2965me2kzsjdz0tuqtagm78l8c2g5q5ulkaw,4999000051559995695,4.999000,0,0.000000,4999000051559995695,4.999000,1,1
1166,genesis1js4f9mnjastquhcnpq32yzrlj2da3ygca02zzg,4999000051559995695,4.999000,4999000050896997328,4.999000,9998000102456993023,9.998000,1,2
1167,genesis1nchst0mfu7ky3tn6x6e885w2khxefkj49s3n6z,4999000051275018730,4.999000,15898910006223148238,15.898910,20897910057498166968,20.897910,1,4
1168,genesis10s6glwj2zkeyfzk9u0nw654xgfr73uelpg4dt9,4998500158620074357,4.998500,5998800060414753517,5.998800,10997300219034827874,10.997300,1,2
1169,genesis15mlzuq0y46p6lzrkvkrzn5h8azzl0zkggsdml6,4998500158620074357,4.998500,6857945198261274460,6.857945,11856445356881348817,11.856445,1,3
1170,genesis1pgvwjfmjk3cfydk8nypjksn090p9kavejqe5v8,4998500150985047054,4.998500,5997100565877419532,5.997101,10995600716862466586,10.995601,1,2
1171,genesis1nfu9j53v3dd650usnnatea8vywz5sz846ygag8,4998400431220860932,4.998400,11997700152805854242,11.997700,16996100584026715174,16.996101,5,15
1172,genesis14xzmvz26n2qcckm8zjxnjv59dps2j5l0kq2vga,4998000303568500591,4.998000,4999500016343258183,4.999500,9997500319911758774,9.997500,1,2
1173,genesis16myvwqp52p0z4lae0jp367vv7k4x0efh5qhxpp,4998000303568500591,4.998000,0,0.000000,4998000303568500591,4.998000,1,1
1174,genesis1dmsz8mj00v0tjc4q0hy7ms7hge3jmfuj42mlyn,4997000762356934296,4.997001,4999500002338013970,4.999500,9996500764694948266,9.996501,1,2
1175,genesis10lyfass5az8wkw865yn7rcvarve34jgzt72gd4,4997000753933717494,4.997001,0,0.000000,4997000753933717494,4.997001,1,1
1176,genesis12xz5xewzvufwqf2pfveh4hc03sjmcx9q0zu5vw,4997000753933717494,4.997001,0,0.000000,4997000753933717494,4.997001,1,1
1177,genesis13ge2hr95tgp30dccsptlmyuveutjalh69p0la4,4997000753933717494,4.997001,0,0.000000,4997000753933717494,4.997001,1,1
1178,genesis15myx4udldf3688clp2h267sqhrv407gzj4a3yl,4997000753933717494,4.997001,15894411840635394697,15.894412,20891412594569112191,20.891413,1,4
1179,genesis13gyp5ue88pml2j0c9jdeajpmexduzy63pn55qv,4996001401981467841,4.996001,5998800072605323692,5.998800,10994801474586791533,10.994801,1,2
1180,genesis106v0dgp92mwgerjph7aw84wwkutzuq4z9sjtgz,4996001401480194283,4.996001,6498700069812590420,6.498700,11494701471292784703,11.494701,1,3
1181,genesis14rw67z5jz5yx3cwwyhdypayxe5pxksyferxh7a,4995501802014444248,4.995502,4999000050264212138,4.999000,9994501852278656386,9.994502,1,2
1182,genesis159gprehukp9ax4nlrs87hyerh9kf69cxha7f6e,4995501802014444248,4.995502,3999200040211369710,3.999200,8994701842225813958,8.994702,1,2
1183,genesis163zhn7pqhd7u70a73agprlz0qjqvz4weamgyah,4995501802014444248,4.995502,5498900055290633352,5.498900,10494401857305077600,10.494402,1,2
1184,genesis18cmsf859pv9t37sm9lz5hnkn9rwknd4umtpv7p,4995501802014444248,4.995502,4999000050264212138,4.999000,9994501852278656386,9.994502,1,2
1185,genesis19fmpkw9xzvevws3z6wkt3tscw2v5yput2ca7e9,4995501802014444248,4.995502,4990009595064699626,4.990010,9985511397079143874,9.985511,1,2
1186,genesis1da7hanfd23muqanzgcajx60fj5cx07fmu9ruw7,4995501802014444248,4.995502,24994000455494067132,24.994000,29989502257508511380,29.989502,1,5
1187,genesis1k4paygdg7tyw3ye65qua00pw6vlqmvsk3ff4jr,4995501802014444248,4.995502,4999000050264212138,4.999000,9994501852278656386,9.994502,1,2
1188,genesis1qwrencstpqk3mytuwn8kv3dquv9dtfqwlh04lt,4995501802014444248,4.995502,5958808059914940869,5.958808,10954309861929385117,10.954310,1,2
1189,genesis1s2qslv6garwnuqgjdg8faxghuwu32en45hz45w,4995501802014444248,4.995502,5798840058306486080,5.798840,10794341860320930328,10.794342,1,2
1190,genesis1vgq6nek8uzjmuvsa7u3xvx33qaqv52u2h8z078,4995501802014444248,4.995502,0,0.000000,4995501802014444248,4.995502,1,1
1191,genesis1vtxf37wet22efwrmyhkpltl87xjkx2djm4unjj,4995501802014444248,4.995502,4999000050264212138,4.999000,9994501852278656386,9.994502,1,2
1192,genesis1wguw49l28ygmylga4kecjjkanaz6auz4e0tg3g,4995501802014444248,4.995502,0,0.000000,4995501802014444248,4.995502,1,1
1193,genesis1wzyersvqqt4d8rnjtremhylvwlwgdwd4cq83zn,4995501802014444248,4.995502,0,0.000000,4995501802014444248,4.995502,1,1
1194,genesis1ywwr6elt0h2v7stjzqf3t7cceqd6njk5ufakfw,4995501802014444248,4.995502,4999000050264212138,4.999000,9994501852278656386,9.994502,1,2
1195,genesis17z86a8veday6a63qdwrjtfj9cs2yhvuf4q00vl,4946446160199793835,4.946446,5998500120995596104,5.998500,10944946281195389939,10.944946,2,4
1196,genesis1fhl3mweztg6frpc06v0vjtf53ewfdtstk75r6j,4897660500729585889,4.897661,5998500121421221641,5.998500,10896160622150807530,10.896161,2,4
1197,genesis1kldgqq66mu7d9kxuf85rnuxcwl2l04lpufsg9v,4895591765974155363,4.895592,5998800061316597374,5.998800,10894391827290752737,10.894392,1,2
1198,genesis1entd98ckj04wpdn8ce73ma87swvmgrk3038khj,4865899800000000000,4.865900,0,0.000000,4865899800000000000,4.865900,1,1
1199,genesis13qnx730qsvhr3jweq6ux5mhz65hfedkvjkpltc,4786064298052746692,4.786064,13552668338516890432,13.552668,18338732636569637124,18.338733,1,3
1200,genesis1wn6w5xs7n5q0lvxjsap75ytthmn93rsvd32hd8,4599560023786408010,4.599560,0,0.000000,4599560023786408010,4.599560,1,2
1201,genesis1wqdmtvhk87vclhft7lnpw79f4r7add8q2nqzgy,4499550000348967158,4.499550,6497712409652045059,6.497712,10997262410001012217,10.997262,1,2
1202,genesis1uta2mx7jdxc0tydznryd8a8we6p3xnts3l090d,4496850946318172840,4.496851,5998200210772766643,5.998200,10495051157090939483,10.495051,1,3
1203,genesis1nz0jcep6z9je5qu9vyrvzcjunc9yqpz0ata0e4,4495951621812999824,4.495952,5998800060317054566,5.998800,10494751682130054390,10.494752,1,2
1204,genesis187crdd56udem0wx4w90xlqg6tj2zvqzzejcqxe,4486776429714353479,4.486776,6622914785297703143,6.622915,11109691215012056622,11.109691,2,5
1205,genesis1a7k5qq8guar9ld877ns8gcw3edwdmzeufwvx48,4428240500811119650,4.428241,6997735948275511559,6.997736,11425976449086631209,11.425976,1,2
1206,genesis186sfgqvs6stwxqde7wlsc2nx2rpfxessjjd0ct,4404793309598250298,4.404793,3998900110773502743,3.998900,8403693420371753041,8.403693,4,8
1207,genesis12y4gqmav0sums6896s048a8l5nkrj76xx47rus,4366901880000000000,4.366902,0,0.000000,4366901880000000000,4.366902,1,1
1208,genesis1myhtnd4aghfvt7anv5d5dxnv5540vjsap4k3nj,4144391514476128841,4.144392,0,0.000000,4144391514476128841,4.144392,1,2
1209,genesis19r7a8v2dh2ygp288jcltq9c90apctmxv0se9lc,3999600000310193030,3.999600,5997600361130779770,5.997600,9997200361440972800,9.997200,1,2
1210,genesis1fjhtga2hg3tke378fn772r8zyt08wvsjmawzwc,3999600000310193030,3.999600,4998000300942316475,4.998000,8997600301252509505,8.997600,1,2
1211,genesis1r6a5fdk9wap9kd9n0kc8zdsfcwa04r560ulxup,3999600000242121287,3.999600,0,0.000000,3999600000242121287,3.999600,1,1
1212,genesis14v0e9hrth8a6mpyfwdhj27j7r06c0dcuq57uzx,3998000720862415475,3.998001,3999400021073456760,3.999400,7997400741935872235,7.997401,2,4
1213,genesis1425x8c2v697tfsnwywddxj8gyg3gg69z9sy63r,3997400729855053160,3.997401,6996302281317908166,6.996302,10993703011172961326,10.993703,1,5
1214,genesis16ars5rflyxqkfamdfs96fj6ncz27xuvwnrltmh,3868032840000000000,3.868033,0,0.000000,3868032840000000000,3.868033,1,1
1215,genesis1jd8cf5yeuhl2h2ymckxmadekdmlkh7r3fcyd0m,3802503454022676656,3.802503,0,0.000000,3802503454022676656,3.802503,2,2
1216,genesis1l9r8jh9m7rtsnzp0j94h5ep8dxpvyevg0nqgga,3200000000000000000,3.200000,625542773423649099499,625.542773,628742773423649099499,628.742773,2,3
1217,genesis1tx4kpj0yp4xx6uuzu0cnq8z5spqxclv9wa7q7n,3028788214994059737,3.028788,7066164354758303897,7.066164,10094952569752363634,10.094953,2,9
1218,genesis190pj7x86udazs82e66e67sn3lwmsz9rrz29ljz,3000000000000000000,3.000000,13794580800602440955,13.794581,16794580800602440955,16.794581,1,3
1219,genesis1n3aw6f590psvu07lp833683f4095nj6fevue7n,3000000000000000000,3.000000,0,0.000000,3000000000000000000,3.000000,1,1
1220,genesis1sh78xk4terehvp6966grk6a0gy7k90grjsnjsd,3000000000000000000,3.000000,0,0.000000,3000000000000000000,3.000000,1,1
1221,genesis1xjapfntlvpz2uf738lud7yvxcutkvk24hsadhh,2999900000425347733,2.999900,7898720050153500253,7.898720,10898620050578847986,10.898620,2,8
1222,genesis1378dkrevhzm4tjnyfpqczt7ks3z5f6fyp6cnkc,2999700000084956664,2.999700,1999401256734143072,1.999401,4999101256819099736,4.999101,1,2
1223,genesis1830649ahmsntdtqm4633cpslt3qllrfpk03eyc,2999700000084956664,2.999700,5998800060474466149,5.998800,8998500060559422813,8.998500,1,3
1224,genesis1lnuqxrtdee5u60cqkewlwg6wn0juewcgpks95r,2999700000084956664,2.999700,7998601280867812660,7.998601,10998301280952769324,10.998301,1,5
1225,genesis13hwzm8wcd8p90dm3xk5t7zj2zqmzs8mgdjcw7e,2999400030935997417,2.999400,2999400030658298687,2.999400,5998800061594296104,5.998800,1,2
1226,genesis1lyhe9syygu6nwkf3jsg6vs4xneqektltlqd47n,2998800182141100354,2.998800,7498500076124995412,7.498500,10497300258266095766,10.497300,1,3
1227,genesis122l8dtcxdn27lqz5phhnafgsfehw5avm3mnvzf,2998200457414160578,2.998200,2999600011099751786,2.999600,5997800468513912364,5.997800,1,4
1228,genesis1xncwhg7ak55tgqlmwpsur2t2ukshx6au5d4a48,2998200457414160578,2.998200,7747600279362823066,7.747600,10745800736776983644,10.745801,1,5
1229,genesis15am7gfqewp9f233dssfhgm587uuph4vw85s5nf,2998200452360230496,2.998200,4999000050345627931,4.999000,7997200502705858427,7.997201,1,2
1230,genesis14tyk853cj8cn7r7v8fxty93xydgvhlej3yztt3,2997301081208666549,2.997301,0,0.000000,2997301081208666549,2.997301,1,1
1231,genesis1pfs2gzsz7tjryxw4ylsssapzg0xtd04w7j6nxe,2801468395786988500,2.801468,10770517290881075965,10.770517,13571985686668064465,13.571986,1,2
1232,genesis1huaayys7a8uv9d6e7ps9avzxfm9ffe95zzcc9w,2781132861427785144,2.781133,9996395495187244061,9.996395,12777528356615029205,12.777528,1,2
1233,genesis1gs4u2hrdqlzlz8f8nzpp55zd2l2jpz3v7za2s6,2662668355217878566,2.662668,5992002974618990360,5.992003,8654671329836868926,8.654671,8,26
1234,genesis1hctdvt47zernfrj02p3q0a859ls7497wenaf0e,2500000000000000000,2.500000,14313249452204183102,14.313249,16813249452204183102,16.813249,1,2
1235,genesis1wf7tcypfjnf43kenjfh6n9ukar2avtlpffhgwn,2498600335299623777,2.498600,1999600020105684855,1.999600,4498200355405308632,4.498200,2,3
1236,genesis1s8f7epenu00ntspjnzqefelyr6ttf65y37q7nm,2409464581329724802,2.409465,8998200091235035344,8.998200,11407664672564760146,11.407665,1,2
1237,genesis1h3mr4kkqy05v9v7a09y2zc80np0t46374j82qu,2299999999999999700,2.300000,15589551967877574452,15.589552,17889551967877574152,17.889552,1,2
1238,genesis1ngrkap5dvffa2v3gh6yv2f352rkp0jjcma2qny,2270643283357414100,2.270643,10868828678628795058,10.868829,13139471961986209158,13.139472,1,3
1239,genesis1nzdp8mkqxk37hulrut49atsjjdmhjwx0qmkr8g,2259599125741864417,2.259599,14364562137365097540,14.364562,16624161263106961957,16.624161,2,3
1240,genesis1w5jf6v8hmyvnarqlyzw0pct78nh5p4jzcv7rtn,2102580467549475018,2.102580,31211672915119170640,31.211673,33314253382668645658,33.314253,1,3
1241,genesis1nj3yvl6v4uzft52ccz23jqn7403aen0mqf0a7f,2009598020612557593,2.009598,9996000601884632951,9.996001,12005598622497190544,12.005599,1,2
1242,genesis1nq5p60vvhg6p2gkyyqyyycwnyn9l64k4uy5nft,2008392563596550136,2.008393,9996000601884632951,9.996001,12004393165481183087,12.004393,1,2
1243,genesis1g5tn2xq4m0ch0c7nxdr4usf08aqfnu2u452vmk,2000000000000000000,2.000000,14996810199298181968,14.996810,16996810199298181968,16.996810,1,2
1244,genesis1vuy6azcmpngnctx8rnc3wzzvldceg0ueh908rt,2000000000000000000,2.000000,10000000000000000000,10.000000,12000000000000000000,12.000000,1,2
1245,genesis17tg4kdh42t3gcp6804synejdxgcyvslduecgvu,1999800000056637776,1.999800,6995103899991943633,6.995104,8994903900048581409,8.994904,1,5
1246,genesis1qtq3g2nmr8arl7c8m09ux47r3uej6p3s2ah5mn,1999800000056637776,1.999800,8896511225343491197,8.896511,10896311225400128973,10.896311,1,5
1247,genesis1galg9em5pnycrnk3syykzxptj0j88utnahkg6n,1999700010817936623,1.999700,4998700121580508368,4.998700,6998400132398444991,6.998400,2,6
1248,genesis18ayfuqplf2u3q7lscw60w428j9wlcmdqwlsd4a,1999100184195401730,1.999100,3997502130102938972,3.997502,5996602314298340702,5.996602,2,6
1249,genesis1cu2ml42knx27mtpswwsltvdf36902hh5y0fqxc,1998800304942773718,1.998800,7994404360452051043,7.994404,9993204665394824761,9.993205,1,4
1250,genesis1kdetk73t9my2t3ur83h5ql93x3rqzxfax24xk3,1998800304942773718,1.998800,3309468020912355230,3.309468,5308268325855128948,5.308268,1,3
1251,genesis1vyc9pwdhjwsmt6w3asp8yemr3hndh3t4a9vfdq,1998500512874275708,1.998501,6996702211225842120,6.996702,8995202724100117828,8.995203,2,8
1252,genesis1tly6hw9unne8e7e438peywv3s099r8th7z2x2s,1998400560592077713,1.998401,4998500151682571988,4.998500,6996900712274649701,6.996901,1,2
1253,genesis1ddnekr7dvtfed3t5pk0qq9ldpckkas797c7c52,1998200720805777699,1.998201,7996400644790780310,7.996401,9994601365596558009,9.994601,1,3
1254,genesis13c83mu3p5k9hlexg3c2gq4cv39acl8tm8aezc5,1988329634029148014,1.988330,0,0.000000,1988329634029148014,1.988330,2,2
1255,genesis1cru83slnu2scwn32dkkgp4pfu4famvx4x7nssv,1941158978271135774,1.941159,0,0.000000,1941158978271135774,1.941159,1,1
1256,genesis16xntldc4cdn30h80n9a8kl039w5emvxcrts69z,1798740378527269136,1.798740,10994711047144332602,10.994711,12793451425671601738,12.793451,1,3
1257,genesis1w62t8amy3c2k00qar8avsn37smwhzskzs4lxl3,1798460612687742932,1.798461,8998600052556541922,8.998600,10797060665244284854,10.797061,2,4
1258,genesis1p4n3fy8wqmn4ja0fp4lenaemyzlxrp6y5ma6w5,1702398353853336864,1.702398,0,0.000000,1702398353853336864,1.702398,1,1
1259,genesis1s02p6elmuk9s36hupv88qquehapjdaqnrmjk30,1699830000723091147,1.699830,10987802110659690193,10.987802,12687632111382781340,12.687632,1,2
1260,genesis1782437t543wlh4ayu5sazsstwxwuy4d4q4cxcg,1698980259201357788,1.698980,18495200509216140690,18.495201,20194180768417498478,20.194181,1,6
1261,genesis190lah6h6rrqz3vhlk2x4q7exu07num8n3myqav,1599100243495756131,1.599100,3298850611275379703,3.298851,4897950854771135834,4.897951,7,20
1262,genesis1f3e42w8l79rqt20veswrzym9g23a8ee6lehsdv,1410000000000000000,1.410000,599940000019748123,0.599940,2009940000019748123,2.009940,2,3
1263,genesis1pk8a4rdvuv4w0ncf5cxewkajrgnth55u5takem,1400000000000000000,1.400000,13502274162624374054,13.502274,14902274162624374054,14.902274,1,2
1264,genesis1s3xq4zq7w3tl2knr9c2demg3v00zwnzewz0p44,1348787379071163885,1.348787,14997141559498017542,14.997142,16345928938569181427,16.345929,1,2
1265,genesis126tfcp59w789c5hv6dj7gujqveknud84kly438,1250000000000000000,1.250000,0,0.000000,1250000000000000000,1.250000,1,1
1266,genesis1zg453l326xgrk5nm2prru4teqkym8zc9htn9a9,1172326666741748700,1.172327,160562360891040477128,160.562361,161734687557782225828,161.734688,1,2
1267,genesis16hp7wzudkeyw6fvgvalm0fh3elp9czhfndksvc,1092568557977556418,1.092569,0,0.000000,1092568557977556418,1.092569,1,4
1268,genesis15lprtmks37df9m6mgz98qdpg8357uw78k3ddtm,1000000000000000000,1.000000,2999300073384331094,2.999300,3999300073384331094,3.999300,1,4
1269,genesis1nlunvpqm6mcw69cgfraqgcfve63c6pqs4r86t0,1000000000000000000,1.000000,0,0.000000,1000000000000000000,1.000000,1,1
1270,genesis1pasnu3wly4gy0a5qwkrc5j99cv0zqj8ggznzen,1000000000000000000,1.000000,9999000000191593088,9.999000,10999000000191593088,10.999000,1,2
1271,genesis1vhx6zjfz0pez7vuq76hlafd4e8dfn8dwgtq5ey,1000000000000000000,1.000000,0,0.000000,1000000000000000000,1.000000,1,1
1272,genesis1xfmpxknmgtfkt3ujcymfe7mkqxfs85zal8zg3f,1000000000000000000,1.000000,0,0.000000,1000000000000000000,1.000000,1,1
1273,genesis16fh8wd4c02rx03mf5fpc99e85jk4w7zgaz5tmp,999900166651562344,0.999900,0,0.000000,999900166651562344,0.999900,1,1
1274,genesis13n2da7qawns9hxjj8zldrm3qpl6mpuuyfeft5f,999900000077548257,0.999900,0,0.000000,999900000077548257,0.999900,1,1
1275,genesis17fyp03fqvanxw93ekl2mnh980f7aaupeyqna3d,999900000077548257,0.999900,0,0.000000,999900000077548257,0.999900,1,1
1276,genesis17zj9kscwryn5v849faqnhassvsrlg3xkpyqmgn,999900000077548257,0.999900,0,0.000000,999900000077548257,0.999900,1,1
1277,genesis1nkjs6qvu3c7za0cqxzru392yzhtxwn2ed7xprt,999900000077548257,0.999900,0,0.000000,999900000077548257,0.999900,1,1
1278,genesis1wvwcag3rdufht8stu0qu9w3rtp40zqmr8s0rpt,999900000077548257,0.999900,0,0.000000,999900000077548257,0.999900,1,1
1279,genesis1s5f9ezcqj6euemwxt2d66cefj2yrl76gsmcxzm,999900000060530321,0.999900,3998800140515177762,3.998800,4998700140575708083,4.998700,1,3
1280,genesis1z6pqtr53tkde6xxypt7mhw8gse8ld4duh3qvqw,999900000060530321,0.999900,1999300090524977692,1.999300,2999200090585508013,2.999200,1,3
1281,genesis1lxprahs9ptamq3rshtg8mhmztvxmkv2068dukl,999800010757406302,0.999800,0,0.000000,999800010757406302,0.999800,1,1
1282,genesis1r5fj8pc9lv6werq8u06chmku2g7src4wjymz2d,999800010380531936,0.999800,0,0.000000,999800010380531936,0.999800,1,1
1283,genesis19d3c8zvvg8eyvfehz28retuha6lqfq4qs4ggg4,999800010311999139,0.999800,0,0.000000,999800010311999139,0.999800,1,1
1284,genesis1xe967rjts92k8554q0a7dwqnlycsh5d8gx7f7n,999700030197009410,0.999700,1197842125152696811,1.197842,2197542155349706221,2.197542,1,3
1285,genesis10wf5rdl9zxrwtpqmrh7xpzapxhknmmcmlty3r6,999400152471386859,0.999400,5998100263123690393,5.998100,6997500415595077252,6.997500,1,7
1286,genesis1ssvp8az6h8cgw3fsf2j705ttd6q8qknn3uly8g,999400152471386859,0.999400,999700030336514397,0.999700,1999100182807901256,1.999100,1,2
1287,genesis1usfrn2w63a7dcf4ndvl5day4fszg4rg46y3g0y,999400150786743498,0.999400,0,0.000000,999400150786743498,0.999400,1,1
1288,genesis1y2rsluf02wzhkwpjhz83q6e39aca04m8snphhd,999400150786743498,0.999400,8996600534561085912,8.996601,9996000685347829410,9.996001,1,6
1289,genesis1duq65cxk8tw3wz67awcq6yunxn7fxvv4usdx2n,999200293785570677,0.999200,176289002174,0.000000,999200470074572851,0.999200,2,4
1290,genesis10t0f4vvh49js62e6u2x88mhzphlcx2qp4h9sx8,999100360402888849,0.999100,7998100162755003725,7.998100,8997200523157892574,8.997201,1,4
1291,genesis1es8n2lf6gqnq6as8lahl6e4as2sxa9h67n38vy,999100360402888849,0.999100,1999800000825432194,1.999800,2998900361228321043,2.998900,1,2
1292,genesis1jv0kaepqjlqxzxmlz2nm8gnea7tnh885hchr9t,999100360402888849,0.999100,999900000306936629,0.999900,1999000360709825478,1.999000,1,2
1293,genesis1k7d70d73h83xl8sk8uxgada5sxnuuhrjatycnx,999100360402888849,0.999100,6998100222427596898,6.998100,7997200582830485747,7.997201,1,8
1294,genesis1psaav9mslme6kcsspqjemjfn7m0acwyzn4k57l,929076011951585609,0.929076,0,0.000000,929076011951585609,0.929076,1,1
1295,genesis1yylghnyrcy2xe35rs9m6jpsh5vcrnwm23w0vd9,915744646362694766,0.915745,14460578248977842944,14.460578,15376322895340537710,15.376323,2,3
1296,genesis1kepwd3fwtlj92eav2xyd5d8fdqzkquf7uncy2v,900000000000000000,0.900000,14449744223508006905,14.449744,15349744223508006905,15.349744,1,2
1297,genesis1us0zd2qxrws22p520l7dy7suk9n9vdnjd2t4nk,900000000000000000,0.900000,10112473750545497259,10.112474,11012473750545497259,11.012474,1,2
1298,genesis1v9jddmf4s6qknkpkd3t2tsl56jhmlnquvudmyz,899460137224248173,0.899460,0,0.000000,899460137224248173,0.899460,1,1
1299,genesis1y4e53uwpevedz9qjfvw7x0qndp72u54zvy3kfy,875298668077320598,0.875299,12912075654566714664,12.912076,13787374322644035262,13.787374,1,2
1300,genesis1wcj02245uwe3xpn4sj9h5mnavmj0wlmjnx8ymj,786138794356326297,0.786139,17813097019914611482,17.813097,18599235814270937779,18.599236,1,3
1301,genesis156f80sv39ukp5803807lm4vupcc5mgdhzvm2pj,699460189902571596,0.699460,4968132903344530238,4.968133,5667593093247101834,5.667593,2,14
1302,genesis1434zluxmfj85vwpc3stk03wrcuzrqllcew06tc,600000000000000000,0.600000,15217029771814533589,15.217030,15817029771814533589,15.817030,1,2
1303,genesis12wgfhlj6xd9lnnp564kdetsgf4jark9cxspfvm,579999999999999999,0.580000,0,0.000000,579999999999999999,0.580000,2,2
1304,genesis1ah8nl8yh7j3fg9e8rcqr70g5r2u7rwv7wqxlm0,500000000000000000,0.500000,0,0.000000,500000000000000000,0.500000,1,1
1305,genesis1l582g58hd2lsj6h37avgsgs42zjdqxzhqak2kz,499950000212673866,0.499950,12698730002767238656,12.698730,13198680002979912522,13.198680,1,2
1306,genesis148v3g2dpjeq6hwnlagmvq8pnqe5r9wjcthwjy4,474857514343579470,0.474858,0,0.000000,474857514343579470,0.474858,1,1
1307,genesis1zgpk47fdq32rc6wh8s0qh9wcz0wut0apw0883d,440240916403236786,0.440241,0,0.000000,440240916403236786,0.440241,1,3
1308,genesis1jlhl7tt5n98z35aknv2s80vu9y4jmayqa9azdg,420163955409661980,0.420164,0,0.000000,420163955409661980,0.420164,1,1
1309,genesis1w70evyswxchqppau7a8y0u97lfxpcckdhswaps,399640144161155538,0.399640,1319835993292252686441,1319.835993,1320235633436413841979,1320.235633,1,2
1310,genesis19xy57c4f7fdt6c56r0mksmsuv8epk9m00hcc4y,372266103482767476,0.372266,345027817791986170,0.345028,717293921274753646,0.717294,2,5
1311,genesis1hkh87f4xu54l93yfjan8zp48au6e8wfkg846nq,341700832927064907,0.341701,0,0.000000,341700832927064907,0.341701,2,3
1312,genesis1an7untm0j46parl25rymd3pewmqpycvkuz5n43,247821772398106253,0.247822,14824957147034203541,14.824957,15072778919432309794,15.072779,1,3
1313,genesis17430zrmn9rcwnpr5hkputlfqm42cclkk36uw5a,240000000000000000,0.240000,12198780002708943116,12.198780,12438780002708943116,12.438780,1,3
1314,genesis1l7s5a7vp9j7welu48g8ply3eg8mce33cpxjfa5,195980400015199458,0.195980,0,0.000000,195980400015199458,0.195980,1,1
1315,genesis1fp7z8d7n6zts2gmnrvstltq9ndcdenefvmwhld,169983000004814210,0.169983,0,0.000000,169983000004814210,0.169983,1,1
1316,genesis1jdj2vde2pq8mtmxxgssgerjgeyn6y2q8yhss0h,139972001453274487,0.139972,11126707330927865263,11.126707,11266679332381139750,11.266679,1,4
1317,genesis1u45envuksh5mgmauddhxw99gm3ztrdejp6gr53,99980001031199913,0.099980,10495800631978864598,10.495801,10595780633010064511,10.595781,1,2
1318,genesis14q28d6fjquhqrxpyq0mv2m7nply9whjglfnnhh,99910036040288884,0.099910,16927332868561449976,16.927333,17027242904601738860,17.027243,1,2
1319,genesis1h5wlg5st6usd3w5ujum5p42yg38p6ghjg4erf5,98990102352263641,0.098990,0,0.000000,98990102352263641,0.098990,1,2
1320,genesis12k6x360zenzummgfqkats6avq7x3az0s2vm35p,95901446558342312,0.095901,0,0.000000,95901446558342312,0.095901,1,1
1321,genesis1c5g8xw3dfcxypw65j7aa4j29hetr4wy468cyz5,69993000025373318,0.069993,76,0.000000,69993000025373394,0.069993,1,2
1322,genesis1hnwgmn6hgr6qmnx9av3aggdrwwe7r7vc9v7nun,38996103337599594,0.038996,0,0.000000,38996103337599594,0.038996,1,1
1323,genesis1ej4hw9zvn8wz559xkrdcerjcauagr3xs5z3twr,29994000309359974,0.029994,6896401937884412575,6.896402,6926395938193772549,6.926396,1,4
1324,genesis1vrhs5ezreer74nhy0kdgctyxvl7vkvtau62mr0,14549657310333422,0.014550,0,0.000000,14549657310333422,0.014550,1,1
1325,genesis1004r3k452e0sskrssvc3fpnq72s56sspespdx4,14524664912635379,0.014525,0,0.000000,14524664912635379,0.014525,1,1
1326,genesis10n9xjvaqqhzahzresxgx82cmqnnvk2zk0s58pz,14524664912635379,0.014525,0,0.000000,14524664912635379,0.014525,1,1
1327,genesis1hpx23lc4l8phdmkkl60wxhk5mcsumzr2ddlee9,14524664912635379,0.014525,0,0.000000,14524664912635379,0.014525,1,1
1328,genesis1nry46lkyvd5zg57a5e3qmvxwe6hq2c86g87wll,14524664912635379,0.014525,0,0.000000,14524664912635379,0.014525,1,1
1329,genesis19qdxkzphe0zw6c3eqnf3w938zfe3k0js0ugte0,14504670994476944,0.014505,0,0.000000,14504670994476944,0.014505,1,1
1330,genesis1qsmzl6z798ve7gtrqkplfuaka93dedmvqtqyj7,10000000000000000,0.010000,16406594774036745981,16.406595,16416594774036745981,16.416595,2,4
1331,genesis15406g34dl5v9780tx2q3vtjdpkdgq4hhcrjpf5,9994001524713868,0.009994,0,0.000000,9994001524713868,0.009994,1,1
1332,genesis1c5d2un948djecc93pwlcccxmmna7h7haafvdpl,9031335898605368,0.009031,0,0.000000,9031335898605368,0.009031,1,1
1333,genesis1w68mcsfyhl6nwgd742z3nh48sygu76jvfkxdrp,8993699719955559,0.008994,11884167236934579651,11.884167,11893160936654535210,11.893161,1,2
1334,genesis18tcjak6ltt7fmg2lfkls93w6eamj3zjnt4e2s0,8793902762698584,0.008794,0,0.000000,8793902762698584,0.008794,1,1
1335,genesis1gn2saq5vy2qjn9ktn8rl9cx9ajvn8drcp2thxn,8196720497852340,0.008197,41991600427534777,0.041992,50188320925387117,0.050188,1,2
1336,genesis1kv2eaefa2vzzcry7keunuhmpwsl2ef0dnaynkd,4624882963314185,0.004625,11819562,0.000000,4624882975133747,0.004625,2,7
1337,genesis1662y00xm24dy3uku93v7926lwv0dzmxah0pdkm,4500740945462782,0.004501,61608234383707,0.000062,4562349179846489,0.004562,2,6
1338,genesis18h6znhp68m64ryh6wfal8yyc9782w4kl8yrayg,3651336439761291,0.003651,0,0.000000,3651336439761291,0.003651,1,1
1339,genesis1596qmq2tsjt4sywfdwhd9qqe22aw7cam7j4jdy,3643339274040895,0.003643,0,0.000000,3643339274040895,0.003643,1,1
1340,genesis19lylazg430e04n9pgf7zkyasemyg42j6mdjzzh,2723585137631935,0.002724,14995416225477519220,14.995416,14998139810615151155,14.998140,1,2
1341,genesis10qnl0dt203cekr4wmqa00huj2xkxcrqeh75t7v,2450218624614969,0.002450,0,0.000000,2450218624614969,0.002450,1,1
1342,genesis1q3expyp88m3u73pvj5vknwcaa9s8620ky57waa,2298445452458301,0.002298,2440511824578735294005,2440.511825,2440514123024187752306,2440.514123,1,2
1343,genesis14dmyj9hm4klut74fgp3fxht77re46d74g6h3n0,1998400560792587,0.001998,0,0.000000,1998400560792587,0.001998,1,1
1344,genesis1czxfjwladw79wrzjsjhxtphxmcutmtxx7asdrw,301989900005219,0.000302,100848606187433,0.000101,402838506192652,0.000403,5,12
1345,genesis14qjhyl8z95j3vj0ec266np8ufut4haahrqc4fz,99970003019700,0.000100,0,0.000000,99970003019700,0.000100,1,1
1346,genesis12tzhxs2gwf5ddt0rewz9tq0w9s4y2xq2ducl3y,89919032436259,0.000090,0,0.000000,89919032436259,0.000090,1,1
1347,genesis1qawq9fnx5rz7walpj5feryrhat7pjwkawrw2u2,12690195890031,0.000013,8849112822993,0.000009,21539308713024,0.000022,3,8
1348,genesis17fr8n8y4nppuggt7cv85dv9vnmhtqu42ysrj4q,472078392789,0.000000,0,0.000000,472078392789,0.000000,1,1
1349,genesis18hq49d3v4lq8mm7dnyk5dj90njt8jtu3v8ahjt,362475971971,0.000000,6282218309924712,0.006282,6282580785896683,0.006283,3,11
1350,genesis12hhf6v5quyq9w623425za9qvympfx83we3plkq,272922306796,0.000000,15994901868641054257,15.994902,15994902141563361053,15.994902,1,2
1351,genesis15kaueuu45w47nd3fh8ul3773w0xx7adc7y3tgz,106596211442,0.000000,0,0.000000,106596211442,0.000000,1,1
1352,genesis16kg6ktyx4hxlyq9t9zumadykea7lkxr87dcmdw,8217851380,0.000000,0,0.000000,8217851380,0.000000,1,3
1353,genesis1k0h54pzdfz77weeeskjev78p7cncev6rw6htg8,853030832,0.000000,0,0.000000,853030832,0.000000,1,1
1354,genesis1mjt7j5a34yn2085qx5vdg5fgelu4s973wswxrc,768735086,0.000000,14495830401004409640,14.495830,14495830401773144726,14.495830,1,2
1355,genesis1r0z9zlsxa8cvks808jce8gqnaf6lw7lkgh33n8,241408515,0.000000,0,0.000000,241408515,0.000000,1,1
1356,genesis1fu2p20fw8fhm6cclzqal6t5jd9q4yx499thmdq,8292964,0.000000,0,0.000000,8292964,0.000000,1,2
1357,genesis17jhgvcwtqawr50xmpepeu0h0sjrj5y5xasv2l5,5389881,0.000000,999800010063048889,0.999800,999800010068438770,0.999800,1,5
1358,genesis1fmmh47668k05rj2muv3868xfsmxtvxp4uykwq9,1000000,0.000000,0,0.000000,1000000,0.000000,1,1
1359,genesis1te9fwkq6gjc5tv4qym4g5sx8ddnn9c5at9q736,278281,0.000000,9319729274468800713268,9319.729274,9319729274468800991549,9319.729274,2,5
1360,genesis19q8epway9ag8zpjhudkx64d5vvru778dfzu9uu,32104,0.000000,494439,0.000000,526543,0.000000,3,5
1361,genesis1c6u8nz9elm3mhyw2mtmgx6ejg85x3xkk9j6s0k,29999,0.000000,472596110456693,0.000473,472596110486692,0.000473,3,14
1362,genesis1e8597agptv59rnvl3rvk4pyjylm8syq6l63ezg,17376,0.000000,1279673802338898322501,1279.673802,1279673802338898339877,1279.673802,2,5
1363,genesis1d5jcz0a6wtqr62hlk9m28qg5wukqsjepr3t5w0,7816,0.000000,0,0.000000,7816,0.000000,1,1
1364,genesis1qkx6thv4wwydunw70n6l36j7gm8mt8jytdnk6g,5297,0.000000,0,0.000000,5297,0.000000,1,1
1365,genesis16hxmcnxr327df2ppuu3uzs43acrf8lwv3x6rv0,1579,0.000000,0,0.000000,1579,0.000000,1,1
1366,genesis15dymd0ms29fgngte4n7aadeapyjvx6tqmmux5v,1298,0.000000,0,0.000000,1298,0.000000,1,1
1367,genesis1g97we496ef0mt39jse82r67lmy2l7hw6smfryf,1213,0.000000,0,0.000000,1213,0.000000,1,2
1368,genesis15g6mlp83l9ra85clj8ymhe2vn6v6emgkdk72nh,904,0.000000,95,0.000000,999,0.000000,3,4
1369,genesis1mc4w0npa3e83e5s2fjyx7au3ucnpkaq5pf0eeu,255,0.000000,0,0.000000,255,0.000000,1,1
1370,genesis159d4pl8wvwynpuhe7rl85z77pptq5xjrdrk9up,211,0.000000,14694570781161717041,14.694571,14694570781161717252,14.694571,1,3
1371,genesis1x46ff45ctkak6rjqka9uqvwqt4vhdr454nlcmk,30,0.000000,0,0.000000,30,0.000000,1,1
,genesis1hyknkrse3mz2djxu6ng2lhf0cpajw8pvfkhjz9,0,0.000000,185079188632959921107981,185079.188633,185079188632959921107981,185079.188633,0,5
,genesis14p8qxkh5h49g8ttxv6le3xxpfyn0sh9e33rqjk,0,0.000000,145568892137812817160232,145568.892138,145568892137812817160232,145568.892138,0,4
,genesis1h6ezpu94krzg7344mhf78vr3hsyz07xk78k92g,0,0.000000,103104456032401911400589,103104.456032,103104456032401911400589,103104.456032,0,1
,genesis1llxv5ld8pue2damxrpte0k9qn6s3uzps2e0p55,0,0.000000,54318375484653493079719,54318.375485,54318375484653493079719,54318.375485,0,4
,genesis1tf30djggwdrx22nwdc03esqtfzmswk8syr4flx,0,0.000000,49994700113241509170223,49994.700113,49994700113241509170223,49994.700113,0,1
,genesis1036lpa7k6ym29wx5cmrwnv7c56tef803cmwzax,0,0.000000,43090379640647128192432,43090.379641,43090379640647128192432,43090.379641,0,1
,genesis1v3um4h8ljp26frtjczzd0jse8gqhr82vsuta3u,0,0.000000,39988000807779285657669,39988.000808,39988000807779285657669,39988.000808,0,1
,genesis1azrhtf9u97jeyxdmxwxsacavdz5t2cmtse64w0,0,0.000000,29281142894894479996870,29281.142895,29281142894894479996870,29281.142895,0,1
,genesis1dpv33hfnj9jjfnvjy3nrrrsnspskuacndcr0ce,0,0.000000,28445300088476591953560,28445.300088,28445300088476591953560,28445.300088,0,1
,genesis1cggfm0rzd6fvdfwpntu47qqvv70x2klk5p4pna,0,0.000000,27489601418684754052324,27489.601419,27489601418684754052324,27489.601419,0,2
,genesis1g2d2qy9gpfrl7j38w7anfg4m59zdr80jky6jnc,0,0.000000,25988630359676030059503,25988.630360,25988630359676030059503,25988.630360,0,1
,genesis16x3fvvqjhm9u0284q4rygwdtv7xy3ym0jw3rdp,0,0.000000,24786285509050869213440,24786.285509,24786285509050869213440,24786.285509,0,1
,genesis1hpxxh7p7l0vvwpat82f52xy95uqxhc8hpq9pxy,0,0.000000,23798609907479456654491,23798.609907,23798609907479456654491,23798.609907,0,1
,genesis1g9se46kg99fnxl7a2cgcevn9aetvu8m70a8lx9,0,0.000000,19993100791750782342875,19993.100792,19993100791750782342875,19993.100792,0,2
,genesis18h839tuyf5sv27jt40fdfknyyzujyhj9mx6cyx,0,0.000000,19376902861022223638662,19376.902861,19376902861022223638662,19376.902861,0,7
,genesis1wygj6nlhawemv9uk8szlq53gncrnpqha56an79,0,0.000000,19157724995418246012829,19157.724995,19157724995418246012829,19157.724995,0,1
,genesis10tvvdfjcm7erke57feghh3m4ewka0rlcf0e6aw,0,0.000000,13108117984013686544728,13108.117984,13108117984013686544728,13108.117984,0,1
,genesis1th7v5rpa8jq0eeqxsdp5lvljps48qavlhwxxle,0,0.000000,11248749913287731971180,11248.749913,11248749913287731971180,11248.749913,0,1
,genesis10fyrtcw4eqnuekahslct53lhkune03dmpryf8k,0,0.000000,10162383664194598782311,10162.383664,10162383664194598782311,10162.383664,0,1
,genesis13rd59t73eyv8v8248v7xemrm4q7x77du3l8xmx,0,0.000000,9997990300681186737164,9997.990301,9997990300681186737164,9997.990301,0,2
,genesis10gdfeqyjp776rgx98z08yu506ggukuku9w2z64,0,0.000000,9677394232382171951779,9677.394232,9677394232382171951779,9677.394232,1,4
,genesis1se4cg6lsf9gmjg2tgmk4u079f68y4vq076zuja,0,0.000000,8965515906052808565758,8965.515906,8965515906052808565758,8965.515906,0,1
,genesis17dhdqlewlhcyl9uapw72g3pqufnqhtfdau98cq,0,0.000000,8296684498585726687911,8296.684499,8296684498585726687911,8296.684499,0,2
,genesis19xnq6rs4wkvuhucqtqawg4jljf6srj0phedklz,0,0.000000,7698730051608155475539,7698.730052,7698730051608155475539,7698.730052,0,2
,genesis1ujhhtnrrqxs2lfwaqnwjql7f7sk33zq9wzr9ms,0,0.000000,7518496075719824408788,7518.496076,7518496075719824408788,7518.496076,0,1
,genesis1rv5dchc4fhj67j8y6p8skuf20c0ade9jc2x90t,0,0.000000,6506745657570099428652,6506.745658,6506745657570099428652,6506.745658,0,1
,genesis1xjvhpmflhue38mc8j75gqj2h0fds9guxkt5ps4,0,0.000000,5210401473686900361108,5210.401474,5210401473686900361108,5210.401474,0,3
,genesis120h5a2y7m7geq9qz6gvfzz2wyf24cm2vsahamc,0,0.000000,4998000250335559067880,4998.000250,4998000250335559067880,4998.000250,0,1
,genesis13f0kuuf803hqv0krvvzg2exnkktval366zap5h,0,0.000000,4992505252808571474673,4992.505253,4992505252808571474673,4992.505253,0,1
,genesis15zfh935ys6jdvg65q7qyq8ksymhvmsup49g8qg,0,0.000000,4295570757688705088928,4295.570758,4295570757688705088928,4295.570758,0,4
,genesis19ycasn3rjaag6zkph9w7ny3g78xqh33djhhvun,0,0.000000,4075185840841765941089,4075.185841,4075185840841765941089,4075.185841,0,2
,genesis1wr9hldq29h8d2aw0dxvdl0qc0knsr6kdqga5tn,0,0.000000,3863448045665735994559,3863.448046,3863448045665735994559,3863.448046,0,3
,genesis1efzne8phfeayqk2pngqjsj0mzuqdqvmtrxeswl,0,0.000000,3759133509446523624701,3759.133509,3759133509446523624701,3759.133509,0,2
,genesis17ne6ymm8vhghjrhhpdq5mt53ejr2fy7pkxhum9,0,0.000000,3494650000000000000000,3494.650000,3494650000000000000000,3494.650000,0,1
,genesis1xtuyujmxnl3t2558ddjzk0ta8s7zlvydfgtmww,0,0.000000,3428314234527031635337,3428.314235,3428314234527031635337,3428.314235,0,2
,genesis1k75w2s26rekktazwp5l9ghv2ccp4mvtxcxnq00,0,0.000000,3262085173362166122447,3262.085173,3262085173362166122447,3262.085173,0,1
,genesis1crq4ua6hr66f9g562w6yct0wuz6fdy7tuhgfea,0,0.000000,2919238188784725933205,2919.238189,2919238188784725933205,2919.238189,0,1
,genesis1qw7l6rfnt62xuwspsuf2q4awzd644fc2dd8esy,0,0.000000,2499000150471158237780,2499.000150,2499000150471158237780,2499.000150,0,1
,genesis1a3ruy0y097gsec6dz8a0ar9ksal7ly3m8l5ljn,0,0.000000,2145441171536608093629,2145.441172,2145441171536608093629,2145.441172,0,1
,genesis1s8nzgwexdz8laux65600tkq6mq8pr6h5amva0v,0,0.000000,2140357764637027175901,2140.357765,2140357764637027175901,2140.357765,0,1
,genesis1ne0f3cq3xcw93zxf9ckdkajjuq4at3ldwq49kv,0,0.000000,2121887819808875891566,2121.887820,2121887819808875891566,2121.887820,0,1
,genesis1x0wasltyw65w2fml92zesc9qvy0fwc42ve0shj,0,0.000000,2115092138750685968272,2115.092139,2115092138750685968272,2115.092139,0,2
,genesis1e0wzg69yndukvmuadld8ugdqxrpnxd06pcakcx,0,0.000000,1967860397398240617404,1967.860397,1967860397398240617404,1967.860397,0,1
,genesis1d20vqqduqra8kh9fkd3n9et7yeql95f86wc350,0,0.000000,1849514966911522925269,1849.514967,1849514966911522925269,1849.514967,0,1
,genesis19a4lgv8nvqdm5cmppqulw5m6ujgudj07s3gtrf,0,0.000000,1826634618396292446124,1826.634618,1826634618396292446124,1826.634618,0,1
,genesis1en69twaxmv7xupy8lq7y539dpecx7yz844kzne,0,0.000000,1684831500799980037290,1684.831501,1684831500799980037290,1684.831501,0,1
,genesis1n9lefpqa0vvp8sjv770u369tq39thmm9ku95h6,0,0.000000,1647644363358155155265,1647.644363,1647644363358155155265,1647.644363,0,2
,genesis10l0ckwpvdgm2saedrgn9arjgp37lp2wpyzq5qn,0,0.000000,1364291317867797014745,1364.291318,1364291317867797014745,1364.291318,0,1
,genesis1t39d79qk9qwqnt5wu89msrlhu3xwsmuhlku3xz,0,0.000000,1341250199111669373268,1341.250199,1341250199111669373268,1341.250199,0,1
,genesis1mu4sv02tjnelgmg30vd0nx5yd022ty5y7akg2m,0,0.000000,1306103989680597818584,1306.103990,1306103989680597818584,1306.103990,0,1
,genesis1yg3zps5kp8e4zwdp63janesyh8xnx33emqyryr,0,0.000000,1159636141024179001605,1159.636141,1159636141024179001605,1159.636141,1,4
,genesis1xc4x6p3mrdlpkmha82d8egmp9cl7qda2uxz2xy,0,0.000000,1111503552013015700555,1111.503552,1111503552013015700555,1111.503552,0,1
,genesis15yx5xg670usc4pg5zmwc3zrpfguv0rfp396nqc,0,0.000000,1054289110776391988518,1054.289111,1054289110776391988518,1054.289111,0,1
,genesis1jadgmdwvwdwgqh5kjdlgufaay7769f5c72p5wj,0,0.000000,1020116391788520990177,1020.116392,1020116391788520990177,1020.116392,0,1
,genesis1dy2y7vnldwuhmn3l6k04jaggfh3mawjt0ut8ug,0,0.000000,999900000881445010875,999.900001,999900000881445010875,999.900001,0,1
,genesis1ey5aeyezjug2xzuswl9ahkhn0mycnrvz45qd3u,0,0.000000,999600060188463295112,999.600060,999600060188463295112,999.600060,0,1
,genesis1txp3s5tc24j2rzsks0kq6kxuydllnclqjw5n6g,0,0.000000,650869806555000755641,650.869807,650869806555000755641,650.869807,0,1
,genesis1svl4txrcxpwy55q5svr7lfa0fm20mzc9e99w6d,0,0.000000,585045006234074664060,585.045006,585045006234074664060,585.045006,0,1
,genesis17070wwjhlurczgm9658k7p9a8ds08shjalwpcd,0,0.000000,564889496987057513419,564.889497,564889496987057513419,564.889497,0,2
,genesis13pdne9fzh39wtpkazg2qnf3weql43nlz5d0hcv,0,0.000000,509898005211910776808,509.898005,509898005211910776808,509.898005,0,1
,genesis1pn7txcl84yd4ht0ks5nlddjkakujjqzs2e0js8,0,0.000000,438605667595172221000,438.605668,438605667595172221000,438.605668,0,1
,genesis1dk4803px8e6ww3w2n3xcu2g72l5fj884walv9j,0,0.000000,433573762156172121451,433.573762,433573762156172121451,433.573762,0,1
,genesis13gntdju6tqwu3dsx9vuku58gr9mx6r22av5j3d,0,0.000000,327868819741815960796,327.868820,327868819741815960796,327.868820,0,1
,genesis1d7c3cgdkfxx3xg67re2vccmr6vkxcugjpxct30,0,0.000000,294465365804207680872,294.465366,294465365804207680872,294.465366,0,1
,genesis13qwtj862uu4xms49r0jyjcxcjrd4x0twtrugat,0,0.000000,281810682597276522577,281.810683,281810682597276522577,281.810683,0,1
,genesis1ctr7hk5l2gkh7wh5dyukal3vyh35ryh6z6nf8y,0,0.000000,275412456128796513616,275.412456,275412456128796513616,275.412456,0,1
,genesis1ax9aqu323m4sxaakwhu9a88tctdunzxk0ypshx,0,0.000000,274972500271566937040,274.972500,274972500271566937040,274.972500,0,1
,genesis1m2a223e3yt3yf4yvy28g5cx4nk34uhfdk7kser,0,0.000000,254898017176792677277,254.898017,254898017176792677277,254.898017,0,2
,genesis1uvnk984yhpw48jfu5srvsrqdt03kkvlcyjpp5n,0,0.000000,236276370042244460982,236.276370,236276370042244460982,236.276370,0,1
,genesis1jpeugc6g2shluse8c0ek87d4rv3qtrn44vl0u5,0,0.000000,200288768213738003491,200.288768,200288768213738003491,200.288768,0,1
,genesis14cn56z5lsm5yly5x8qew5r7k94dchy6gl8q6n0,0,0.000000,197924833858378794394,197.924834,197924833858378794394,197.924834,0,1
,genesis1m234dnn4huwga92r44f23xmu03qa90xmzz3dkm,0,0.000000,183766933694539775904,183.766934,183766933694539775904,183.766934,0,2
,genesis1xcpy6x238n94tws37nq2xfy0tuue8s3stqg5n9,0,0.000000,183426663445101005614,183.426663,183426663445101005614,183.426663,1,2
,genesis18gzezjz0ug5kskpdh3p7hhp9tgm8y36j4nwr20,0,0.000000,176172548166391330092,176.172548,176172548166391330092,176.172548,0,1
,genesis1hjlszpuk7slc06e6rzy4edfz5aqya73904jq3l,0,0.000000,156909531823774798230,156.909532,156909531823774798230,156.909532,0,2
,genesis10x5stkzceeefj87ku75uvjvxyr6zu9rds9d8xj,0,0.000000,151356003594183434161,151.356004,151356003594183434161,151.356004,0,1
,genesis1ueg69vrpldmhr0acgv3cazumhw42n2auzdyrd4,0,0.000000,148518248937854628571,148.518249,148518248937854628571,148.518249,0,1
,genesis1dmgfmq8f3ls4meguneag394t78ervhp7h90qf8,0,0.000000,142945574130828301743,142.945574,142945574130828301743,142.945574,0,1
,genesis12k3fayp27dg2plzxfj2dxdvpvw5y97v5zm8936,0,0.000000,133655502890657253064,133.655503,133655502890657253064,133.655503,0,1
,genesis1h9tahv95naedsc7gtr76wrr3lrgv6tnrtzeasd,0,0.000000,132707982753675574478,132.707983,132707982753675574478,132.707983,0,1
,genesis13swyf8k8hyf46qk6ke6fjnjnc7f5vy94m9h9gf,0,0.000000,127985613282762355608,127.985613,127985613282762355608,127.985613,1,2
,genesis100jvtv7wrgngwnc8qw32at27hzgsjyhudaye34,0,0.000000,126875583318952049778,126.875583,126875583318952049778,126.875583,0,2
,genesis1qx46s5gen6c88yaauh9jfttmfgdxnxxswypf27,0,0.000000,125601236124881618330,125.601236,125601236124881618330,125.601236,1,3
,genesis1v3nhv9wf8yapw0h3h3lryv5t5v7876txkm8ch0,0,0.000000,123955107345548551548,123.955107,123955107345548551548,123.955107,0,1
,genesis1xgx4ngevm5s0vh7khn9mnwjleljd6x3p59myqs,0,0.000000,117888410277630771237,117.888410,117888410277630771237,117.888410,0,5
,genesis1hltp9j6up6u84x86y3554w449w0dmclh44ugdx,0,0.000000,114055013689149665094,114.055014,114055013689149665094,114.055014,0,1
,genesis1d9smfvr7utz32mrtup3m64s6u7qm9p6a4mp3cq,0,0.000000,109956008233084391651,109.956008,109956008233084391651,109.956008,0,2
,genesis1l56z09rcgnamet6st2sm25ez6jc3ynp5mk7y72,0,0.000000,107956806500354035872,107.956807,107956806500354035872,107.956807,0,1
,genesis1x2vtzqrgr5azxu4m5we09qn4pht3v2de5478nd,0,0.000000,106989300133836443459,106.989300,106989300133836443459,106.989300,0,1
,genesis1xrv89wtat29mkgr3y3hed7pn2a4uxp73ejvvak,0,0.000000,106441251124746129316,106.441251,106441251124746129316,106.441251,0,1
,genesis14ffhw6jplvhx0kn449hg55m5dd58f245h56u30,0,0.000000,102754554712817124957,102.754555,102754554712817124957,102.754555,0,1
,genesis13l4ww2vpsx0gxec0dg86wkpu8cefq8pdgsc9kk,0,0.000000,99990250002223544271,99.990250,99990250002223544271,99.990250,0,2
,genesis1hle8ms9fx2nwpk073qa2h5dly7aetf5lctcm7h,0,0.000000,98891155348940375222,98.891155,98891155348940375222,98.891155,0,1
,genesis17g5c6ewuzhz7rm8eyggmf0sdt8g662khpl9vv3,0,0.000000,98540620127852210871,98.540620,98540620127852210871,98.540620,0,1
,genesis17vv33gl7esrnulrhz943rrchs623g0aaxr0gs0,0,0.000000,97990200096776581199,97.990200,97990200096776581199,97.990200,0,1
,genesis1zzmku9te4u9wz5pe0uazjf6xmsreagmh0trpc5,0,0.000000,96060000000000000000,96.060000,96060000000000000000,96.060000,0,1
,genesis1dp2azc470q7kv9amxtplaksqa6n8rqed5yccyk,0,0.000000,93238459291767971159,93.238459,93238459291767971159,93.238459,0,1
,genesis12736ed7frh0uxwv2tm29qz8v30fe03kqq2j8yl,0,0.000000,92722349130742789992,92.722349,92722349130742789992,92.722349,0,1
,genesis1ezdsufkt2vsnemccg49z93la2nqql3ft63njmz,0,0.000000,90073266345531205758,90.073266,90073266345531205758,90.073266,0,1
,genesis1h4cxm4wj0cfmflf70wv9n06npgl63d29zftr5u,0,0.000000,89988662470125018237,89.988662,89988662470125018237,89.988662,0,1
,genesis1mscf0q3ucj0q5zsal7nqrxghgnv7xevs6lf07d,0,0.000000,88264152969583901932,88.264153,88264152969583901932,88.264153,0,1
,genesis1xvd45767z3j27200n0czkayx5rmvnludg37qz4,0,0.000000,87891210139320894467,87.891210,87891210139320894467,87.891210,0,1
,genesis17jv2ql9jv7hh5myrwm4vz0q8evcme8pqlx9vpu,0,0.000000,86965205236396306674,86.965205,86965205236396306674,86.965205,0,1
,genesis1w7dndq5ru7v5yuulavfxw5av9dp5e6gwcymwmf,0,0.000000,83494701255239815682,83.494701,83494701255239815682,83.494701,0,1
,genesis1a7zgasrrnjaqnqgj74ma6mrqx96lfhtf4na7mf,0,0.000000,82506015287498858449,82.506015,82506015287498858449,82.506015,0,1
,genesis1f07qzq5putfme7c8vrxnugmhxwca7umjpck0cf,0,0.000000,82413363281028329319,82.413363,82413363281028329319,82.413363,0,1
,genesis1xyturqykkrmtnsw0s5lkekqmecjakqajadx89k,0,0.000000,81675029479617441296,81.675029,81675029479617441296,81.675029,0,1
,genesis12flun6nedtqktkttpmd8y44m05sjk6wl0g7e56,0,0.000000,81047801850656465253,81.047802,81047801850656465253,81.047802,0,1
,genesis14gu847ph3297de0seulf3er8ak7k9hqcz4534s,0,0.000000,79639926650683246068,79.639927,79639926650683246068,79.639927,0,1
,genesis1n4ken0qwhpvznkww6g3tvlf9gv2qxdq0r9mqzl,0,0.000000,78939653771695749720,78.939654,78939653771695749720,78.939654,0,1
,genesis1jfy2dg4dka0qkccp2zfyk65dz6xqv0y640gqsg,0,0.000000,76922307016762493690,76.922307,76922307016762493690,76.922307,0,1
,genesis144v3racqp5ncyvel4zszn0xrzeekzs57w3jtvx,0,0.000000,76671978798593895878,76.671979,76671978798593895878,76.671979,0,1
,genesis19mz2auaquw5yyuaypucfjvtyjzjj8mkk4qqk7l,0,0.000000,74926063494555967543,74.926063,74926063494555967543,74.926063,1,2
,genesis1rm22dz6qzyc5wv9da9mt26k5egsm2nwdw6hzk8,0,0.000000,68993100225536962928,68.993100,68993100225536962928,68.993100,0,1
,genesis1jankpej0wr5lqnmfkaa360z3ndeguknx6pzlh5,0,0.000000,67966007980827747707,67.966008,67966007980827747707,67.966008,0,1
,genesis1mwe0fuytlue7dcpdc4avznm05v0u7jyes6qrpu,0,0.000000,67966007149382167940,67.966007,67966007149382167940,67.966007,0,1
,genesis16c0yk24mwcl8zjtzn078hyq05fc7gek455c3vg,0,0.000000,65979717840131374274,65.979718,65979717840131374274,65.979718,0,1
,genesis10zseswd0le2aasvd8n0w6m86p69klh2huajjvd,0,0.000000,64987000654493163107,64.987001,64987000654493163107,64.987001,0,1
,genesis1634lrxjrjcqwdxw6x9at63meylrcsnvtazwftq,0,0.000000,55615982571878909007,55.615983,55615982571878909007,55.615983,1,2
,genesis12e92d84r0nrpzr3wpqnd3kce7lnqdwtxuh38d2,0,0.000000,55243219112284218413,55.243219,55243219112284218413,55.243219,0,1
,genesis14ek8x7prpmrqhvvysumqzhapl32ku7erffa8hh,0,0.000000,53824191400746836711,53.824191,53824191400746836711,53.824191,0,1
,genesis1fhezjhpz3qxzmumvmsfw98favl8920wasygae0,0,0.000000,51985101980736258614,51.985102,51985101980736258614,51.985102,0,5
,genesis1cahnrff752umtjs50vk2fhx2kff37g7yaw4scs,0,0.000000,50894910156246776078,50.894910,50894910156246776078,50.894910,0,5
,genesis10rmjdncc0mnzr2xulcypgmqlre226g68jxepxf,0,0.000000,50894910108769824307,50.894910,50894910108769824307,50.894910,0,5
,genesis1uvs2y5gf7jjz4e0uhw3djxg6nqrvudycq4f7er,0,0.000000,50893910157533202779,50.893910,50893910157533202779,50.893910,0,6
,genesis1uneum5a33sjmaqca6rn9m5ym7822llz6msur7r,0,0.000000,50890911229564051370,50.890911,50890911229564051370,50.890911,0,6
,genesis1e5wm2pu87242qp04ks4n7r380cqllzrgpda3uf,0,0.000000,49995000000957965440,49.995000,49995000000957965440,49.995000,0,1
,genesis16s3eeq04586f640zld60nap3s9ye7d9fqek8ln,0,0.000000,49990000503456279313,49.990001,49990000503456279313,49.990001,0,1
,genesis1a5aa89dhpcthl3sg8y038u42r892vkvcdd79s5,0,0.000000,49895010151307046550,49.895010,49895010151307046550,49.895010,0,6
,genesis194nw2tqsum9p3dcsyk7q8vm8wegrengw8lgmal,0,0.000000,48675394477084886152,48.675394,48675394477084886152,48.675394,0,1
,genesis1787v6wttxsxr0ykmtdxjj56srw0saevalvygld,0,0.000000,45990800550927346800,45.990801,45990800550927346800,45.990801,0,1
,genesis172zf5cvrj4ykle8wcvg8qw6speew67watgda4k,0,0.000000,45616674709085120584,45.616675,45616674709085120584,45.616675,1,2
,genesis12pd9f6wgjxt4a05muz4lm7jp2z4f39fphx4mu3,0,0.000000,45603108482124248307,45.603108,45603108482124248307,45.603108,1,3
,genesis12rysvymj2qthvpgeqj9eglrj0pcgyyjmajatfj,0,0.000000,44776623898764283672,44.776624,44776623898764283672,44.776624,0,1
,genesis1lpaf0c9yhv65mq6g27c5993ypvt8e0nsz8y8ua,0,0.000000,44707235581872575174,44.707236,44707235581872575174,44.707236,0,1
,genesis14qcuwet84dww9fhe88ltwcs5ssgsm27j46v9n3,0,0.000000,43991200447893576489,43.991200,43991200447893576489,43.991200,0,1
,genesis1e8hnmr4qv3ap7667tgxnuy0mr6xc8vq7zx2pau,0,0.000000,43991200442325066818,43.991200,43991200442325066818,43.991200,0,1
,genesis1an0439zd36hpwlzmmpsy7shpe74vs4r80zfyey,0,0.000000,43882442642273538655,43.882443,43882442642273538655,43.882443,0,1
,genesis1nnf85kd8d8fx4dnccrqdpr5eq6d74vhau9wsss,0,0.000000,43417607811593289913,43.417608,43417607811593289913,43.417608,0,1
,genesis16rum007k924k6j3s69c22axu7gql87ynjp8475,0,0.000000,41917990745589103968,41.917991,41917990745589103968,41.917991,0,2
,genesis1pnnkklufzhx9w4muj3dqpdxrqa2dhhmld5gde2,0,0.000000,40785778065943340483,40.785778,40785778065943340483,40.785778,0,1
,genesis1u7fznx25zrfr7nx9eugqu3v260w43mfcw474tf,0,0.000000,40271561612851968558,40.271562,40271561612851968558,40.271562,1,2
,genesis18hu7u4cvkl9xms3kpghd4gk2d6kut9vjj8dfzj,0,0.000000,37084816395479626549,37.084816,37084816395479626549,37.084816,1,5
,genesis1tgvplrwvyp8xagk6spndggzek6cpgp3w2ny9sw,0,0.000000,36620010665353707932,36.620011,36620010665353707932,36.620011,0,1
,genesis12gz0mh4zz4dzuhs9m76z46a5mryngwh38cv3mf,0,0.000000,34990000960788828949,34.990001,34990000960788828949,34.990001,0,1
,genesis19fad64jvq420yeu27zmmxergakalrek47xlh9r,0,0.000000,33960726351097086152,33.960726,33960726351097086152,33.960726,0,2
,genesis1gr4xqrhmn44a7uu4ddhdulyrngxs0w2nk9fpn4,0,0.000000,33932472814183225417,33.932473,33932472814183225417,33.932473,1,3
,genesis130zqqa796hen6g6nfds6gjr0kd0yw7yhf8f2z9,0,0.000000,32996700000632257190,32.996700,32996700000632257190,32.996700,0,2
,genesis1jdqp9e0y7wrvnq38n3mvftcwhap7glelp526h6,0,0.000000,32963406332774939608,32.963406,32963406332774939608,32.963406,0,2
,genesis198ckuxk6epfktgujqf22qtunppmwh9f7dyzdxh,0,0.000000,32955975068454229286,32.955975,32955975068454229286,32.955975,0,1
,genesis18tyhgf2hkk3gpn97t3h9f9pfvla4yq0d3xuj9h,0,0.000000,32696730015290615463,32.696730,32696730015290615463,32.696730,0,1
,genesis14c2dcjumq02n2w6njz0yek633pckm3slzhsa6p,0,0.000000,32463189614305058032,32.463190,32463189614305058032,32.463190,0,1
,genesis1vwv8pm0rn2u9wftmnlvvx8473cptnpdvvpwfqz,0,0.000000,32222864162200534344,32.222864,32222864162200534344,32.222864,0,1
,genesis1y8muzx0tw5qp9xjf0ffnac6nls6ajazl6aa7my,0,0.000000,31996800031600516310,31.996800,31996800031600516310,31.996800,0,1
,genesis1nl229gpfz0erdf5q2gz58pl8k7p234vwwhlg2w,0,0.000000,31993600321690957685,31.993600,31993600321690957685,31.993600,0,1
,genesis10u24rwqfxl48rshaasextp5a25gejuza6584k6,0,0.000000,31987201926030825443,31.987202,31987201926030825443,31.987202,0,1
,genesis17zpjq35reg4536fql5zwsd6sqntl5r0hjlpuxk,0,0.000000,31987201926030825443,31.987202,31987201926030825443,31.987202,0,1
,genesis1zagdqmcrvxfzd4h68casn9pvd3ur6tjthntl8u,0,0.000000,31987201926030825443,31.987202,31987201926030825443,31.987202,0,1
,genesis1r3khfvjzgmahj4q78vzxds4s6z635f2nd4p4se,0,0.000000,31964830865052517646,31.964831,31964830865052517646,31.964831,0,2
,genesis1zwtt4mpgfphf60yqhqef9g66u32vpgl639pjkc,0,0.000000,31151163391377875808,31.151163,31151163391377875808,31.151163,0,1
,genesis1s49vdguk6m5w50hmltdmzzaem05qg35tg8dfak,0,0.000000,31062220429081350700,31.062220,31062220429081350700,31.062220,0,1
,genesis1ua4n72x536cr00a6hwyqzxdckte7yma4wcygg9,0,0.000000,30790760934364643449,30.790761,30790760934364643449,30.790761,0,1
,genesis13hgkvry2yf8na2m9kydxgqygfxs3pz32tz3pt5,0,0.000000,30557814825735476076,30.557815,30557814825735476076,30.557815,0,1
,genesis1zmx2dclfldhnhfv2my83e20dy08kl37jkswx6r,0,0.000000,30551535549791349771,30.551536,30551535549791349771,30.551536,0,1
,genesis1wc4skry7qm78gn9ghjfvmr5yvp9s8j94y4pxhc,0,0.000000,30334769536315785268,30.334770,30334769536315785268,30.334770,0,1
,genesis1hdh5xna5h5sp7djfxr4vu4qkf7w6pswwextk88,0,0.000000,30097957812274629815,30.097958,30097957812274629815,30.097958,0,1
,genesis1v2trqhan8k53x75wujn4d4z5v73arj0kax2pfk,0,0.000000,29993000505471403085,29.993001,29993000505471403085,29.993001,0,2
,genesis1667pcezm0v2p53jrvswvunmfyxzl378u9lwquh,0,0.000000,29991000910095431931,29.991001,29991000910095431931,29.991001,0,1
,genesis134rxfa997fjlxq0zk4sc2pz05h32dv3rnvtamz,0,0.000000,29891030907061780491,29.891031,29891030907061780491,29.891031,0,1
,genesis12kj5stha4cyn4scr770azhrex9v06k08ml8wzl,0,0.000000,29839980118032406554,29.839980,29839980118032406554,29.839980,0,2
,genesis1yln8aljk9vtlq4q4edjqva9qsuf7zsr8c2k3y7,0,0.000000,29366605356191569173,29.366605,29366605356191569173,29.366605,0,1
,genesis1v5fq05qx38vgjeagy5k80z2rrfzrfar2hy2m5x,0,0.000000,29045664462913266031,29.045664,29045664462913266031,29.045664,1,2
,genesis1lfqhkx909gwy50smkr6gav857c5ewt8pzh8yk5,0,0.000000,27997200013293436821,27.997200,27997200013293436821,27.997200,0,1
,genesis1z5dlp3eehqh20lgv8u25devedkjm567aus9ad4,0,0.000000,26681858916875925346,26.681859,26681858916875925346,26.681859,0,1
,genesis163ndtplrrpkh2faf2c0y6t9v86llx86qvzxyuc,0,0.000000,26658721212633878111,26.658721,26658721212633878111,26.658721,1,2
,genesis1fj23jky44u763vmnzyhf086nmzppxghh8xfgvn,0,0.000000,26194760263811090360,26.194760,26194760263811090360,26.194760,0,1
,genesis10gfc3d426easgc62xtmrhzndvqz74wrv0qh3l8,0,0.000000,25968817386563981770,25.968817,25968817386563981770,25.968817,0,1
,genesis12szrq92s6unv0hxtqvl6ffu076qv5l0dhuyzv8,0,0.000000,25198001289927272488,25.198001,25198001289927272488,25.198001,1,2
,genesis1vgmslv3tc4r0kfzq3mpdugrkkn7sxq3etyaw4j,0,0.000000,25092286706904818385,25.092287,25092286706904818385,25.092287,0,1
,genesis18g0kwpch6s4cgzj5qj4zh2809yngnkwn8exwzx,0,0.000000,24997500011690069853,24.997500,24997500011690069853,24.997500,0,1
,genesis1tavf9pe3fl94hpl37u08mwt6p5l3fn4wh45k95,0,0.000000,23997600011394374417,23.997600,23997600011394374417,23.997600,0,1
,genesis1wge4k3f6elhe3tfa48vtrx08xhxsp23923pkp6,0,0.000000,23595280238485385748,23.595280,23595280238485385748,23.595280,0,1
,genesis1gf9yy3e3pa6qzhkq09j5g9v927mtpald3auaxy,0,0.000000,23501753631396515042,23.501754,23501753631396515042,23.501754,0,1
,genesis1krwpnzwz6c3k4kuztq39xa05y6ss2jpmvrdtrn,0,0.000000,23395320236464323157,23.395320,23395320236464323157,23.395320,0,1
,genesis10lkhxlegstueexpsehmwpa5xa24zcqhzw2ntkx,0,0.000000,22943115696223005427,22.943116,22943115696223005427,22.943116,0,1
,genesis1mpfppjmjvkz9hlv2anv8n5u0z6vg3jfmp3lfsl,0,0.000000,22495010039241170556,22.495010,22495010039241170556,22.495010,0,1
,genesis12wn6juw74mal6jhc9nlw7ykdjcs5qtfhu8426j,0,0.000000,22140477478820829959,22.140477,22140477478820829959,22.140477,1,3
,genesis1fhnc5vtxeclsqpkk8puyx4vmcuxypps02ywwue,0,0.000000,22046179327456557973,22.046179,22046179327456557973,22.046179,0,1
,genesis1zerlxk3gdzqqp9vfgje0n534cly36g4e32ckre,0,0.000000,21996600125390916437,21.996600,21996600125390916437,21.996600,0,2
,genesis19fhl0t4m2ek4hjn3pteqyu0zkrsve6agtgf6xp,0,0.000000,21985602221062004984,21.985602,21985602221062004984,21.985602,0,1
,genesis1tqyfpttjydt4lf4qnvwtd6wzfv5zq40srfvw95,0,0.000000,21940944925130851520,21.940945,21940944925130851520,21.940945,0,4
,genesis1zfh6ccddln9e4fkwse7fcquvecpnnxyke2zldt,0,0.000000,21895620220157249166,21.895620,21895620220157249166,21.895620,0,1
,genesis1zlcn84t3yda0drypkwalctxeqvzc872vmfsnxn,0,0.000000,21740680595446498921,21.740681,21740680595446498921,21.740681,0,1
,genesis1urmr32hvply88lcx8t7r7c4ew00vj27tk48u9k,0,0.000000,21482806150121892801,21.482806,21482806150121892801,21.482806,0,1
,genesis1rsntu55zwhlhcfghh2wtzsxkr67qszupcys22v,0,0.000000,21267873001514910902,21.267873,21267873001514910902,21.267873,2,7
,genesis1k77p896ngf0e3e8ald5apfhfjft0pm8m6q5y8k,0,0.000000,20997900009819658676,20.997900,20997900009819658676,20.997900,0,1
,genesis1kncpt05lez932qynpzduekrplzfdhn2zfewqg0,0,0.000000,20997900008667038041,20.997900,20997900008667038041,20.997900,0,1
,genesis189gr6p72a03srsnd99ghvnapgl8dpgn55eh786,0,0.000000,20989502121193867434,20.989502,20989502121193867434,20.989502,0,1
,genesis1pxa93n7xrvvmzd9rv0zsxgfk0kjude6t0h427j,0,0.000000,20989502121193867434,20.989502,20989502121193867434,20.989502,0,1
,genesis1wva85ju7dwcceap8hnl8erhclts9lnaqwqmajs,0,0.000000,20897910016267462441,20.897910,20897910016267462441,20.897910,0,4
,genesis1p5w0e9awkt48x9un6usqm6rprez3mdylz7d96k,0,0.000000,20897320082834299253,20.897320,20897320082834299253,20.897320,0,4
,genesis1th5cuu9ejva0q4g2smnazc520crk47zpdxgqr0,0,0.000000,20897320082834299253,20.897320,20897320082834299253,20.897320,0,4
,genesis1wqjm49wt672hjeenzpfgfhf70d6p4wgp99rgvp,0,0.000000,20896810151717585698,20.896810,20896810151717585698,20.896810,0,3
,genesis1mw47fsnfw856k0qlw2hc27me4udtq8kkqp8mdn,0,0.000000,20000000000000000000,20.000000,20000000000000000000,20.000000,0,1
,genesis1f8ukhyrveuy37uefrcea8g74xaq9fdqcmmzz3f,0,0.000000,19996000255463378367,19.996000,19996000255463378367,19.996000,0,4
,genesis1c5fkllf3j9nmr2hkuvyuf6xh73lyuf76x6gwvt,0,0.000000,19996000203402176957,19.996000,19996000203402176957,19.996000,0,2
,genesis13tz2c803xy089usw069vmga8lfurf5a5dfv53m,0,0.000000,19996000202390621301,19.996000,19996000202390621301,19.996000,0,2
,genesis1nleur7huzdatqhxjev3ye9cpg6y7s0h4khyaxh,0,0.000000,19994000606730287954,19.994001,19994000606730287954,19.994001,0,1
,genesis1z4dc7c3acgslhhy98eut7022t30r2n4rgqdyfz,0,0.000000,19994000606730287954,19.994001,19994000606730287954,19.994001,0,1
,genesis1yar6k9z6ugmunfl536ljr6wlhwjdpd6jlcmtz9,0,0.000000,19993101239125552006,19.993101,19993101239125552006,19.993101,1,3
,genesis188sxst5tpvlp2hrheul9r2q87f0ggevu2talrq,0,0.000000,19992001203769265902,19.992001,19992001203769265902,19.992001,0,1
,genesis1mnnlj8kulcshmh4vn5vr03cztcqgsup004jp3j,0,0.000000,19991001611976950776,19.991002,19991001611976950776,19.991002,0,2
,genesis1wpprung6cdr0xm8wsd69fg9ftap2efqs5nhx79,0,0.000000,18930754248345527296,18.930754,18930754248345527296,18.930754,0,2
,genesis15cw3rqzps37gy45pmmwxlrutf4pgnn2csqfq4u,0,0.000000,18930735714922704909,18.930736,18930735714922704909,18.930736,0,2
,genesis1m879cpf8pxaqexj8jprlhv7dhs7hs6sku8mer7,0,0.000000,18930715431170249634,18.930715,18930715431170249634,18.930715,0,2
,genesis1zwftw570zheq5scnzmm830pjmsl3d32e66t76e,0,0.000000,18890027483874974151,18.890027,18890027483874974151,18.890027,0,1
,genesis1gce08edkdalhnr8yc0h3754edz7x082y2hkzrw,0,0.000000,18819699401695218345,18.819699,18819699401695218345,18.819699,0,2
,genesis1yu8xykg6h7vdntj58t8rh89qfylq3clzjv5s67,0,0.000000,18819678496678021376,18.819678,18819678496678021376,18.819678,0,2
,genesis1jev7zyn0zkln3gtsuprgwwxmrs6shsux6540a0,0,0.000000,18495765627002247724,18.495766,18495765627002247724,18.495766,0,1
,genesis17lfqk0f03kccjt2u86ydcxnxjy6d8tfj0mqcxr,0,0.000000,18362623488188197974,18.362623,18362623488188197974,18.362623,0,1
,genesis1d7tw0mx42m27q2lvaahtujf9xu6pvtzefut483,0,0.000000,18317049317798596028,18.317049,18317049317798596028,18.317049,0,1
,genesis10up7na26hcmt8y4e4ke44swzvl5690znl68nmp,0,0.000000,18083799066757263540,18.083799,18083799066757263540,18.083799,0,1
,genesis1ak39d33np9j08h39v0un3n28ksuuud9rkx3mp5,0,0.000000,18032695174822247242,18.032695,18032695174822247242,18.032695,0,1
,genesis14l4r00dd40zd2a8hjekvcap47ajfuq58vumluz,0,0.000000,17974545466891668472,17.974545,17974545466891668472,17.974545,0,2
,genesis1szufatpqfqstl698aq79ev0wggeurv3v4s05j9,0,0.000000,17948409157057220117,17.948409,17948409157057220117,17.948409,0,1
,genesis173j8c95h7pphseaty4t5qhx5gta0v0wlap985m,0,0.000000,17946114473076518388,17.946114,17946114473076518388,17.946114,0,1
,genesis1q2fgwe7d8zhtp6tt36kq693agau9m3jwk8h4cd,0,0.000000,17946093315287842508,17.946093,17946093315287842508,17.946093,0,1
,genesis1hrfxk25qfuq6a8e9h3hs07m7g2zjhsf36mkh4e,0,0.000000,17946008725948704182,17.946009,17946008725948704182,17.946009,0,1
,genesis1gt5wq48vh2c69xpgpyjxqafqde0xy0umszz5nt,0,0.000000,17896025949191525536,17.896026,17896025949191525536,17.896026,0,1
,genesis1p5leww2pmwddsre6z4qlug6g96pqmswa9kyt9e,0,0.000000,17858093858967065106,17.858094,17858093858967065106,17.858094,1,2
,genesis1lptlz9w97le537mc9wn8eadm5tw6f3fjgxnckr,0,0.000000,17811793344674079793,17.811793,17811793344674079793,17.811793,1,2
,genesis16r0swsflhus9e784u4glf0rwwfgvu2vct8jqah,0,0.000000,17800810460186882184,17.800810,17800810460186882184,17.800810,0,2
,genesis1ghvdfm50yds2nsjqcy7en884d0403mnuueupxt,0,0.000000,17800780547846947091,17.800781,17800780547846947091,17.800781,0,2
,genesis1nllvngm2gpf7vx8e4506hmzrlx5afu7wkrfgpe,0,0.000000,17800767437692166526,17.800767,17800767437692166526,17.800767,0,2
,genesis1xcuepr4fgcyk9t20d5cg62ejuyzt4uyg8yfrgq,0,0.000000,17789855803413609494,17.789856,17789855803413609494,17.789856,0,1
,genesis1zscl3ukc5p6h7th00kdy8j0dcpnsqklg6y6sc7,0,0.000000,17661954964112419251,17.661955,17661954964112419251,17.661955,0,1
,genesis1udv3dqftlrkc5yxqn9tnu7atyg8wnl4eruup86,0,0.000000,17520027124902176016,17.520027,17520027124902176016,17.520027,0,1
,genesis1wlp3s003m8yktac7gza0rnu8tum09v2t6u4lm0,0,0.000000,17495166802297780811,17.495167,17495166802297780811,17.495167,0,1
,genesis13ym9xeznvcpwyr9ytte3cf433zdkygq8lp5c0k,0,0.000000,17449526203575766204,17.449526,17449526203575766204,17.449526,0,1
,genesis1g0mn967fcq3gclrd6ffjfp2le5l89x58p9e3s3,0,0.000000,17244684785236521568,17.244685,17244684785236521568,17.244685,0,1
,genesis1mzlqqtcf35jugszl3ay5m3mdu6j2nzsdn9k84y,0,0.000000,17228030838000322640,17.228031,17228030838000322640,17.228031,0,1
,genesis1uym0w3vderxe57jydrjte4nrm2dzwkardr5j6k,0,0.000000,17202136109275261101,17.202136,17202136109275261101,17.202136,1,2
,genesis1y2lan2anmfwsz9p00l5j2rd7agclezyqvwdk0d,0,0.000000,17096580172182047525,17.096580,17096580172182047525,17.096580,0,1
,genesis1er0kxmdupr3pa5kcds6dysvt6y9qdec6g02lnm,0,0.000000,17090988693170935715,17.090989,17090988693170935715,17.090989,0,1
,genesis1hjuedpvjn2ndtf3qzqnv3nkqqlqf2yc438xzsa,0,0.000000,17082001510701309189,17.082002,17082001510701309189,17.082002,0,1
,genesis1sntx5sf6w933f8pytpr2dh9sxns0u23m57mxfz,0,0.000000,16998300008009501195,16.998300,16998300008009501195,16.998300,0,1
,genesis1hf0mp5slpvzvmukhpl3cmtwld9hahq2jjqxejc,0,0.000000,16996378043284155356,16.996378,16996378043284155356,16.996378,1,2
,genesis137mx62kjwkdduunv929ewuffg303582vwht99v,0,0.000000,16940028280704243232,16.940028,16940028280704243232,16.940028,0,2
,genesis16l4fyseqkpftj9ekc8yxk075kuj4zfcpstxtz5,0,0.000000,16931135170570980463,16.931135,16931135170570980463,16.931135,0,1
,genesis1lh6ruf253fhjykdesvfccy0y0vhjque4kmmjt4,0,0.000000,16895013307277225913,16.895013,16895013307277225913,16.895013,0,3
,genesis1tg8he6zqlust7alpx5tq5fcmwm237xqge0d80v,0,0.000000,16884440711651927949,16.884441,16884440711651927949,16.884441,0,1
,genesis1j7khdzv4xq89tdxd32h0xwun5jmmx9f6clgux3,0,0.000000,16844671620438838069,16.844672,16844671620438838069,16.844672,0,1
,genesis1v5x7d2csz5vwz48p6wkj4j2y884e0adedtw884,0,0.000000,16833210440358122113,16.833210,16833210440358122113,16.833210,0,3
,genesis1kpmy9q3aquawarsgfaug2w9pvzejdrc5w0d3zu,0,0.000000,16697953381026379092,16.697953,16697953381026379092,16.697953,0,2
,genesis1vdlap6rz2rlpyx7vfvw0ls2hzu894hu2rm0aa8,0,0.000000,16680889910059796147,16.680890,16680889910059796147,16.680890,0,1
,genesis1ypj8tej66ccncvxzf9mlp29j0crcx3ljpkl87f,0,0.000000,16648164162758842904,16.648164,16648164162758842904,16.648164,0,1
,genesis1vrml8rkxcstrneqv208wmd9f3yd5uwkww4jm66,0,0.000000,16610612422374164653,16.610612,16610612422374164653,16.610612,0,2
,genesis1et80vz76fn5w946z864cg9j8yuwp298g9snzsg,0,0.000000,16573675134866619530,16.573675,16573675134866619530,16.573675,0,1
,genesis15hzzz9pups7gva9cvt5x5emjhq0h4mu4k88lvk,0,0.000000,16520402600724544665,16.520403,16520402600724544665,16.520403,1,2
,genesis1unmn2husa2r5gd23np57d4caadk94ahugfaq4y,0,0.000000,16506323087312722940,16.506323,16506323087312722940,16.506323,0,3
,genesis183nnun3xl7amzskn3apmnx7h6gwr427cz6ynt9,0,0.000000,16496713703031004662,16.496714,16496713703031004662,16.496714,0,1
,genesis1ng7nu0yqg4vl747khhez4j383d8e9ehhmuxfjd,0,0.000000,16495843704251925513,16.495844,16495843704251925513,16.495844,0,1
,genesis1sdugz4jf590flvcxtsxll7nhp7acl3ev5dst53,0,0.000000,16396060044879882002,16.396060,16396060044879882002,16.396060,0,1
,genesis1k7tjx4vf9qxe9njt53a70ragrq8k2kjqrtj984,0,0.000000,16367593861346437325,16.367594,16367593861346437325,16.367594,1,2
,genesis1wr8pdqarf933zf6glwt022fhaz8l0tv6hy3sus,0,0.000000,16364588258953848301,16.364588,16364588258953848301,16.364588,0,1
,genesis1lc6qf3ywwcje9rfm4hknpasyx4rcmeeu0x7e4u,0,0.000000,16359392049558904266,16.359392,16359392049558904266,16.359392,1,2
,genesis1ujv2gmfwrwzj504ntggqld0q5euafp76fh9qe7,0,0.000000,16336113536932445109,16.336114,16336113536932445109,16.336114,0,1
,genesis1ul4wlhf792xx7eq4p6umkwsmsj8gveeajtxjm3,0,0.000000,16295710437634437203,16.295710,16295710437634437203,16.295710,0,1
,genesis1j5aytsd05mz3g75unhnxkaa0u53ldczsx26zth,0,0.000000,16234495256494153332,16.234495,16234495256494153332,16.234495,1,2
,genesis14cqqk6kv2z55nsht5rgpaec9spq04t9fef07sp,0,0.000000,16229497045874489494,16.229497,16229497045874489494,16.229497,0,1
,genesis15ckeufu2fflrjw46auglgf8vzplj0ermw56umm,0,0.000000,16223879254172602540,16.223879,16223879254172602540,16.223879,0,1
,genesis1khu2n6nc83gyfz7ww0t5hdr3kangv8ttnfpn0x,0,0.000000,16213985432728702854,16.213985,16213985432728702854,16.213985,0,1
,genesis140ua06006u0gew8yst4s24df4enfa46cu4hrm5,0,0.000000,16208659973976256203,16.208660,16208659973976256203,16.208660,1,2
,genesis1uwjzjq0llhed9nqkelahaccr9v0y9ut4q7jy6r,0,0.000000,16197525197212135060,16.197525,16197525197212135060,16.197525,0,1
,genesis1qtj9z8w2r8p2nc2dasd965zy3tlpe59n7mezse,0,0.000000,16197470598315378767,16.197471,16197470598315378767,16.197471,0,1
,genesis1ezgedsezl60q2q67fwxk9p0y50tuzhhvp72snl,0,0.000000,16196581598832325070,16.196582,16196581598832325070,16.196582,0,1
,genesis13wft6aryrczyud6hcckmkakh8vqmsz976aau4a,0,0.000000,16192533838213966926,16.192534,16192533838213966926,16.192534,0,1
,genesis10krk7dj2udml89k089vewjgmjnde5ve4c59xv9,0,0.000000,16192274327907357478,16.192274,16192274327907357478,16.192274,0,1
,genesis1sdfp6cvsedtv2q933m9pq5ffj2zcmwwur4ztmv,0,0.000000,16191593628316543632,16.191594,16191593628316543632,16.191594,0,1
,genesis1js9mp9j7al3y6wyn56lnfu85lzysmuzgfp0tzq,0,0.000000,16175077427137885672,16.175077,16175077427137885672,16.175077,0,1
,genesis159r6dyhlxa4txsf3544q2mnw0qntq93rdf9w0w,0,0.000000,16174959433747581135,16.174959,16174959433747581135,16.174959,0,1
,genesis1h32w6e73k0fmqr0jd7v675555a3u4hr35ymnad,0,0.000000,16168122586629707856,16.168123,16168122586629707856,16.168123,0,1
,genesis17mnngmtsw6v5hchqk3s52efcj5crpy3nxmdr4a,0,0.000000,16168102906175129317,16.168103,16168102906175129317,16.168103,0,1
,genesis1gn53s8al3zycfqhfkhul067w05djkpeztpz6zs,0,0.000000,16163903273543237125,16.163903,16163903273543237125,16.163903,0,1
,genesis1nwsevzkjggksjsf7crhg5qc3aek82nzhtacmhp,0,0.000000,16161397827794158782,16.161398,16161397827794158782,16.161398,0,1
,genesis17e9pcvvfrmffdlpya2mzl0s3q97ude9x58zv2c,0,0.000000,16161393768602843951,16.161394,16161393768602843951,16.161394,0,1
,genesis167gze57at2cuyndg98nmfz4hff29agsue6ylq3,0,0.000000,16161358941038428006,16.161359,16161358941038428006,16.161359,0,1
,genesis1lzllffqtyvwe3fve6jgu2gm67qg3vqt4w2p24c,0,0.000000,16161271872035895142,16.161272,16161271872035895142,16.161272,0,1
,genesis1jgnrfqpvxjt6dfzcj3xpx4jfpnjpqrqh66hyxf,0,0.000000,16161248273629340346,16.161248,16161248273629340346,16.161248,0,1
,genesis1kvm3wzzn3c3a9x3m65dj4tcuhegtlpmglnjsvh,0,0.000000,16161244430409453346,16.161244,16161244430409453346,16.161244,0,1
,genesis1wutapzuu2p8sdlm9mtz99vm8ur9e3pptytrf85,0,0.000000,16161197828779484592,16.161198,16161197828779484592,16.161198,0,1
,genesis1wkstxngahjwypey3a65mq3wnfe0nzz6heked8q,0,0.000000,16159801159027563373,16.159801,16159801159027563373,16.159801,1,2
,genesis199ndqufcfn4h3vh4gl6da0l6u8ct9scl6zyu9x,0,0.000000,16159704901612112473,16.159705,16159704901612112473,16.159705,0,1
,genesis1507d5wmyxudatl9458z4khrvujqzg7enyte3hz,0,0.000000,16156095538755385712,16.156096,16156095538755385712,16.156096,0,1
,genesis18th8893fqa7m5h3dpk05v4wnv23n2ss2qvwkrl,0,0.000000,16155111963546854256,16.155112,16155111963546854256,16.155112,0,1
,genesis1n68n3ps6jje9s5nnxlj8j4rrz77ht76fvcerjs,0,0.000000,16154365369143653992,16.154365,16154365369143653992,16.154365,0,1
,genesis18ft8chhqk5ggvd6fd4tujcevjvke7g56sk8ux4,0,0.000000,16147554486067560627,16.147554,16147554486067560627,16.147554,0,1
,genesis18wg80p26wzjwdggclux0mzeetdapfhjcflkjwy,0,0.000000,16140696718650508793,16.140697,16140696718650508793,16.140697,0,1
,genesis105lcm7vqvl60ncwy3jf337qdxjl4kjfrkndhvd,0,0.000000,16140679012610727485,16.140679,16140679012610727485,16.140679,0,1
,genesis1ckxphvpgsg5lf86e028dqmgxamn0m8lv6gtxvl,0,0.000000,16140663214157612515,16.140663,16140663214157612515,16.140663,0,1
,genesis10lgdszxem58cy6nvh4nkffd4t3f8vaa9w2z5f3,0,0.000000,16140640216972887746,16.140640,16140640216972887746,16.140640,0,1
,genesis1vcpxklk693ms03cy9l83he735jpufhfuey76wf,0,0.000000,16140637069011844010,16.140637,16140637069011844010,16.140637,0,1
,genesis1qguemtvt4lg3he9zlrxypmz2djq3vd5l8q6lwd,0,0.000000,16130741277843593846,16.130741,16130741277843593846,16.130741,0,1
,genesis1ghqwcv4sntdezkmkskeajp3u38jpsekpsy3u5k,0,0.000000,16130622708245012968,16.130623,16130622708245012968,16.130623,0,1
,genesis1epcpngwvpxk5x42gem4w43smrex2sd2puccext,0,0.000000,16130543114851497936,16.130543,16130543114851497936,16.130543,0,1
,genesis1kx27a6ll50scw45mq9k37h3guez9t9nxs6qjkx,0,0.000000,16129922321177024023,16.129922,16129922321177024023,16.129922,0,1
,genesis1agxclayrnsz5tvlmz6ngwduntmazelk3at3vv9,0,0.000000,16127953563037685864,16.127954,16127953563037685864,16.127954,0,1
,genesis1srj8wrtyepfw5486p90yy34h7rtkgugh0c84m5,0,0.000000,16123374015138446554,16.123374,16123374015138446554,16.123374,0,1
,genesis190crhcu09fp4492a0wua59hfl97pxnjv50gheg,0,0.000000,16120063137652236033,16.120063,16120063137652236033,16.120063,0,1
,genesis1hex95tjy9np4764w67mkc4nt7etlccsmt7w78x,0,0.000000,16114253137897299593,16.114253,16114253137897299593,16.114253,0,2
,genesis1q8lg7prxcu0xlzselfp9mam49tu5mrh43ndukl,0,0.000000,16112165741952473411,16.112166,16112165741952473411,16.112166,0,1
,genesis129vx4cz4ql92j275eejgrfsp2qjn6n3n3cdwww,0,0.000000,16110095323869702547,16.110095,16110095323869702547,16.110095,0,1
,genesis1e5uwu463dtm5lrn87yy95wwrws0ycrx6ruc608,0,0.000000,16108161468036676172,16.108161,16108161468036676172,16.108161,0,1
,genesis1nn8q5zp4jkvgfy3m7c9jktzxa3hdtudvgp4twy,0,0.000000,16105423363869257794,16.105423,16105423363869257794,16.105423,0,1
,genesis1xq2r0t4548t3qzks67m8svzj9f0q4d0fx803qm,0,0.000000,16102375244932971761,16.102375,16102375244932971761,16.102375,0,1
,genesis1ykfrv04xnuae6q0yv3v9zxuu63vt63p9wfg0y4,0,0.000000,16095685716624740042,16.095686,16095685716624740042,16.095686,0,1
,genesis1qpzpgcwc9ea9q385jr7m74tn437x9dxce6hct2,0,0.000000,16095660174334551858,16.095660,16095660174334551858,16.095660,0,1
,genesis14kee6p7j54gfxzzl65jv2pxrflz4aqu7xntetc,0,0.000000,16095658118999261598,16.095658,16095658118999261598,16.095658,0,1
,genesis16z6jdtd5zl4wys5ll2gtmdth9nvcjcchhr2qze,0,0.000000,16095649167199147736,16.095649,16095649167199147736,16.095649,0,1
,genesis1kqh8fjrpj2cqmunfx7fmz0rxfyx06l3ferggcp,0,0.000000,16075478965936618803,16.075479,16075478965936618803,16.075479,0,1
,genesis16z8u9n7tkkw57wgff6c4xu40nn5x5c0k55f54s,0,0.000000,16075167093610564523,16.075167,16075167093610564523,16.075167,0,1
,genesis1k6hytvfenmmr34l7t9hapw222hpqwgp7vrxumh,0,0.000000,16075144894312513041,16.075145,16075144894312513041,16.075145,0,1
,genesis1alksfa6zvlhrdkzyy55qhkamj33ytcduf8vk3e,0,0.000000,16075094140236655823,16.075094,16075094140236655823,16.075094,0,1
,genesis1gpletec9mskqt7rpjcrv5n5l92fjvk0xdfm55q,0,0.000000,16075033365284464779,16.075033,16075033365284464779,16.075033,0,1
,genesis1677wmg94tkldu8y56v92p4jqn05f3edleu47mg,0,0.000000,16075013378197825600,16.075013,16075013378197825600,16.075013,0,1
,genesis1u2lqd9e04000ap0t2cutwg0j6mzk2m8ujt0eal,0,0.000000,16074993054140406859,16.074993,16074993054140406859,16.074993,0,1
,genesis1ze78fcn0nzh3043fa8s2j32ajlpna2f8lmpr89,0,0.000000,16074964062401930880,16.074964,16074964062401930880,16.074964,0,1
,genesis1c7qm5sfp43n0xly83w8p83kcxjkc3gj7rhh7e9,0,0.000000,16074956821983604632,16.074957,16074956821983604632,16.074957,0,1
,genesis18ggnq5m5nnp5ayey8jtf5uacleuqef3nmjt33p,0,0.000000,16074941114203661153,16.074941,16074941114203661153,16.074941,0,1
,genesis1ff5fejut2jqsfaz4drlcs6f2ak2c5skep2gzlh,0,0.000000,16074909217781378596,16.074909,16074909217781378596,16.074909,0,1
,genesis1zv4p0pu5egxym8c35m9znyjnkxcwjpuy2mf5ve,0,0.000000,16073410335498197241,16.073410,16073410335498197241,16.073410,0,1
,genesis1d4chg7arhfs6etgt52pzdsyyx7s3nswhhye5ln,0,0.000000,16072618858740338496,16.072619,16072618858740338496,16.072619,0,1
,genesis189af5wxs497deurrryh3lss8uv7xhcyjqen6ed,0,0.000000,16072613864486724135,16.072614,16072613864486724135,16.072614,0,1
,genesis1qr6gggq8953qetshu7l03m85cmdlet8l55ufu7,0,0.000000,16069958285219300288,16.069958,16069958285219300288,16.069958,0,1
,genesis1v572urt30wyxvhu6kfj0wj394qswa5xttv3ge8,0,0.000000,16069148113543615242,16.069148,16069148113543615242,16.069148,0,1
,genesis1aekcc7v4c6vxvcx5njmer68y8rrln7jxh9rw75,0,0.000000,16066786550791604040,16.066787,16066786550791604040,16.066787,0,1
,genesis17puvlewlvvg9vamnlrt5exyjkjcckkh8pu0spr,0,0.000000,16064048514270343950,16.064049,16064048514270343950,16.064049,0,1
,genesis135hy4g4lqjn4vxeyecy2mqfmu67j9g4sc4rsam,0,0.000000,16060299782685060351,16.060300,16060299782685060351,16.060300,0,1
,genesis1a7yseyrqs8dvccgcq9wyfcrzwmqcvlp5tpm2ae,0,0.000000,16059230249094996346,16.059230,16059230249094996346,16.059230,0,1
,genesis1l542xzykcsa6fzkvwdjcvcg83yzgctr6dmckr0,0,0.000000,16048709507399948030,16.048710,16048709507399948030,16.048710,0,1
,genesis1yuj3r403fe3vcrh47r4k4sky5wgwljytevg9vk,0,0.000000,16048700927033804141,16.048701,16048700927033804141,16.048701,0,1
,genesis1du280fa60dx39ew7fkj9y6np72h64p6f44g6my,0,0.000000,16048681733101192432,16.048682,16048681733101192432,16.048682,0,1
,genesis1gpxaj0xjurmundj85lyz5nq6e0x82mq2mwl9wt,0,0.000000,16048674891065029971,16.048675,16048674891065029971,16.048675,0,1
,genesis14fjx3c5ruurdtqgzps96sqegklrkshamg240wq,0,0.000000,16048671529367266724,16.048672,16048671529367266724,16.048672,0,1
,genesis1myz2vthv4tf358hdd97ejdf9h20r7epm6xp3zp,0,0.000000,16048635634203082896,16.048636,16048635634203082896,16.048636,0,1
,genesis178t6h85rwxajm98zzqehtnnnhm4e59u0s0jses,0,0.000000,16048622383406791766,16.048622,16048622383406791766,16.048622,0,1
,genesis1pfcdxdnarn3slug5nyjdkqgjky84m0knyjm3ax,0,0.000000,16048614389677349057,16.048614,16048614389677349057,16.048614,0,1
,genesis1cav8wwwluez29sjrfzsayp79zll04wyl4620yy,0,0.000000,16048610935948056495,16.048611,16048610935948056495,16.048611,0,1
,genesis1vd8r9y473hmzl2ahkhy54a707klemn4swy76fq,0,0.000000,16048329642728333208,16.048330,16048329642728333208,16.048330,0,1
,genesis1v4x2n8lxjrj9ej0hhl8jwza2kzgpyswtqj9wx5,0,0.000000,16041059181464840420,16.041059,16041059181464840420,16.041059,0,1
,genesis1n6mxtz9945crl42h6f7t7cg24et2qk6nkm8sum,0,0.000000,16036482860716600801,16.036483,16036482860716600801,16.036483,0,1
,genesis1f3sak44pkjzhhh2zjrdawufqpgdmqdd5hwe3wg,0,0.000000,16031696420472276996,16.031696,16031696420472276996,16.031696,0,1
,genesis1404zxd8qq40wgv2hrzsxak82f9phydeymzz0st,0,0.000000,16031678004878724044,16.031678,16031678004878724044,16.031678,0,1
,genesis1dp3qeqpvgfkh7c07vn64m0kj7pps64ztm3ewk0,0,0.000000,16031664242280323415,16.031664,16031664242280323415,16.031664,0,1
,genesis15t7awyadgnl2kd0kg7n33wauyadrr8wwenvdm8,0,0.000000,16027552210198956104,16.027552,16027552210198956104,16.027552,0,2
,genesis15yz08m6kd5ssg8qlzwmsf2h5dc3p6x4qt44q54,0,0.000000,16027122891372817926,16.027123,16027122891372817926,16.027123,0,1
,genesis15zcvtjka92npe5e2zq7gfqvqpezsr076tmjg9e,0,0.000000,16027114553034493080,16.027115,16027114553034493080,16.027115,0,1
,genesis19ekjf4p8rc3sllpz7utaujx369p8jk4h58g3kw,0,0.000000,16027099272263580923,16.027099,16027099272263580923,16.027099,0,1
,genesis1x702z6wux5gyensjyy6k9e968nqw960r6grjhq,0,0.000000,16012826532374654587,16.012827,16012826532374654587,16.012827,0,1
,genesis18jrqe4954awdpv3yam8q2nu3k56dkq59n53maw,0,0.000000,15996724424842256458,15.996724,15996724424842256458,15.996724,0,1
,genesis1308hlxk36vd8mt5sm8zh2m90379vlg2m5lrmy9,0,0.000000,15996483849187122975,15.996484,15996483849187122975,15.996484,0,1
,genesis1y306j0ggpu82pzv4ykvnhsgt2hnek32d227zyn,0,0.000000,15995300515655514726,15.995301,15995300515655514726,15.995301,0,6
,genesis1z4yu58vu90np5sh04j3p62vaqwl8y2t025u7pz,0,0.000000,15966655270593380093,15.966655,15966655270593380093,15.966655,0,1
,genesis10nsz2l9v8z6qkv4npyj0awzhsjyvpssl4ycfyq,0,0.000000,15946138251916799713,15.946138,15946138251916799713,15.946138,0,1
,genesis15kkhkpt9kegle65nvwlvnh39wmzekndzpvscuj,0,0.000000,15946115300786476180,15.946115,15946115300786476180,15.946115,0,1
,genesis17e0m33ts0ph9s84fw7gsdt0lgfursu5gx4q92p,0,0.000000,15945966996385483825,15.945967,15945966996385483825,15.945967,0,1
,genesis15mgq6rp8d5vkn2ae9jvuskkmmw3z9lhqfcc6fp,0,0.000000,15945948790542762488,15.945949,15945948790542762488,15.945949,0,1
,genesis1zztk42d8rzr8ykdf5zl92dkcajddwlgwygcd0c,0,0.000000,15945825547545519518,15.945826,15945825547545519518,15.945826,0,1
,genesis1vtqrx63lyalw4swc0gnexl4ffcl6tefu9zklrx,0,0.000000,15945807690425888157,15.945808,15945807690425888157,15.945808,0,1
,genesis1exswm0c8jfmcwutvk7samam0w6nektuj0ydj72,0,0.000000,15945800187964706217,15.945800,15945800187964706217,15.945800,0,1
,genesis136xcpl55m409xw3wyxncyuxa73lgedeyuuu5ds,0,0.000000,15945746109229507141,15.945746,15945746109229507141,15.945746,0,1
,genesis1dglzx2whezkzp3xsasyeakn42m2utv44wek48q,0,0.000000,15945730096233656926,15.945730,15945730096233656926,15.945730,0,1
,genesis1y7h95gfrz5drsvl6zwat30vsq094uzye90655z,0,0.000000,15945699534220277456,15.945700,15945699534220277456,15.945700,0,1
,genesis1pk9vdqul4g7gjtuvz74tlhge6q2ahwwl9ad3uq,0,0.000000,15945611561083926379,15.945612,15945611561083926379,15.945612,0,1
,genesis18kzueypuw8qr0373d5gu39yx78hptxvyvvh67p,0,0.000000,15945581277529196799,15.945581,15945581277529196799,15.945581,0,1
,genesis1d9hm6t3dzjv70sqfya9gzh9f3x76nn4v5xtu99,0,0.000000,15945460985552179792,15.945461,15945460985552179792,15.945461,0,1
,genesis152qt66v02nu4chgq7v7u0mdrxh3cmeuqz3dtsu,0,0.000000,15945446501555876405,15.945447,15945446501555876405,15.945447,0,1
,genesis1cjkk7g9m6ey0lt34htnr93053gptzpfk7373sy,0,0.000000,15945420108416734274,15.945420,15945420108416734274,15.945420,0,1
,genesis1v38wnusc968zr4pumm6gvd9hfaszm8jz7s9k20,0,0.000000,15945363847119000948,15.945364,15945363847119000948,15.945364,0,1
,genesis1nwwpss7p3c7m2lys2sd0fcc0u52nlcy45ykw2g,0,0.000000,15945237075636748554,15.945237,15945237075636748554,15.945237,0,1
,genesis1ew45f6hhqy8k6k84p8erl5zyzk4tcna6tm8de9,0,0.000000,15944927761600366219,15.944928,15944927761600366219,15.944928,0,1
,genesis19f84rjkdu6d0zj0g4aa947cc585nnznf2l0h22,0,0.000000,15944910172161069413,15.944910,15944910172161069413,15.944910,0,1
,genesis1k6m23vdecavx2g5nk6hyqhfx7s3zq080lz9zjr,0,0.000000,15944810701306516422,15.944811,15944810701306516422,15.944811,0,1
,genesis1rd5gsd0fuhu4gyrycyfvjtquu90qe0p6hfjy90,0,0.000000,15944774673365223164,15.944775,15944774673365223164,15.944775,0,1
,genesis1j7kuv0980g5e4anumecv2vru06lacqvyyjj9tk,0,0.000000,15944707399760994033,15.944707,15944707399760994033,15.944707,0,1
,genesis1ytpu4pljqzusafekmd5vqy37emqjtvj7hmw272,0,0.000000,15944662099823094020,15.944662,15944662099823094020,15.944662,0,1
,genesis12xqzal4zkvykuu2agl4tzkgjhgwre4k9rfsxmt,0,0.000000,15944589956124092875,15.944590,15944589956124092875,15.944590,0,1
,genesis1e6v9ya4h58h4v75ltkf09pl7tkzwh6yqag8gxj,0,0.000000,15944528655513120745,15.944529,15944528655513120745,15.944529,0,1
,genesis1l9cmc833mdnu9z5wc9rf8jrvhjjfgjhraljy86,0,0.000000,15944507888855363423,15.944508,15944507888855363423,15.944508,0,1
,genesis1amducnpvdrv6utez4lz5vdkm2h3cv04l5e84ut,0,0.000000,15944440894874510663,15.944441,15944440894874510663,15.944441,0,1
,genesis18frvljvy03x73fhstr28dhj5tzrzs3jeq99psf,0,0.000000,15944436408044764835,15.944436,15944436408044764835,15.944436,0,1
,genesis1m65haxvyfdvv7marjlqk9qprkgtsd6mwj3uvn9,0,0.000000,15944363831884340690,15.944364,15944363831884340690,15.944364,0,1
,genesis1h6m74nvnqavmrj943n0l4s54xrppncz3jyg3r3,0,0.000000,15944338459001808460,15.944338,15944338459001808460,15.944338,0,1
,genesis15zs6quy2rec9vuvcha0wp6yhypnp6jmfjyugxv,0,0.000000,15944302082378440688,15.944302,15944302082378440688,15.944302,0,1
,genesis1ju79ek2fwwrnzj3jp22wy5u9ft0mgu9lu850lz,0,0.000000,15944278733268172808,15.944279,15944278733268172808,15.944279,0,1
,genesis1afqen9qtg5mvwwpgfmft7uzjluagk0jngj02pu,0,0.000000,15944275364353717599,15.944275,15944275364353717599,15.944275,0,1
,genesis1dg5s593cqy9c4n7ccqedsv48eu92klunxspdzn,0,0.000000,15944190993698803461,15.944191,15944190993698803461,15.944191,0,1
,genesis1wml8yhfn6kpcc4zszp50q7sj42mxz5um8mwdsa,0,0.000000,15944147909156643413,15.944148,15944147909156643413,15.944148,0,1
,genesis1retltxel7ewjmvyj7evxzfm08gt8ykx7d6z9fu,0,0.000000,15944133639508956209,15.944134,15944133639508956209,15.944134,0,1
,genesis1922f3lt0nqjnmr8um7453dysw49f2dzhzpyp8c,0,0.000000,15944080369051731818,15.944080,15944080369051731818,15.944080,0,1
,genesis1nnkem9cdr4488utardrlpw40sc9kv6cd7hx7j6,0,0.000000,15944036824668556459,15.944037,15944036824668556459,15.944037,0,1
,genesis1qy7n0gukzdve7muzsu8h7weamefmxspcpa33ph,0,0.000000,15943791544025756649,15.943792,15943791544025756649,15.943792,0,1
,genesis1cccuhn0slxng278khwp662y8wapfzteskz0gse,0,0.000000,15934950229894610545,15.934950,15934950229894610545,15.934950,0,2
,genesis1ph0pcg2cajm9jvw5c9sysm00ctumclgu95sam7,0,0.000000,15928777580874627776,15.928778,15928777580874627776,15.928778,0,1
,genesis1m7v0pd7s4luzmy408sz7mgnmjk5y24ck9406y6,0,0.000000,15920645723486377814,15.920646,15920645723486377814,15.920646,0,1
,genesis19uj7gj8vgag5ds6csgalypy7x2vus907pd3xl5,0,0.000000,15920609160681386125,15.920609,15920609160681386125,15.920609,0,1
,genesis1wf7sx6gwptrgex3jg2fpljzs298z4gxpvrx57c,0,0.000000,15911088707217982228,15.911089,15911088707217982228,15.911089,0,1
,genesis1vglq4g3g0yux2lykffm6z8u2cuj0f8542j3a4t,0,0.000000,15911079384164247486,15.911079,15911079384164247486,15.911079,0,1
,genesis1jpxcf2k9c8nsf9zceh6s7wgmljg84uw2egcpq7,0,0.000000,15910573810197887330,15.910574,15910573810197887330,15.910574,0,1
,genesis13wtuk2mpevl9vuzaf3886xqfuxhphhrfql2akd,0,0.000000,15896532676496026186,15.896533,15896532676496026186,15.896533,0,1
,genesis1c9ulet2k2df2aae5ng2e3hh5v584ukw9a3uu49,0,0.000000,15895270449712425227,15.895270,15895270449712425227,15.895270,0,1
,genesis1pmf2z7gesjmh886vvapy7fl7acvl704s0n69pr,0,0.000000,15895239927584652750,15.895240,15895239927584652750,15.895240,0,1
,genesis1jgfc0zgcdah5hnn6rep5dnu6u90alwalup54yw,0,0.000000,15864344285334984173,15.864344,15864344285334984173,15.864344,0,1
,genesis1lrx3mrvna9urqcmsph3yffhrea4pj4tedrk7yh,0,0.000000,15848955569966190382,15.848956,15848955569966190382,15.848956,0,1
,genesis1f5gc35cvtucjs5dux3v6mmeuwnee52nps8gd9c,0,0.000000,15832314848584136566,15.832315,15832314848584136566,15.832315,0,1
,genesis1a86h502rpxlns52z987wj337zvyenjsz794jvw,0,0.000000,15822487154191517928,15.822487,15822487154191517928,15.822487,0,1
,genesis13tz2ehs34024knn9pqxm2yeq9j9w2jf5ymy0xx,0,0.000000,15796192303131240164,15.796192,15796192303131240164,15.796192,0,1
,genesis1dsksr50835n6fdd2uu6ywx8xav32vrz757gps0,0,0.000000,15774018653173935013,15.774019,15774018653173935013,15.774019,0,1
,genesis1kyd3kmm87fstesqe7970w6g6mt6j4eah4kcfm3,0,0.000000,15672154221238123643,15.672154,15672154221238123643,15.672154,0,2
,genesis1qxts5avx4cr55fm6mfz4xdtrq446wqxp7tt32p,0,0.000000,15653942880812421579,15.653943,15653942880812421579,15.653943,1,2
,genesis1yjmxx0y2hf6pmdjh9e7dmu90x9mv3gg0xqdvfg,0,0.000000,15614516040007616996,15.614516,15614516040007616996,15.614516,0,2
,genesis16w748zjxrzy5fj2suwqzx8wtrj5dy35dygmlyz,0,0.000000,15602751462239317275,15.602751,15602751462239317275,15.602751,0,1
,genesis1yd47xy28cv05e70fd6d706fsmtkuqu86la49gg,0,0.000000,15601424694498562002,15.601425,15601424694498562002,15.601425,0,1
,genesis18mreqgymfmn50lsgg9rem955lmr8u7vdyv74qm,0,0.000000,15530990541520461960,15.530991,15530990541520461960,15.530991,0,1
,genesis18glusthr5u5v9zwn7adzz3z387z05xvzlxh4pp,0,0.000000,15521964943235287504,15.521965,15521964943235287504,15.521965,0,1
,genesis14a9n3jd7qdec2mwyhpxkhzlma8l5009rj458h6,0,0.000000,15521940683708258031,15.521941,15521940683708258031,15.521941,0,1
,genesis1hvwqzyw0w460rjlrkfw5vmw9sg35weu0ch9u8j,0,0.000000,15515414237944495172,15.515414,15515414237944495172,15.515414,0,1
,genesis1dhu8grdkd6sw9rw848kkfuf7e0x7a47efxjn0a,0,0.000000,15512653433711747389,15.512653,15512653433711747389,15.512653,0,2
,genesis1kvkm8p8dd6xamfcdk9es7hylsqgrvhdmstvyyd,0,0.000000,15495657736312117760,15.495658,15495657736312117760,15.495658,1,2
,genesis10pys5yyuh895rezrqlzd5m5ja5hje655rrxe9j,0,0.000000,15495630043852563660,15.495630,15495630043852563660,15.495630,0,1
,genesis1mwf6yuxlw4z90rtekedjw572ndtar35hv490th,0,0.000000,15485541505956958646,15.485542,15485541505956958646,15.485542,1,2
,genesis15xrsglwrmcqanhw572qgv7k2x4jsvp929knft7,0,0.000000,15469863434214734785,15.469863,15469863434214734785,15.469863,0,1
,genesis1hggde2u9lrjy9x9kqfwzzgjwkxe2y9wzg37e26,0,0.000000,15463707894507247863,15.463708,15463707894507247863,15.463708,1,3
,genesis18acnkjck2qtkuv94r8e2tz7eudj7jl7st790dq,0,0.000000,15461627676554083207,15.461628,15461627676554083207,15.461628,0,1
,genesis1ylqadkzy98mjd6gzcu9j9m89lsr52pc3m029q4,0,0.000000,15449049072205163201,15.449049,15449049072205163201,15.449049,0,1
,genesis12xmkx67gpnyk36ras4epfuy2qx2ajcuz2n2f4p,0,0.000000,15427058467112748122,15.427058,15427058467112748122,15.427058,0,1
,genesis1gx5cx6prh66wkqtpmssd84q5dmvuw8cvmfzwpn,0,0.000000,15409747798356678093,15.409748,15409747798356678093,15.409748,0,1
,genesis15wgfutvyqg3cykgwecg5hdq0apgz35rxam7q6s,0,0.000000,15397264550676601694,15.397265,15397264550676601694,15.397265,0,1
,genesis1gkjx3l4n84uu2hpl6sqv6vfrwxr8qvsvqayttw,0,0.000000,15383046719845062127,15.383047,15383046719845062127,15.383047,0,1
,genesis1dhr5zx2gf3g4rtxrauy5k7ahd8l5pjrl4ysygh,0,0.000000,15368408473132457377,15.368408,15368408473132457377,15.368408,0,2
,genesis13k4p55ls5m6srku3z24njhcqj550hjpkyyl0lq,0,0.000000,15283679102088342182,15.283679,15283679102088342182,15.283679,0,2
,genesis1we50lf9sw27w6d33z5mukygdcldyganhe885lq,0,0.000000,15270393989582623014,15.270394,15270393989582623014,15.270394,0,1
,genesis1e3zdmjmn72xhpy58httzmvfp2schzhfv2t3ve4,0,0.000000,15239602646046929582,15.239603,15239602646046929582,15.239603,0,1
,genesis1u699zz03fxegdulmd7anx05g3apn90h7savz43,0,0.000000,15231982088440418377,15.231982,15231982088440418377,15.231982,0,1
,genesis1thtzdut0c7kv2q2msxr0hh00wker2w3w38yqf6,0,0.000000,15214864545490196658,15.214865,15214864545490196658,15.214865,0,1
,genesis130tlj9y45rk60vw57l800dguf5dmr25yctkfcv,0,0.000000,15209327195877619970,15.209327,15209327195877619970,15.209327,0,1
,genesis1s944zmx5gmd3e2em3mfapeqsnza8zcdxepfhk6,0,0.000000,15208636008124817212,15.208636,15208636008124817212,15.208636,0,2
,genesis1n9035dtgz6wtnk7mfpps4mhvtetfd20y5l8p09,0,0.000000,15196226182250540789,15.196226,15196226182250540789,15.196226,0,1
,genesis1c97nrl5shghs9re60dnghxh50vf6kf5rcf4tcl,0,0.000000,15194515013470811316,15.194515,15194515013470811316,15.194515,0,1
,genesis1fwqj9dtlzpsj7fpa6skc4r6dhfdu2gx0gxtre0,0,0.000000,15170375918778867892,15.170376,15170375918778867892,15.170376,1,3
,genesis10u3ujj7j3v2t3lgel5dvdmqlj6t4v22nmsqs06,0,0.000000,15131980587089065666,15.131981,15131980587089065666,15.131981,0,1
,genesis1tekt8a9m7vf82smwsgl7ap7rr2h89c720ntsse,0,0.000000,15126643463610141751,15.126643,15126643463610141751,15.126643,0,1
,genesis1pl6c8zquzjvp0nwx6n0t0s2s3v9x2378qcyqkh,0,0.000000,15113399293920575294,15.113399,15113399293920575294,15.113399,0,1
,genesis1trx0m00asv484t4l0pfyhyfhdutdxe3wgxms3r,0,0.000000,15100744787985552464,15.100745,15100744787985552464,15.100745,0,1
,genesis1xvunup2m747gu6yr5qpmpehal5tr654cj6g778,0,0.000000,15097828541728802222,15.097829,15097828541728802222,15.097829,0,1
,genesis18wycp23y69ky0rla4p75muzhejn0cd76mjsrxz,0,0.000000,15085666471831068629,15.085666,15085666471831068629,15.085666,0,1
,genesis1ckdy0jxek92rq4r9n54qcgdslhcc7pdyjadl25,0,0.000000,15085660744448269813,15.085661,15085660744448269813,15.085661,0,1
,genesis1c7c8un9v8th406gv6x40nna45pc3gn4073gt37,0,0.000000,15075902656140643632,15.075903,15075902656140643632,15.075903,0,1
,genesis1m5lx8ygqszhencye3rkdws5vlg3f84fapzgsgw,0,0.000000,15058113427072387393,15.058113,15058113427072387393,15.058113,1,2
,genesis1fn8s0cvqfhrq7qsphpsy2ugzfxjs3d8ghsgkpr,0,0.000000,15045406216850786984,15.045406,15045406216850786984,15.045406,0,1
,genesis1kt5gzt2dj6dzwxf2guwfy4udu896k3lymzsffg,0,0.000000,15042617623550718584,15.042618,15042617623550718584,15.042618,0,1
,genesis1w6gx8ehazt4thj246cp9h56mlz9tsm2dmu5grh,0,0.000000,15039945784610897467,15.039946,15039945784610897467,15.039946,0,1
,genesis1yphyvxcxcstvcczcqfaj3m9hygs8ccafckvpdj,0,0.000000,14997131250030029006,14.997131,14997131250030029006,14.997131,0,1
,genesis13gd97ke6erejqk2p050xkpc63jhtujre6qmlxx,0,0.000000,14997038534973719197,14.997039,14997038534973719197,14.997039,0,1
,genesis1zn3a84lujzyg8ecdjh5x4qs7p2mk78jpskwgqy,0,0.000000,14997000153291493435,14.997000,14997000153291493435,14.997000,0,1
,genesis1n4wfmek9cdn34n7t40h9uvks8drxu36rswhgps,0,0.000000,14997000151036883794,14.997000,14997000151036883794,14.997000,0,1
,genesis1zja9xayj0jqyasva3t2tmsaf2y0shywmuhyacd,0,0.000000,14996865354536518993,14.996865,14996865354536518993,14.996865,0,1
,genesis1mreaq69fm36ch7que5cje7zz49cpm3d8gtlxse,0,0.000000,14996767226182763273,14.996767,14996767226182763273,14.996767,0,1
,genesis179nlysx2jucghsawtx4g4ct0glfwj264hz4yqw,0,0.000000,14996733495719748694,14.996733,14996733495719748694,14.996733,0,1
,genesis1v5y75akkfvqa3h0tpmu0gyk5kjemwpsuhwacyr,0,0.000000,14996661110259386738,14.996661,14996661110259386738,14.996661,0,1
,genesis17lxm4cvx6g3ya92psy83pz30g7uu0zknuuk2tp,0,0.000000,14996511811885572625,14.996512,14996511811885572625,14.996512,0,1
,genesis1ecz40e3j0mstxczzxmjmw99dy5738r9tmrvzd5,0,0.000000,14996490580557510397,14.996491,14996490580557510397,14.996491,0,1
,genesis1rqwxunk8ujl3ngsxdwt05q4fplx6gprkqc6xft,0,0.000000,14996484487097811554,14.996484,14996484487097811554,14.996484,0,1
,genesis1yp923424vva3eeprfvmjzztry36dcc30z0e6la,0,0.000000,14996475597697054136,14.996476,14996475597697054136,14.996476,0,1
,genesis1weqw2c7wgetpafhh8qjrmx0s2mgp5eh3vr24nk,0,0.000000,14996474974135464033,14.996475,14996474974135464033,14.996475,0,1
,genesis1qhw97e8v8hwzem0eh2xd0d44q44mgtf8gcatnn,0,0.000000,14996442424752316377,14.996442,14996442424752316377,14.996442,0,1
,genesis1g94062p2vr0qju4rltyxextdk7exszghmnc7vf,0,0.000000,14996426846047642013,14.996427,14996426846047642013,14.996427,0,1
,genesis1s7k5uw4gz949nwe06kjfsg6a2ly2fj42pj7uz7,0,0.000000,14996424078878884889,14.996424,14996424078878884889,14.996424,0,1
,genesis1nftfyta6ajq3lqpa8y0ycms2dcyt9f0srlnc5r,0,0.000000,14996390982369133399,14.996391,14996390982369133399,14.996391,0,1
,genesis1tr55zghf7d6rh3l4qfjhs4p4la2pz79zeyaesg,0,0.000000,14996378000131235387,14.996378,14996378000131235387,14.996378,0,1
,genesis1wfwqp447e2kl5hz5nyvzgurrm02tyrfv82x45y,0,0.000000,14996324914888224676,14.996325,14996324914888224676,14.996325,0,2
,genesis1zhae93zee8mhvwuy98dlmh8prphnda6upgj20j,0,0.000000,14996305756628680861,14.996306,14996305756628680861,14.996306,0,1
,genesis15kunxjveapfn8pgqc5hgyrvw38mapdl256t4hq,0,0.000000,14996286361096962113,14.996286,14996286361096962113,14.996286,0,1
,genesis1xu3kvl4kjcw8d3uh8gahq2g2fhfdrqjm4gz5mh,0,0.000000,14996237975108054762,14.996238,14996237975108054762,14.996238,0,1
,genesis1u3qfavutu83e027qdp6hxuckmt0pu2dr0cq5y3,0,0.000000,14996235125292163575,14.996235,14996235125292163575,14.996235,0,1
,genesis1tm7va3plpzw49k6g5myyfe3jqfxqlgunum2pcc,0,0.000000,14996100146316696397,14.996100,14996100146316696397,14.996100,0,1
,genesis1rwd7f5aukpxvtvf8cc7zlwk80ql2hxpep9c406,0,0.000000,14996093621928317408,14.996094,14996093621928317408,14.996094,0,2
,genesis1xj32xft8m5q2pz6jg4jtc3x6qd8n5t8w3dvnu2,0,0.000000,14996090037795888924,14.996090,14996090037795888924,14.996090,0,1
,genesis14j4wxtvwtm7vux9h735l96dl95wvdjxrcpp99n,0,0.000000,14996030548414774923,14.996031,14996030548414774923,14.996031,0,1
,genesis13egu94wn88mm94rcws9l0eptfawzsh4260y7ur,0,0.000000,14995995192346891133,14.995995,14995995192346891133,14.995995,0,1
,genesis1gl5r9wexkj03a6lrm49gqspykyv4q9lh64e0md,0,0.000000,14995955963634129496,14.995956,14995955963634129496,14.995956,0,1
,genesis1024uzh99xharpytf2qhwvl6aqt2pzc3k0jnjfj,0,0.000000,14995894850021839568,14.995895,14995894850021839568,14.995895,0,1
,genesis1ugjwpmmmul8h7rqsg0w44wyg94tms8fjys6qwy,0,0.000000,14995831657822436691,14.995832,14995831657822436691,14.995832,0,1
,genesis1488v3y25jfvywgc20k0t9xnkk48lhhy2jz86k8,0,0.000000,14995784424334430212,14.995784,14995784424334430212,14.995784,0,1
,genesis1vgn4z2ctqnc9cj9rlxaj5fk8xldtv58ge0m2yd,0,0.000000,14995768771752304576,14.995769,14995768771752304576,14.995769,0,1
,genesis1jtqn2f0h6zvlnpy6k8h52yfez5scu2as57xwek,0,0.000000,14995659220273114757,14.995659,14995659220273114757,14.995659,0,1
,genesis1uezm4h3s9arlq6fnuj7mvx4g8ws74u65k75gy5,0,0.000000,14995657226149049150,14.995657,14995657226149049150,14.995657,0,1
,genesis1w9l99t7tlahr5x5u9hxdk4vvqf2r3gmvsyh3z6,0,0.000000,14995648325409564487,14.995648,14995648325409564487,14.995648,0,1
,genesis1nwqq6jxcw8kcvk6deqesaslpatgzfdql8uwrdc,0,0.000000,14995609343982349314,14.995609,14995609343982349314,14.995609,0,1
,genesis1zn0fk5z4pcsh8cxf3lts2pw3498507z8jfq7sa,0,0.000000,14995540721647611786,14.995541,14995540721647611786,14.995541,0,1
,genesis1gxzzgvt266t4yec44nvm32crzujzasv4c0z5qe,0,0.000000,14995519015540903833,14.995519,14995519015540903833,14.995519,0,1
,genesis1vw8204uc40uthhlpmjn9hdc66m36jtdeff8nam,0,0.000000,14995426525357154719,14.995427,14995426525357154719,14.995427,0,1
,genesis1fwq03yydqp7rec4ww3w3a7797fzahtqvumsszz,0,0.000000,14995413596371933353,14.995414,14995413596371933353,14.995414,0,1
,genesis1x8nvxyq7ncru6h9jv3rf5my2zddhlc0yw44z0w,0,0.000000,14995398007872606985,14.995398,14995398007872606985,14.995398,0,1
,genesis1mvk8603ksv5spt9epgruemcqdh3qruze0y8268,0,0.000000,14995329836690436906,14.995330,14995329836690436906,14.995330,0,1
,genesis1vrd0hma6w7wmhmgkegue509dqddgt3qaugx8w8,0,0.000000,14995204328457688400,14.995204,14995204328457688400,14.995204,0,1
,genesis18rgyc3lc9vwfnd5g7zvzuqqevqwu0lzz8s8ynh,0,0.000000,14994000902826949426,14.994001,14994000902826949426,14.994001,0,1
,genesis1e7thmsxdvgef636sljs322mxxwl563mmmyysma,0,0.000000,14986120336385951401,14.986120,14986120336385951401,14.986120,0,1
,genesis1g9q69rgpjq7qke95mqg4fwg6qnede0jf6ad5sz,0,0.000000,14985935911428228061,14.985936,14985935911428228061,14.985936,0,1
,genesis1rhh46p6hltklu2nzvgj727dvuh3wgfwj5xjqxp,0,0.000000,14985630358037524848,14.985630,14985630358037524848,14.985630,0,1
,genesis18nadell2hh222z2q57k9p3vyvmp2x74tse2j88,0,0.000000,14980105070632015834,14.980105,14980105070632015834,14.980105,1,3
,genesis10v0mm37fqkv22qkcmr2a6unwqywsm3z48u6p5y,0,0.000000,14977721930280517168,14.977722,14977721930280517168,14.977722,0,1
,genesis1u3rlqgs2d5xzt7f66wxut3a05pl3d3hvq5ejzx,0,0.000000,14977515770476126126,14.977516,14977515770476126126,14.977516,0,1
,genesis16a24tysqtre4234lafk75ptawyr4yqwp8r9phn,0,0.000000,14944993085371919183,14.944993,14944993085371919183,14.944993,0,1
,genesis1hemzsmn8tvnkzzf7rr5wsvy3ks7d3tx0yyvrdh,0,0.000000,14931136529267010174,14.931137,14931136529267010174,14.931137,0,1
,genesis10zjs820j8pjtl0yx35uj5gvyxyesm50ax6ld78,0,0.000000,14901592282679201569,14.901592,14901592282679201569,14.901592,0,1
,genesis1zzvkp09dv595ewapykdfty64epqtg5e5frtwqe,0,0.000000,14895268358380220323,14.895268,14895268358380220323,14.895268,0,1
,genesis19fcgsm32kyljpc3dlxw7czyk7xkq26h5s6gxr7,0,0.000000,14872954491191463849,14.872954,14872954491191463849,14.872954,0,1
,genesis1gdnnfzt2mdega5wkkp9uvfw98pqkfrllxxenmf,0,0.000000,14859087356715921551,14.859087,14859087356715921551,14.859087,0,1
,genesis1xn035q928lfkmkmr40dkvs4fc6z8hws2q44myq,0,0.000000,14850712653859951944,14.850713,14850712653859951944,14.850713,0,1
,genesis1g2ueljln9qpg29ngppylkadx4ql35xl3j2enna,0,0.000000,14830913403747650181,14.830913,14830913403747650181,14.830913,0,1
,genesis1auj34y8j8wztaunzcn9uqhf3g4ddyjnacaxwu7,0,0.000000,14814169868461278077,14.814170,14814169868461278077,14.814170,0,1
,genesis1mpulczzd2hn9x0tc65x6gdpr7rml8rlcl23gah,0,0.000000,14813149431256192959,14.813149,14813149431256192959,14.813149,0,1
,genesis13fa30qkwv25gqj2vkc7wystdlfavvwgahfap6s,0,0.000000,14796054719152053813,14.796055,14796054719152053813,14.796055,0,1
,genesis15llngp94lrtr2w3cw0n6mddjzyz0ydt34nrwrn,0,0.000000,14788390636276393575,14.788391,14788390636276393575,14.788391,0,1
,genesis16yknd5mwe7xmnqmccnvyasmgwfwtxc37cmw8zy,0,0.000000,14779905742160918655,14.779906,14779905742160918655,14.779906,0,2
,genesis1wwtv3y56gva9lhtl0q72psf82etw4puq0knu4y,0,0.000000,14771872512115005289,14.771873,14771872512115005289,14.771873,1,2
,genesis13fw6wjqngfgnvx3q8lx978jfed6k9rfvyynurw,0,0.000000,14752953813046752920,14.752954,14752953813046752920,14.752954,1,2
,genesis1mwhcjekvuu3asql88kgyc6rv0zphf7zd0r7nga,0,0.000000,14745690953051202129,14.745691,14745690953051202129,14.745691,0,1
,genesis1zr8xsw06k8gka9e25fphquxawmt4klzgr0efar,0,0.000000,14672370428840158997,14.672370,14672370428840158997,14.672370,0,1
,genesis12vzg8cjkxgh8j07kmw0aulqqdqec7cdgsxlfh0,0,0.000000,14667460438765249492,14.667460,14667460438765249492,14.667460,0,1
,genesis1v0rc5c6r0j064e2prmhkwqr8sed7hpmkq4ye7e,0,0.000000,14663801747512219597,14.663802,14663801747512219597,14.663802,0,1
,genesis12zezz4hllguxudufp2vyc2ftewjdjl27scsvt8,0,0.000000,14624781847983564900,14.624782,14624781847983564900,14.624782,0,1
,genesis1d8lx7ytl9faxn5yqjgz949zf9327gqlv08euk6,0,0.000000,14618952942655803503,14.618953,14618952942655803503,14.618953,0,1
,genesis1rqyc23v4ke2fmn7van0ewp4v95dqurshtgegq5,0,0.000000,14611267823464786237,14.611268,14611267823464786237,14.611268,1,2
,genesis15efn9akv8tlnce3mu6qwdmw20yy2qcrylurcvy,0,0.000000,14590300119087829378,14.590300,14590300119087829378,14.590300,0,1
,genesis12dkgjcaskwq8729hufanpwdkq5jfmltwpt2663,0,0.000000,14580273393937656366,14.580273,14580273393937656366,14.580273,0,1
,genesis1aedaw6l8emqaclg352xhuh6mt935tzcgugfw3s,0,0.000000,14498380229140550051,14.498380,14498380229140550051,14.498380,1,2
,genesis17ethph04s47p0ctzl27x6kaefpwuak9vpcrx9q,0,0.000000,14497100146002321000,14.497100,14497100146002321000,14.497100,0,1
,genesis1pkm8fa72cvkxjlvleecc3ynuf2gm9lx2nrf49g,0,0.000000,14497100146002321000,14.497100,14497100146002321000,14.497100,0,1
,genesis1v5xjz279t4244lk9rpaupnxl7v7rnsp9rhljgx,0,0.000000,14497100146002321000,14.497100,14497100146002321000,14.497100,0,1
,genesis1g9h0hkyvr3vrerxqxeqz7gl74dyjavt4hnds4m,0,0.000000,14496582874199949659,14.496583,14496582874199949659,14.496583,0,1
,genesis1yu3u7xguyn79xp4h08wc9za6k5zes3dzxfclge,0,0.000000,14496295896804179427,14.496296,14496295896804179427,14.496296,0,1
,genesis12gtmz5kerg3qdavqqnk5e8rfg73fhlxuldg8et,0,0.000000,14496277448151443850,14.496277,14496277448151443850,14.496277,0,1
,genesis1mkju23xalp5du30tasm3n5wmu78whtfmh35s73,0,0.000000,14496260244132921633,14.496260,14496260244132921633,14.496260,0,1
,genesis10c8lam0yfvmm3ydh8xqkeq73qrr6va0rjas0sp,0,0.000000,14496126056640080263,14.496126,14496126056640080263,14.496126,0,1
,genesis1ypsvuflcpdqr2msfqu3u77pqqspgl2htmnw0wa,0,0.000000,14495640710166341741,14.495641,14495640710166341741,14.495641,0,1
,genesis1q83n3urxktgcjng623tjwplzcxudmkrl9f3hk0,0,0.000000,14479946864478330325,14.479947,14479946864478330325,14.479947,0,1
,genesis1lr2mr0f5pl8kqw320kglq6hyz93jcjqfzz068a,0,0.000000,14444618871101775913,14.444619,14444618871101775913,14.444619,0,1
,genesis1dgkaafdq5scczvfsr5gxg49jaaf3dmqk9rj9fq,0,0.000000,14442261667872629105,14.442262,14442261667872629105,14.442262,0,1
,genesis1qa9n2hntgwtgjrnl2tl5cwn6k5t7wuz67kq3kk,0,0.000000,14433885035266077021,14.433885,14433885035266077021,14.433885,0,2
,genesis13smzpffjsa72r003qtxprzf4tt9knhyzq4d7lt,0,0.000000,14413176549434011282,14.413177,14413176549434011282,14.413177,1,3
,genesis154jwj4fg0yapu3836mzlkj2m89jrskvwzkdc25,0,0.000000,14405912236851141438,14.405912,14405912236851141438,14.405912,0,1
,genesis1rwp9agdk3vkgp6lw3k7geecsuvs8t9zjdv9e7a,0,0.000000,14401592690349188935,14.401593,14401592690349188935,14.401593,0,1
,genesis1w6wyaxnmw7z265vehem4e95enpatsy2slm562l,0,0.000000,14391827800165120085,14.391828,14391827800165120085,14.391828,0,1
,genesis1xqpcznn6kytu0apvfnf4asmmf8d358q4tqvmv9,0,0.000000,14346819505779597399,14.346820,14346819505779597399,14.346820,0,1
,genesis1sl0s5rur076ggv0pufx7fephls9xwsa26ln5yf,0,0.000000,14346130344248235994,14.346130,14346130344248235994,14.346130,0,1
,genesis1pp6lwvukkjsw3a9awen34k7uy7rt879hn7rsl7,0,0.000000,14341140606536755535,14.341141,14341140606536755535,14.341141,0,1
,genesis1p2x55k6g9zzx8yzj2eql6zjrz8h2x8vgcd08mk,0,0.000000,14324018845256450245,14.324019,14324018845256450245,14.324019,0,1
,genesis14ka4cvhy2vjyhl5gm2fftesvkdsyke8pf3wgrp,0,0.000000,14297140143988495883,14.297140,14297140143988495883,14.297140,0,1
,genesis17897f5dwdh69q67kshc7lzc6fp33k2cc7xcmrt,0,0.000000,14293489095899093685,14.293489,14293489095899093685,14.293489,0,1
,genesis1mvppsta6ewnuy4ygsnuk4m9fa78vxyyl2l73e8,0,0.000000,14284158036603879983,14.284158,14284158036603879983,14.284158,0,1
,genesis12g6ka3z86wrv8a8p3tkrzpd0jfuemgsr3u6u7r,0,0.000000,14277144143554589866,14.277144,14277144143554589866,14.277144,0,1
,genesis13zqcnz4srpeccl8f2hc7vaafyses5kn72j2tyd,0,0.000000,14271855712006992636,14.271856,14271855712006992636,14.271856,0,1
,genesis1jsn54srjdxk0de4f6xfvs58l834ureu45wnt9e,0,0.000000,14261786767544826184,14.261787,14261786767544826184,14.261787,0,1
,genesis1j56ey5a62fatxa3tdtvpk5zpg4ylv5u8trxqa2,0,0.000000,14245164276985603259,14.245164,14245164276985603259,14.245164,0,1
,genesis1ahn0mdyxws92wa4dudc97x975vyg0kny67tgax,0,0.000000,14237040015877925760,14.237040,14237040015877925760,14.237040,0,1
,genesis17rxmjsxl7rf2ftnyqgag993qy5eqltmg4te4yn,0,0.000000,14231254438934267032,14.231254,14231254438934267032,14.231254,0,1
,genesis1rxueh47zeuh9ga3fzmrztxjxnv0g4mykh3njzu,0,0.000000,14225141983885027414,14.225142,14225141983885027414,14.225142,0,1
,genesis1l2h0y53f0ehg23vps9ljmawlegzjd5r8tm9a7d,0,0.000000,14214360921596979987,14.214361,14214360921596979987,14.214361,0,1
,genesis10u3dkelryhl586f007h2ufkdf8pe5z8cyy7ftp,0,0.000000,14205893626436099594,14.205894,14205893626436099594,14.205894,0,1
,genesis1a69556nnwp7s400pqvpp066nfd8h0ukxqz5x04,0,0.000000,14195560482710322988,14.195560,14195560482710322988,14.195560,0,1
,genesis1njn4zjjrhs89nfwskjtzerchdkur5pfxeq24z3,0,0.000000,14192032828877333029,14.192033,14192032828877333029,14.192033,0,1
,genesis1lng8ackudgpqvflmudkr08fjfe8cw3j3pdd6c0,0,0.000000,14180703395480344343,14.180703,14180703395480344343,14.180703,0,1
,genesis1uhtaldvrzuzppw8jsx6ut44vw5l3cs2c3v7fpw,0,0.000000,14165723831772519203,14.165724,14165723831772519203,14.165724,1,2
,genesis1c8j4fg9uv2pezx3phh4kf28gd9s6vh45x3yy0u,0,0.000000,14163531361230405999,14.163531,14163531361230405999,14.163531,1,2
,genesis1lv35x963taeufktw4lpwhwqdf7nhuce6wzdn7n,0,0.000000,14149348112495831421,14.149348,14149348112495831421,14.149348,0,1
,genesis15ps70ptwxky9jxpuxuh3cmz3p4ansungehsk9m,0,0.000000,14121964332197963757,14.121964,14121964332197963757,14.121964,1,2
,genesis18n3vlcthxv5s2s4zgjdrjr5a6lw9e7tmeh4s4v,0,0.000000,14109923978178951446,14.109924,14109923978178951446,14.109924,0,1
,genesis15a7ckrvh07jhc5mhjjej0djl2lcrsdwf60p4nq,0,0.000000,14049628664738082146,14.049629,14049628664738082146,14.049629,0,1
,genesis16tp36pdajpjnvsjz2klcmwglcyamtllljyg4yy,0,0.000000,14044762866464392590,14.044763,14044762866464392590,14.044763,0,1
,genesis1tugm892unf8w2hm0u0pc04xzrmplktgw0phzkz,0,0.000000,14034209490506326109,14.034209,14034209490506326109,14.034209,0,2
,genesis1dklqe0jzyh4vp94t5g3jmwsrgs3tgez5u5p6pn,0,0.000000,14024334797959655748,14.024335,14024334797959655748,14.024335,0,1
,genesis1wl2gge9prhk50latywfwqmcnu5u0qsjhlytccu,0,0.000000,14015903691453360774,14.015904,14015903691453360774,14.015904,0,1
,genesis14kw7qrpgly5hdzka78tfl7pd46ekt3gg6cfehv,0,0.000000,13998600006646718410,13.998600,13998600006646718410,13.998600,0,1
,genesis1kj3hzc3ynw9myzvaek3twvtq5r2sqpjswd0f4u,0,0.000000,13998600000268230323,13.998600,13998600000268230323,13.998600,0,2
,genesis1qqq4cecm6yvaep46729096urqq30k3kp0yml0z,0,0.000000,13997087977761951465,13.997088,13997087977761951465,13.997088,0,1
,genesis1dhq5vgydua05xwcv5d6c37sn85qmv9y5c3wymg,0,0.000000,13996775407298390313,13.996775,13996775407298390313,13.996775,0,1
,genesis18dcxtdvd7aknf2yzjfmpph64jtt2u4sly99v38,0,0.000000,13996713137202599168,13.996713,13996713137202599168,13.996713,0,1
,genesis1cpy35lj2tpg3vn80l4jgc5r8kv4kcfpzh0k3ru,0,0.000000,13996612266504918505,13.996612,13996612266504918505,13.996612,0,1
,genesis16r4n78rw0sqd0u939jlypnvpd08f9ux48fjfvy,0,0.000000,13996582041324275610,13.996582,13996582041324275610,13.996582,0,1
,genesis146lqaaa66l2l9ch0rjm7z380jlg4na9uz6ma7k,0,0.000000,13996515849850404678,13.996516,13996515849850404678,13.996516,0,1
,genesis1ag4az2h0ls7gjpzysrkcctcy9t2j2yps0lemss,0,0.000000,13996408641641405064,13.996409,13996408641641405064,13.996409,0,1
,genesis16mdvd9s8x59kv5a44088cfhx6rdf0pts9ha0pc,0,0.000000,13996382020156532147,13.996382,13996382020156532147,13.996382,0,1
,genesis13jc9qy3dvuual7y0fedd0dywwm4pz264hzl09r,0,0.000000,13996323331453729339,13.996323,13996323331453729339,13.996323,0,1
,genesis1mrg3vyewy62lhtw264qteta8zw8p0pcpxp8nju,0,0.000000,13996291821043826324,13.996292,13996291821043826324,13.996292,0,1
,genesis10dukz78udnjn9768z2x8nqzyl75enh9906a6x2,0,0.000000,13996156930278554509,13.996157,13996156930278554509,13.996157,0,1
,genesis1eeucmrkz6nrvrfwzk7mjz23cwqrzx06rthukqv,0,0.000000,13995931628374716452,13.995932,13995931628374716452,13.995932,0,1
,genesis12x5gexn5jq9mxe9eze3h9pnxvkpr6jcszqs3m5,0,0.000000,13995809452418979010,13.995809,13995809452418979010,13.995809,0,1
,genesis1t7ypyvmkh7wlnucz4rqs2kuhty5ss34nfhnrd5,0,0.000000,13995600601961270186,13.995601,13995600601961270186,13.995601,0,1
,genesis1j709zxk8n450wx2t24rzhk07pcvaheynxre6kk,0,0.000000,13995566692898935758,13.995567,13995566692898935758,13.995567,0,1
,genesis13j25qy7yykze9s0r2qe283rqzkel4kdzmesqgt,0,0.000000,13995545786147360457,13.995546,13995545786147360457,13.995546,0,1
,genesis19cram5k2hk2zfdymy4u8pa6ceetcqy8q63fnt2,0,0.000000,13995532755220247840,13.995533,13995532755220247840,13.995533,0,1
,genesis12nu5pennsvc4dky5zd72mpll9szxla502h09y8,0,0.000000,13995016210077351776,13.995016,13995016210077351776,13.995016,0,1
,genesis1l02m8ug9cdm5s9p4qntt82ykjgkpyuw92cafkx,0,0.000000,13994800722645076063,13.994801,13994800722645076063,13.994801,0,1
,genesis1ehhqvhgamke0avc44u88ycjfpu0rcxychx2lsk,0,0.000000,13990153274914460663,13.990153,13990153274914460663,13.990153,1,3
,genesis1egd7nfp2fl8sl3d595nhglgyku7tkfuh0kzjd2,0,0.000000,13987809263381312818,13.987809,13987809263381312818,13.987809,0,2
,genesis17ja5uhavqnv8ylz2udfrzukz7k6q5gfsy2lydr,0,0.000000,13983614986105761711,13.983615,13983614986105761711,13.983615,0,3
,genesis1e37cfdzn4htuxny4ft5u29a95ps7vlkpwsl486,0,0.000000,13946270466742792797,13.946270,13946270466742792797,13.946270,0,1
,genesis18zx2cw39ynffgr22cykkz7fs9vq8su7mys8set,0,0.000000,13865809451937518789,13.865809,13865809451937518789,13.865809,0,1
,genesis1aevh6nf4y7q5yth4jyu780tppq47psrhwvn3fy,0,0.000000,13845225336008902985,13.845225,13845225336008902985,13.845225,0,1
,genesis1f9xuvjduhflm6jawfmyxatcvmkcuc5a6wqyg6f,0,0.000000,13811326110669673965,13.811326,13811326110669673965,13.811326,0,2
,genesis1y4q8xfrr9ujskj84thq642h5xly8jy6ukdeppe,0,0.000000,13809947192730400599,13.809947,13809947192730400599,13.809947,0,2
,genesis1j9ju9vazz6z6c6h8fwx5ydzwy9h5qpgf3ztxdc,0,0.000000,13799001764792583812,13.799002,13799001764792583812,13.799002,1,2
,genesis1f6jlesjkzx42nvg2w2jfm3ypdl5c88rld6thdw,0,0.000000,13771278575486686807,13.771279,13771278575486686807,13.771279,0,1
,genesis1wq9jn46ktl7j9r4868h4y3gynd6rha36wj5ccf,0,0.000000,13767195893285875697,13.767196,13767195893285875697,13.767196,0,1
,genesis1c2t867e7x33jw8c8mrl6cdvn89934k8226sw64,0,0.000000,13742418338534843960,13.742418,13742418338534843960,13.742418,0,2
,genesis1eruep05azfgss7y43ah7nxvmhsmxjc4dapkxj5,0,0.000000,13714371115497349524,13.714371,13714371115497349524,13.714371,0,1
,genesis1syslr22psalk8qz2m7wh5pz3d6rsz58w64eaam,0,0.000000,13711713532578686666,13.711714,13711713532578686666,13.711714,0,1
,genesis1q8f8qdksktetfpvsl705zn5depqfwsnkwtft8s,0,0.000000,13671847118924996647,13.671847,13671847118924996647,13.671847,0,2
,genesis17gg0twymd2zeer3e2fpa09pwguul8hrfvl3jc3,0,0.000000,13597280136940107973,13.597280,13597280136940107973,13.597280,0,1
,genesis1w0xeywqz90zqt9wyg6apu3xuu55ttjzcrvetjr,0,0.000000,13590097640816813822,13.590098,13590097640816813822,13.590098,0,2
,genesis1rpc00f77qs693vrpux362sca3dtw0y8790yzwz,0,0.000000,13555231922313023768,13.555232,13555231922313023768,13.555232,0,1
,genesis1gh756ppj2h6guymek06xkulhmahk4tp4srct5f,0,0.000000,13496050551055436958,13.496051,13496050551055436958,13.496051,0,1
,genesis1p9gqjpxcd4csk2c7uauqaxsu2akvhzxx6dqy52,0,0.000000,13492139411888065165,13.492139,13492139411888065165,13.492139,0,1
,genesis1akvpc777swtk09asunakfdyhf5fnh4ffmruazs,0,0.000000,13474313861712938243,13.474314,13474313861712938243,13.474314,0,1
,genesis1trmwvl23g2msqvd0w3n9reaxgs3kwcgvuzrq5c,0,0.000000,13395920485761646945,13.395920,13395920485761646945,13.395920,0,2
,genesis1j2m7fts6ul6gtr8fevfckm9vg7q436mt9u874u,0,0.000000,13394640806525408410,13.394641,13394640806525408410,13.394641,0,1
,genesis1zdknv3m3p8ff2rflcq7e3vragv94yv3c8rn4ce,0,0.000000,13373956464188330156,13.373956,13373956464188330156,13.373956,0,1
,genesis1cn2x3qd0mq0c8reyhd8cy27vnyudfqu4apsgvw,0,0.000000,13347665122037110529,13.347665,13347665122037110529,13.347665,0,1
,genesis17tu87pmm7nqk2msfkstgfa833htckk7zl98fjl,0,0.000000,13336104430412997638,13.336104,13336104430412997638,13.336104,0,1
,genesis1cmfpsutaxqwmnxppxd4arfjnx79aq74as524l6,0,0.000000,13310665865662313373,13.310666,13310665865662313373,13.310666,0,1
,genesis17c6syh2twxa3tqwlrg945kj7exvz825xcj9e02,0,0.000000,13301483052843206909,13.301483,13301483052843206909,13.301483,0,1
,genesis17peetjtq6juhlfaf9tf3vd4nnt4j9hc475yywc,0,0.000000,13298750009246548722,13.298750,13298750009246548722,13.298750,0,1
,genesis1vvsszey7yz8fhwzzvpgn3tahqu7t4s5ls0ffza,0,0.000000,13298670006314382490,13.298670,13298670006314382490,13.298670,0,1
,genesis1kkv402z0nxtf0qvpk3m4s0zjh0ltwv662r0hlx,0,0.000000,13297340133702804032,13.297340,13297340133702804032,13.297340,0,1
,genesis1phvddcjw2ng6ma6e46xk6k645wa52d6asnuhaf,0,0.000000,13264857952887058460,13.264858,13264857952887058460,13.264858,0,1
,genesis1fwmcetqmn2re4dfcq9gh3xzhsj0vc2mq9ds4ka,0,0.000000,13254532212581766209,13.254532,13254532212581766209,13.254532,0,2
,genesis14wv264ngauxx9v5kyrc33yd6q3ek2jvd2sdssr,0,0.000000,13252950155406274583,13.252950,13252950155406274583,13.252950,0,1
,genesis17sy77fq0u3fzhatnhkv9jvfc9cgjkfzut4z356,0,0.000000,13242809365038537744,13.242809,13242809365038537744,13.242809,0,1
,genesis102y8vqr472xdzlkjlu5h5ps9gqznda0f6rjtvg,0,0.000000,13200500495501928198,13.200500,13200500495501928198,13.200500,0,1
,genesis1y8k9zz0wq8qdf44uktnze03klen3lt7hs2n38j,0,0.000000,13159116710097824213,13.159117,13159116710097824213,13.159117,0,1
,genesis1807ejwpzd7yeqevdrp32yx5tyjcq35xg84csa3,0,0.000000,13159106959571715360,13.159107,13159106959571715360,13.159107,0,1
,genesis14rgxue8g9swl2szw5gc5gywz99xld9eclq6a00,0,0.000000,13159097181887557912,13.159097,13159097181887557912,13.159097,0,1
,genesis15ddr6teum9x3a26auvgtc3g4pk666r5q8850fq,0,0.000000,13159071990781523451,13.159072,13159071990781523451,13.159072,0,1
,genesis1rxkw7gt7wm4vxs6gxzpnf8ln8jgtvr209kgglx,0,0.000000,13144509111575143977,13.144509,13144509111575143977,13.144509,0,1
,genesis15tjy95d7vlfr0y3c7zyu6n8jelfx972lh0q8vd,0,0.000000,13129489153799064498,13.129489,13129489153799064498,13.129489,0,1
,genesis17u6cdrkjspru7ga6t569vqu2yvncs8zr7dfejp,0,0.000000,13094980722472493888,13.094981,13094980722472493888,13.094981,0,1
,genesis1nr8nrsxkja2yld9a5a8mt6ujd54wf46ta8mnf3,0,0.000000,13094760788468869165,13.094761,13094760788468869165,13.094761,0,1
,genesis1x6n0ecjyqfp05hlpnymxl3434jzk328ynt79qf,0,0.000000,13092294637975710564,13.092295,13092294637975710564,13.092295,0,1
,genesis10k0mcf08jajryqpjkspstw8q46cc55e4tkjuvx,0,0.000000,13090424615811361397,13.090425,13090424615811361397,13.090425,0,1
,genesis17x87z2c8pnwqc54g2cwf2796p8920r6levwpgv,0,0.000000,13030843112492356848,13.030843,13030843112492356848,13.030843,0,1
,genesis126e6k82fwwywf9mps9zjqky8hevfyjy5rfd2ll,0,0.000000,13022193791539100370,13.022194,13022193791539100370,13.022194,0,5
,genesis1zl5ay87kyjmjhdxrdncgwdd8970n6yy6nzn8yv,0,0.000000,13014842768654615875,13.014843,13014842768654615875,13.014843,0,1
,genesis1lqwj30v8yd5273ttw7sa4lafn5k5nunvwel9c0,0,0.000000,13007449438388230005,13.007449,13007449438388230005,13.007449,0,2
,genesis18fl9zr2luz5sff0kkd5h27sn5mk9g3gj0g2khk,0,0.000000,13000000000000000000,13.000000,13000000000000000000,13.000000,0,1
,genesis1gmhu57ydqw37s7w6ekuk254t3w78ug9ndfc7sx,0,0.000000,12998700012838709651,12.998700,12998700012838709651,12.998700,0,1
,genesis1gca7xukpr7twa0dufw4q4vuqt4g26lxddh7d5q,0,0.000000,12998700006124912679,12.998700,12998700006124912679,12.998700,0,1
,genesis1gfesdtyd94k9nw2arzqy9kzkqwqwf0a3396vhu,0,0.000000,12997980891016198009,12.997981,12997980891016198009,12.997981,0,1
,genesis10spqmd8av0t54nmlu2zqjqw2kl7aue9y0m3us0,0,0.000000,12997610111847321640,12.997610,12997610111847321640,12.997610,0,2
,genesis1nfgdu8dtuyp524fg7s28wuupcg0g7eh845dw89,0,0.000000,12997400130898632621,12.997400,12997400130898632621,12.997400,0,1
,genesis10estj489m8plmn6j84hj04ww693hcrqdaqn684,0,0.000000,12997340232811357580,12.997340,12997340232811357580,12.997340,0,2
,genesis14w7jt3cj7dra94dega3sjthpw4yrgdm05c6uev,0,0.000000,12996605644125676912,12.996606,12996605644125676912,12.996606,0,1
,genesis1dqs3z5l46m4fvtrqv40trryaxn48x4cjfknfhp,0,0.000000,12996474052729026926,12.996474,12996474052729026926,12.996474,0,1
,genesis1w4pe2acjnd67u28m9qhu96zgd88cpf7pdqf2jw,0,0.000000,12996261912524032575,12.996262,12996261912524032575,12.996262,0,1
,genesis1hh79nqcyexrgv9s6l96a884fjmlfy8zyqvgz6n,0,0.000000,12996087177095281855,12.996087,12996087177095281855,12.996087,0,1
,genesis179phqd0h3y9aty8zsg9xv7m4euu8x980hryhmk,0,0.000000,12996011524032159994,12.996012,12996011524032159994,12.996012,0,1
,genesis145acd4upm9c4l253tun9t3vuax0d6cdh8fa3g3,0,0.000000,12994800782450022836,12.994801,12994800782450022836,12.994801,0,1
,genesis1p7k8f0erllcq8hsmxzxmt4we97gwp0aamagj2e,0,0.000000,12984852300102054603,12.984852,12984852300102054603,12.984852,0,2
,genesis1l5x5tzg9v723nurtvkppst9e0q3lmknc40hsj8,0,0.000000,12975615557447763590,12.975616,12975615557447763590,12.975616,0,1
,genesis1y6603qh08ttze6vaqr3ucmclq4xxj88xv69j5q,0,0.000000,12970535773044665303,12.970536,12970535773044665303,12.970536,0,4
,genesis1pmnvxw6kn08ptlr4rq9xa59wp2p0wzf5s87h9c,0,0.000000,12957343484188759872,12.957343,12957343484188759872,12.957343,0,1
,genesis1s4n4s9rllrfvg8nevladfjhv049vpvkjc9q0ta,0,0.000000,12944330778327149545,12.944331,12944330778327149545,12.944331,0,1
,genesis1gzvrxyak432pcumk0l0pq7gjznx59v3y7c65ap,0,0.000000,12937012418575423444,12.937012,12937012418575423444,12.937012,0,1
,genesis1xwm26sgjh66hjsq8c9py6wucl5re6mdz9fr63c,0,0.000000,12936203362671257337,12.936203,12936203362671257337,12.936203,0,2
,genesis1nq9g72fg3e0zukgwzz7d0fvtprjq92u3lt9kw7,0,0.000000,12908903518140091191,12.908904,12908903518140091191,12.908904,0,1
,genesis1pjd9frrdmupezfyz4c80p2yg84hmasafuqkt6a,0,0.000000,12831850753547700842,12.831851,12831850753547700842,12.831851,0,3
,genesis1u5mrv6sh2qh994zmw7sn5ug4wwmrswflpuvcxk,0,0.000000,12830478344078520446,12.830478,12830478344078520446,12.830478,0,2
,genesis1gz6y8kg22crcg7d3va3q936llmufjvhp9tmt8c,0,0.000000,12829643611854006554,12.829644,12829643611854006554,12.829644,0,2
,genesis14zsu0wnd0whczkht0cu9wk3ry6rpsr3c9ug7sa,0,0.000000,12744944754203631905,12.744945,12744944754203631905,12.744945,0,1
,genesis1shs58dd9770xwfyh3d48w8sam2sm5cqu7jhkdq,0,0.000000,12723500304244031622,12.723500,12723500304244031622,12.723500,0,1
,genesis1dalqypymz0c0pmcyrkzcn3s873qhjrzhfp8xtw,0,0.000000,12697460127671098830,12.697460,12697460127671098830,12.697460,1,2
,genesis1xypexyphk0zspgrmdn2uc2f5elqdtj48ekg7lf,0,0.000000,12673366087611503904,12.673366,12673366087611503904,12.673366,0,1
,genesis1qhf0we0fsyzczljvyct59ajzy745afdw6rlknq,0,0.000000,12626958643950766524,12.626959,12626958643950766524,12.626959,0,2
,genesis1z9nqkcmcld8mjmahvcwwx7thsk5n9l3gm47jem,0,0.000000,12607666068793934784,12.607666,12607666068793934784,12.607666,0,1
,genesis1kvdwyqw38g5ljdgesh6wauchnlv5s644fsh40f,0,0.000000,12581110361971082232,12.581110,12581110361971082232,12.581110,0,1
,genesis1968mh9rmp0p29k6yzqxn6se4fca23882catemn,0,0.000000,12509442783724171761,12.509443,12509442783724171761,12.509443,0,1
,genesis1pew3n2477s7kzztyzv07vpp2v0hqmkq68c4vhr,0,0.000000,12498750005889339114,12.498750,12498750005889339114,12.498750,0,1
,genesis19rglpwpd6xyre4q2n7d4y03ah7y4gfcjrd5kuw,0,0.000000,12498600030329639970,12.498600,12498600030329639970,12.498600,0,2
,genesis15t0q06rw2vhlg76agu8nh7g55km64luv9vp4e5,0,0.000000,12497650121523754816,12.497650,12497650121523754816,12.497650,1,3
,genesis155m5mppet3zndxqrndcuc2du984d0w9ax5sxg9,0,0.000000,12496650820708895935,12.496651,12496650820708895935,12.496651,0,1
,genesis1nswedp8qmtqj50nfmqj9tgsnmlkre4p7hdnm78,0,0.000000,12487006309186192808,12.487006,12487006309186192808,12.487006,0,1
,genesis1zqrqju2txhnnwtgn0d2jutnassmg9733qlsflc,0,0.000000,12455196742727470279,12.455197,12455196742727470279,12.455197,0,1
,genesis1njqt2p4v3rxyw30je7apg06qd6alpnc9fqy0vg,0,0.000000,12448503257836971031,12.448503,12448503257836971031,12.448503,0,1
,genesis1lpea8gcc5tn0vlw59rj64zl9fs0zksk4vpf09t,0,0.000000,12433826264284644887,12.433826,12433826264284644887,12.433826,0,1
,genesis1xg46h0n4m3wu2rnrhf3sh7qqs2g36pajnkkfj4,0,0.000000,12407799763611506032,12.407800,12407799763611506032,12.407800,0,1
,genesis1pm0cy7guyaedm57r6ux58l54myeajpzpr7jsg9,0,0.000000,12325068742123752428,12.325069,12325068742123752428,12.325069,0,1
,genesis15wny3ck5n92202c827n2cpuhv58nutgj5eaef8,0,0.000000,12285084739716213896,12.285085,12285084739716213896,12.285085,0,1
,genesis1fnf8fvnyuw20jse47a53ue59pdzp8q25rjw9lx,0,0.000000,12205171850055270952,12.205172,12205171850055270952,12.205172,0,1
,genesis1sqwje0n0wflgttk00ctgxt8k9j3wn4j0q8kpdn,0,0.000000,12198780002658292253,12.198780,12198780002658292253,12.198780,0,1
,genesis1zwqu43hnhm34pp9ldh5zz2ryh2g0lpe24wggl6,0,0.000000,12197733741366058278,12.197734,12197733741366058278,12.197734,0,1
,genesis1f7e4vgu6qfzl33rqr97dkkmg3wu3nqk3gdftdv,0,0.000000,12195120734299252200,12.195121,12195120734299252200,12.195121,0,1
,genesis16qehl8cv6vdnqpdm9y07sxlzn058lc8c908pyd,0,0.000000,12193585602383906697,12.193586,12193585602383906697,12.193586,0,2
,genesis1hqgh6q6y4xts0mcgd04mej8f8wkjm340dprn90,0,0.000000,12152569122390221501,12.152569,12152569122390221501,12.152569,0,1
,genesis182mng5t8tq4j7he3jc7ahyfdap2ldjw4tjqn2x,0,0.000000,12114801654511908615,12.114802,12114801654511908615,12.114802,0,1
,genesis1wz97sp8vvvteqhm903u0yxxupssdl88r2afdqs,0,0.000000,12114668495000267909,12.114668,12114668495000267909,12.114668,0,1
,genesis1pynem7frgl5kj4snxag5gcpgqqac9g0qhe7ms7,0,0.000000,12098790005669454299,12.098790,12098790005669454299,12.098790,0,2
,genesis1cxsmpfcvxgxjmvllaf3cavg6ns2my4fqs98jmx,0,0.000000,12011488378913212762,12.011488,12011488378913212762,12.011488,1,3
,genesis1mtkuu5pvn9uzdlfg6y4dffvmrsams4dmm8tm5c,0,0.000000,12007755222909453002,12.007755,12007755222909453002,12.007755,0,1
,genesis1nneh3cdwx7ytp70h76gs5nsuaqxkm2e9zuly8p,0,0.000000,12005196722863444238,12.005197,12005196722863444238,12.005197,0,1
,genesis1r69mmsgzvwc23fdtvm4l66qgknnkxh9z5t6r2t,0,0.000000,12001978085763409596,12.001978,12001978085763409596,12.001978,0,1
,genesis1jthnjdm5fw2kev08dnzpqly079a8fura30f25r,0,0.000000,11998847999999999999,11.998848,11998847999999999999,11.998848,1,2
,genesis1muu9z9l95dt3skecrpck9x7v044rs6hqy8h0gn,0,0.000000,11998800051936938229,11.998800,11998800051936938229,11.998800,0,3
,genesis1axyfjf7g3rwjjl4n5c87xwg6gvvq5ytmkklzq9,0,0.000000,11998800014697830291,11.998800,11998800014697830291,11.998800,0,2
,genesis15lz2e53cz6z9vh0lcfht39uaz5hw0mr5unekfk,0,0.000000,11998103393410741252,11.998103,11998103393410741252,11.998103,0,1
,genesis1dcfc7usggxup7lz7ysk976c334mnzjq92tmqca,0,0.000000,11998050077500530780,11.998050,11998050077500530780,11.998050,0,2
,genesis1uak3aga7arn282sf349ck92pf8uadycs7enz6x,0,0.000000,11997801014995019660,11.997801,11997801014995019660,11.997801,0,3
,genesis13873ff4g65jggenv9hu38glt32nmzcxxusswv2,0,0.000000,11997600121263755465,11.997600,11997600121263755465,11.997600,0,1
,genesis13d5ztr9ydpfdqwmf5yh4xd5n54ytk0m6urj3k0,0,0.000000,11997600121263755465,11.997600,11997600121263755465,11.997600,0,1
,genesis14pks9sswnsywp209yg4j70rqnngvphznlqt2jj,0,0.000000,11997600121263755465,11.997600,11997600121263755465,11.997600,0,1
,genesis1egyegkqhqdne4tnxznu3c0dndrp4cu6nlq2063,0,0.000000,11997600121263755465,11.997600,11997600121263755465,11.997600,0,1
,genesis12ceqaxw6petugp78r2vl4qy5j2h3j0qn6uatdf,0,0.000000,11997600120829507035,11.997600,11997600120829507035,11.997600,0,1
,genesis15nqukf39085m54u000hjlj5cdhw65u277ppkh5,0,0.000000,11997600120829507035,11.997600,11997600120829507035,11.997600,0,1
,genesis1n5mjsrydv8s933ggt7ssg9lv44p5ru5vexexf8,0,0.000000,11997600120829507035,11.997600,11997600120829507035,11.997600,0,1
,genesis1y96zf7w6hnpe89pmtz0kd8853jw08greqzq664,0,0.000000,11997600120634109132,11.997600,11997600120634109132,11.997600,0,1
,genesis12eneex0ladrxs9pvga6d6shp5v8fh6yr77cxkd,0,0.000000,11996700353924986822,11.996700,11996700353924986822,11.996700,0,6
,genesis1cr987qqawe0tc3w5cmfjrnmc4rrrff6vl33920,0,0.000000,11996700353924986822,11.996700,11996700353924986822,11.996700,0,6
,genesis1t752lygwmfr3zf7ufmzmwdez8aphmslquevs62,0,0.000000,11996600374042068324,11.996600,11996600374042068324,11.996600,0,6
,genesis18nupa5ptx6n5q2240xpgm4pqlhy2080z8vvjsk,0,0.000000,11995200722261559541,11.995201,11995200722261559541,11.995201,0,1
,genesis1faj9uaqgu39dtt2awhw90yr7m8yl38dl6456yg,0,0.000000,11995001310792748171,11.995001,11995001310792748171,11.995001,0,5
,genesis1k0zdx92k6d60vszdhm45hk4tpn06f6kgp2e64j,0,0.000000,11989595112285971788,11.989595,11989595112285971788,11.989595,0,1
,genesis1jun9gpwksk0w9gaarm2jajgqmq0xdzk6e0y5ps,0,0.000000,11955414024370240027,11.955414,11955414024370240027,11.955414,0,1
,genesis12jz9a69sr4639ua0ltq05xse5k72ch9cljq30u,0,0.000000,11933362914884513539,11.933363,11933362914884513539,11.933363,0,1
,genesis1k63g9u6t8zwgly7hws8v8yvekcv2vk9nxwzr3s,0,0.000000,11930657334208091903,11.930657,11930657334208091903,11.930657,0,3
,genesis193fzh5pz8w49kq2vztmtv4uwamud79lrxs007r,0,0.000000,11919615719849987421,11.919616,11919615719849987421,11.919616,0,1
,genesis1x44fsvqgylwc594eznk38ss3flvrkyrjc6k8yz,0,0.000000,11906523341149224099,11.906523,11906523341149224099,11.906523,0,1
,genesis13knvvagq38c4ase9netq6kc4sdt0t2cgcwcnuz,0,0.000000,11905032868817693595,11.905033,11905032868817693595,11.905033,0,1
,genesis1rlqc49ts8dkyjusznqjgkwv708286ja36zdcxn,0,0.000000,11904849269121713175,11.904849,11904849269121713175,11.904849,0,1
,genesis1tdv6uzdj6hv67mnwsrk4jg8w2z778xahvvykgc,0,0.000000,11898810002592924409,11.898810,11898810002592924409,11.898810,0,1
,genesis1lccgugf7hyu9kvcxwsgf35rz32uy8gk4c3hkc9,0,0.000000,11897620122090063278,11.897620,11897620122090063278,11.897620,0,2
,genesis1pqp2f4p0uvl2jymy4hls69j3jgu492uecmtdye,0,0.000000,11895240716242713211,11.895241,11895240716242713211,11.895241,0,1
,genesis1wm4ee9zajnsuxapzrr5htc30sufuqse03zeglm,0,0.000000,11894637944568357987,11.894638,11894637944568357987,11.894638,0,1
,genesis1xgxx0k47kzp349yw7hd33l35juzct66z7a5ayu,0,0.000000,11894493373701110413,11.894493,11894493373701110413,11.894493,0,1
,genesis1vhey3l028sh8j04xdqnxul922nfysp6znugaf8,0,0.000000,11890863483976380621,11.890863,11890863483976380621,11.890863,0,1
,genesis1w2a4uqzvv05kcdlv5my747h9rrcy4m55c0zyzm,0,0.000000,11886667471059674388,11.886667,11886667471059674388,11.886667,0,1
,genesis1hl0epd7uu2cgn6m4aqf0vdxdpuqumrph8s67c9,0,0.000000,11886306218906073928,11.886306,11886306218906073928,11.886306,0,2
,genesis1njsthsamgkzdqqg4awj7y6rxtuk3q26tueqald,0,0.000000,11874073018191923989,11.874073,11874073018191923989,11.874073,0,1
,genesis1fwtlm9spclvzle8rw0gezkphg7uh8v6gt5za82,0,0.000000,11871994510236661219,11.871995,11871994510236661219,11.871995,0,1
,genesis1az5ptus5hkgcz654l28h9lsz59qrgkqqdwrs52,0,0.000000,11852604555271051509,11.852605,11852604555271051509,11.852605,1,2
,genesis1xnr3acze6jjyrhdl878kvrlhs6df8re8y4c8nu,0,0.000000,11833202840334702637,11.833203,11833202840334702637,11.833203,0,2
,genesis1csvdy8qc5n9wkcunm7whrm80td39yn7yrjz5mr,0,0.000000,11828817005573670537,11.828817,11828817005573670537,11.828817,0,1
,genesis1hqfslmsvg4zj2lwa238qlyqjvyntuech4cpeeu,0,0.000000,11807969413079464565,11.807969,11807969413079464565,11.807969,0,1
,genesis1xueq0l35yxegqk5g8kmq44mxqf3ld5l259v7le,0,0.000000,11803498068997532371,11.803498,11803498068997532371,11.803498,0,1
,genesis1hdc0p69qyt02zeylhz3re222ngcwwrprzxyzfw,0,0.000000,11803494763916890415,11.803495,11803494763916890415,11.803495,0,1
,genesis1kz9a3m46sxert8w2s243mkrkrmhrvf3lp0njjj,0,0.000000,11798820005602234089,11.798820,11798820005602234089,11.798820,0,1
,genesis1e0v83jk03v04n2we9ha4hq4dwt7sq6gkkvtpa4,0,0.000000,11798570037263480459,11.798570,11798570037263480459,11.798570,0,2
,genesis107n5mm03l4h6vzvxl5a8c0ly5gucekhtwyk2tt,0,0.000000,11782355904467840089,11.782356,11782355904467840089,11.782356,0,1
,genesis1zqjkr6qgu7zmvj6gwy7gmzedtqsrsrunqpfpyj,0,0.000000,11757728281537967356,11.757728,11757728281537967356,11.757728,1,2
,genesis1js9naldswqfxq8dguls0g0ngh3dy9k6fvyvndc,0,0.000000,11741451266121402177,11.741451,11741451266121402177,11.741451,0,1
,genesis1cpvejnv6ekwjjaqpde2uzd4y0xnpm3u4djaew2,0,0.000000,11707731110718060686,11.707731,11707731110718060686,11.707731,0,2
,genesis1pnp2a6mx5nhz9hwajzxq5e3u3hsa95l8jsszsh,0,0.000000,11657273261187125144,11.657273,11657273261187125144,11.657273,0,1
,genesis1s6gfueywwruhk4t3zn6r6ys6dsg5d6drzh24vu,0,0.000000,11648509970435415839,11.648510,11648509970435415839,11.648510,0,2
,genesis1r0ghv5k4g0xcved3v3f7u8fug5l77rk59x3wal,0,0.000000,11610189042011427492,11.610189,11610189042011427492,11.610189,0,1
,genesis13q43f77wmx4g2w85y8c0c2l827yl8w9qpjf4gu,0,0.000000,11605356698788058856,11.605357,11605356698788058856,11.605357,0,1
,genesis1r9kzs6cqz7l52d0qjnwa0c9v4szc2tnsdnl3vr,0,0.000000,11598741179599929901,11.598741,11598741179599929901,11.598741,0,1
,genesis1yp53hcvcggvgpxgs32u8uj940wjengylx5k3jl,0,0.000000,11555387419076861689,11.555387,11555387419076861689,11.555387,0,1
,genesis1dyf5jxsg97nw20t3pl60yx0ln5uaux2p27rn0n,0,0.000000,11543761019563992300,11.543761,11543761019563992300,11.543761,0,1
,genesis1vc0fj5e86nymn8shejs3a2q89mv2yxxaw63689,0,0.000000,11535772900850996249,11.535773,11535772900850996249,11.535773,0,5
,genesis13mw3gn62cskq2vdrx00hph2gg03axd9fr3swll,0,0.000000,11532893261388853388,11.532893,11532893261388853388,11.532893,0,2
,genesis1m36rtpluhal6ny6w4q863mndkxyec6e8wej4a8,0,0.000000,11517173741823678632,11.517174,11517173741823678632,11.517174,0,1
,genesis14zwl5crylyr8apzzy7r855c9afqr7pgnq9zw4k,0,0.000000,11507743858051436809,11.507744,11507743858051436809,11.507744,0,2
,genesis1gr2f8ma0fcd9e65fcrnmqsxphjsuvmypsp0jjf,0,0.000000,11497700117523478300,11.497700,11497700117523478300,11.497700,0,1
,genesis109l349qjxynw6ay08s8uahw0g4at2q42hww5d8,0,0.000000,11496900564680963912,11.496901,11496900564680963912,11.496901,0,2
,genesis1c95mam499x7ky3mdf6sw20ergd0mu36kpusrnu,0,0.000000,11495400692167327893,11.495401,11495400692167327893,11.495401,0,1
,genesis15u5vc2f8yljwzj6y60y4yhs6nkj4dx5l87hfwh,0,0.000000,11417716114989414195,11.417716,11417716114989414195,11.417716,0,1
,genesis1ctplzj8tymlfz9jlfmj4lexjudeckz2s0hu5hx,0,0.000000,11417716114818441029,11.417716,11417716114818441029,11.417716,0,2
,genesis1xc8fp3zhl7are9q76cwcdeatgm4trrzuawtp6d,0,0.000000,11397720116501535011,11.397720,11397720116501535011,11.397720,0,1
,genesis1z64amnsgslu3aqtqs8a37x0e7qt2tuc3u75zzz,0,0.000000,11397720114602403675,11.397720,11397720114602403675,11.397720,0,1
,genesis10xefzfkufa86jkjswvfn20czyq6qhr0kk6hth2,0,0.000000,11395520815443869472,11.395521,11395520815443869472,11.395521,0,2
,genesis1pracjzehhwa5wxcvr22dt8g0eswq97ksw957tf,0,0.000000,11352312506590658823,11.352313,11352312506590658823,11.352313,0,1
,genesis1taffj262gw7skhhcctv9ue9ua2fvls2mdqctv4,0,0.000000,11337732115888369037,11.337732,11337732115888369037,11.337732,0,1
,genesis1us7jvnqwgg5693ptcf8hlm2p5870ryudll06ej,0,0.000000,11329787040108825933,11.329787,11329787040108825933,11.329787,0,1
,genesis1uyzuyjgvfl7ascz9wktrxpln4u2mumvmqg3vly,0,0.000000,11304490465327559442,11.304490,11304490465327559442,11.304490,0,1
,genesis19fq8wms5gve6599xm2wh573gspkccyq8kqadu3,0,0.000000,11300000000000000000,11.300000,11300000000000000000,11.300000,0,1
,genesis1x9sry0ekemxy9f9laxktwqf3607zpdrzrc5jtd,0,0.000000,11291125741921933269,11.291126,11291125741921933269,11.291126,0,1
,genesis1wscp8zkuwmvh5rcldul3f5tqesxm7khxppe79d,0,0.000000,11245500677120212086,11.245501,11245500677120212086,11.245501,0,1
,genesis1wvhyry86ajs4xv3m6q55lzfk973q2jy2uw675u,0,0.000000,11228255686160792701,11.228256,11228255686160792701,11.228256,0,1
,genesis16r88f2zpw5ujkucl0kx7pdgj3l26547j04j07c,0,0.000000,11224426090424885014,11.224426,11224426090424885014,11.224426,0,1
,genesis1vxrjpcgla4sk6mp3p4jyltp3v08wnplzfk4xsg,0,0.000000,11200505567011585545,11.200506,11200505567011585545,11.200506,0,1
,genesis1x30p6j2gjputppsy43gnac86kn9czn9dev48ek,0,0.000000,11192041635609337196,11.192042,11192041635609337196,11.192042,0,2
,genesis1s93sgsvxvwsh6t30cj0jlcdej9eqr3lx578p3p,0,0.000000,11179539667185332892,11.179540,11179539667185332892,11.179540,0,1
,genesis1a4jkhl5f3se7pcfkuvrzslprkz7rmlaqyd8vnn,0,0.000000,11176374819763471146,11.176375,11176374819763471146,11.176375,0,1
,genesis1jq7k3mudg9vwzxsuuhqjmss2rrfpvnzm03fw6l,0,0.000000,11175528672907019655,11.175529,11175528672907019655,11.175529,0,1
,genesis1phyrn5rmhsk5avwklkwn6qyptlteflkjnme6x3,0,0.000000,11175528672907019639,11.175529,11175528672907019639,11.175529,0,1
,genesis12z2988anxfkyrn9jtd942xgjlxqk6t8mz2pm67,0,0.000000,11145540671101365750,11.145541,11145540671101365750,11.145541,0,1
,genesis1e7r33dc9w7yvz5gehygq7ngkax6pr77ehjhycd,0,0.000000,11145540671101365740,11.145541,11145540671101365740,11.145541,0,1
,genesis1edcnega4mhhwt2nmw20645gjwvm8uc03l2nfa8,0,0.000000,11142836613542999017,11.142837,11142836613542999017,11.142837,0,1
,genesis1vk0ck6x0wxhqw5jptdl5fz4c8v79cdl2mraal6,0,0.000000,11141014866358682572,11.141015,11141014866358682572,11.141015,0,1
,genesis14qp502nfplsj4n583ldr25f3hz8z80lvm8hytc,0,0.000000,11130886810993029611,11.130887,11130886810993029611,11.130887,0,1
,genesis1nckqhfp8k67qzvats2slqvtaf3kynz66usw29q,0,0.000000,11107637532286351117,11.107638,11107637532286351117,11.107638,0,1
,genesis1x36t7reqc8ugk8k99nsumj5dmfz4zhw26tncpa,0,0.000000,11065831039836048437,11.065831,11065831039836048437,11.065831,0,1
,genesis1xvqkfgyhyh5ntv72nyxrfwvhgq7ah9g0keykyu,0,0.000000,11065695205359182423,11.065695,11065695205359182423,11.065695,0,1
,genesis1nue7yfwruhhg4cx239fn5ru8zsyx5e9da5azx6,0,0.000000,11065640961042479253,11.065641,11065640961042479253,11.065641,0,1
,genesis1d87rnw988yxm98szqgcpnha0xr7pfznfk0vfpk,0,0.000000,11057788113026927826,11.057788,11057788113026927826,11.057788,0,1
,genesis1s536zwjufh6xusc3r5z0edfneck2j595996crt,0,0.000000,11057693132506913953,11.057693,11057693132506913953,11.057693,0,1
,genesis1f0nqagfrmxqk804c6lkdf6ntytx9csk25fp7q7,0,0.000000,11055576665684404043,11.055577,11055576665684404043,11.055577,0,1
,genesis17y2zxyll7zct5p94c9nec7lyq3s8z7rf0u442v,0,0.000000,11034792711132939111,11.034793,11034792711132939111,11.034793,0,1
,genesis1lxwlhz9fmhpghl8e30gpfqfspg56x9afam87ae,0,0.000000,11015296816412296940,11.015297,11015296816412296940,11.015297,0,3
,genesis1cajthyc433hgymmpfjglcnknwnh0wq2we59z75,0,0.000000,11009702183211023787,11.009702,11009702183211023787,11.009702,0,1
,genesis1tdgjh5u5ktpxvehjntzprdy0cnugsgu3vj4cgc,0,0.000000,11009477731388485506,11.009478,11009477731388485506,11.009478,0,1
,genesis10pe6tkpyxa8x6wtz9xsgze9u09fuwvas9xlhuv,0,0.000000,11008064986001641171,11.008065,11008064986001641171,11.008065,0,1
,genesis1qq84kujmpk23m9cfcs0wzmdrxadsy6v4lp7zls,0,0.000000,11004886537586481007,11.004887,11004886537586481007,11.004887,0,1
,genesis17v20kpuelhgpz2lqxhvhnw9g95qurdt5x2zrp5,0,0.000000,11002453581193117965,11.002454,11002453581193117965,11.002454,0,1
,genesis10rx8lxl33tuz08jf94z7ullf6lxx7mg8844d65,0,0.000000,11000000000000000001,11.000000,11000000000000000001,11.000000,0,1
,genesis13uyd8qummw8kfsg6eedxh2lgt4msj3s4q5ncmg,0,0.000000,10999141552897022040,10.999142,10999141552897022040,10.999142,0,1
,genesis1rd5v839pndaxn2kkpj9s9dy79sy4q9dy02xt8f,0,0.000000,10998900017434924222,10.998900,10998900017434924222,10.998900,0,1
,genesis1f76z0jzt5ky0c9gttn9u28gv5yrgmfqwu044x4,0,0.000000,10998900005182618420,10.998900,10998900005182618420,10.998900,0,1
,genesis1ts9unsm0z6vkzecptt7md3svww3ef5pyeh7ff9,0,0.000000,10998900005182618420,10.998900,10998900005182618420,10.998900,0,1
,genesis1226c8dcjapuk8jag3qp2fkwp2ruzj24h86gmwv,0,0.000000,10998900005143630735,10.998900,10998900005143630735,10.998900,0,1
,genesis14es2y30lfj9t3thgr0agctpzggycgdxh9qfxpy,0,0.000000,10998900005143630735,10.998900,10998900005143630735,10.998900,0,1
,genesis1xerhq69xejlwf8p8jpfjdyhrnfs2ssuz2df4r9,0,0.000000,10998800012318051271,10.998800,10998800012318051271,10.998800,0,2
,genesis13l99wap9jchfvlghtd70seqn9pnw9aleheh8zd,0,0.000000,10998000193884111264,10.998000,10998000193884111264,10.998000,0,2
,genesis10jke06yz08nzkqj5vhk97yuhktjdmvk86fwcuf,0,0.000000,10997893285864144060,10.997893,10997893285864144060,10.997893,0,1
,genesis1f5r7dg3aad4et0vmjrktvumgkl5d8dm7pxdzfr,0,0.000000,10997800155345591267,10.997800,10997800155345591267,10.997800,0,1
,genesis12wf7vn2stg4dw4sn006qjcpdvmdknxxr9klfuu,0,0.000000,10997800112413761852,10.997800,10997800112413761852,10.997800,0,1
,genesis12trcwfd0e82g6904ntgka7y72efjp82hs2n7z0,0,0.000000,10997800111973394122,10.997800,10997800111973394122,10.997800,0,2
,genesis13z39flne85zlpgpc90kcqccawmj5tthfngusf0,0,0.000000,10997800111509487642,10.997800,10997800111509487642,10.997800,0,1
,genesis1afuft4xqz06aeyjsq9yar0l3953h2hpq4zjfxm,0,0.000000,10997800111158442509,10.997800,10997800111158442509,10.997800,0,1
,genesis1kgwcs2q7pjwn7km46p7satdmsm3gmzwjzg98zm,0,0.000000,10997800111158442509,10.997800,10997800111158442509,10.997800,0,1
,genesis12paseawz7e36l79q2as7ha8qhazh5uhmg7sy2m,0,0.000000,10997800110760381449,10.997800,10997800110760381449,10.997800,0,1
,genesis13k36ada8ty22ls4dqheukj4jf9f0rxg3lcyshp,0,0.000000,10997800110760381449,10.997800,10997800110760381449,10.997800,0,1
,genesis13pk6a9425hyrt4madnuclqlg749nvgsv6zwzd4,0,0.000000,10997800110760381449,10.997800,10997800110760381449,10.997800,0,1
,genesis14wgfmh375slzsllq4u0lkxlkatrh48ke08ga2f,0,0.000000,10997800110760381449,10.997800,10997800110760381449,10.997800,0,1
,genesis1xukzyulrkutrwefg035j99jqywgcnzejympxnc,0,0.000000,10997800110760381449,10.997800,10997800110760381449,10.997800,0,1
,genesis10f8wcsxzhh4d6gus47musmt3m3t88sxyem5ys8,0,0.000000,10997800110581266704,10.997800,10997800110581266704,10.997800,0,1
,genesis14hzlsuy6gc5p35pgy45fe2v2jc5r0sk9ahwjn7,0,0.000000,10997800110581266704,10.997800,10997800110581266704,10.997800,0,1
,genesis1eva7vffrv5td6e0casv0g33s4je6h03y2u338g,0,0.000000,10997711765442524639,10.997712,10997711765442524639,10.997712,0,1
,genesis1r2d4qz0wvwgffe8sm8hl0qfx62xn9hjehl0n2f,0,0.000000,10997480866860708006,10.997481,10997480866860708006,10.997481,0,1
,genesis142wl5w6krkhmhaucnl75rzfh77wuydru5agmyn,0,0.000000,10996800361357069992,10.996800,10996800361357069992,10.996800,0,2
,genesis18wmp9p8y0gr4gywens8q7zhaafvv7hxk3vn639,0,0.000000,10996800312403542419,10.996800,10996800312403542419,10.996800,0,1
,genesis10664w0m29a970fyq0kw90zeh9sd9p860wlqgkm,0,0.000000,10996700333701658374,10.996700,10996700333701658374,10.996700,0,1
,genesis13c023tx5zd7yt0gkdnswz4k0c74sk4urrf5dnn,0,0.000000,10996700333701658374,10.996700,10996700333701658374,10.996700,0,1
,genesis1k6qppxy26autdarma679e8xrqplc8pxdvv9m43,0,0.000000,10996700332091218559,10.996700,10996700332091218559,10.996700,0,1
,genesis14gp29lms64kluqsntpps09e6fta3ayy7ha862y,0,0.000000,10996100512813351758,10.996101,10996100512813351758,10.996101,0,2
,genesis1056vn8eurltajhvdj0mmsacmctjnukdfuyg6c9,0,0.000000,10996079621852490985,10.996080,10996079621852490985,10.996080,0,1
,genesis1d3s9stjqgj9q48zrjxf3aqyq8x6xwrd8f2w0zr,0,0.000000,10995700633671321860,10.995701,10995700633671321860,10.995701,0,1
,genesis10ue6namsx5al7u8nuxe4ut7hrsflpkj5nrrv4y,0,0.000000,10995600662073096246,10.995601,10995600662073096246,10.995601,0,1
,genesis10uyx3mjp7wptjjerp27cckd6rvdqvkscrkxzvl,0,0.000000,10995600662073096246,10.995601,10995600662073096246,10.995601,0,1
,genesis10vddmjvdy0ylhqmlumf4dkvmmwzhfz9df54cvx,0,0.000000,10995600662073096246,10.995601,10995600662073096246,10.995601,0,1
,genesis120ynu7jqzennwqmhzuxzqhsencnpwa53nec0l7,0,0.000000,10995600662073096246,10.995601,10995600662073096246,10.995601,0,1
,genesis12ndqdm45hf4q0jsun65ys7c5v0p9ew5kf3nfef,0,0.000000,10995600662073096246,10.995601,10995600662073096246,10.995601,0,1
,genesis12thdz9jtwy5xueqnmcg6ydv8srtdjrutpyg0la,0,0.000000,10995600662073096246,10.995601,10995600662073096246,10.995601,0,1
,genesis14erx0aye0uqedjrn4p4mxrwvh0laft3232ahu0,0,0.000000,10995600662073096246,10.995601,10995600662073096246,10.995601,0,1
,genesis1ym9fzky8n6pya798xa6hprgmryyzx30upq4yy4,0,0.000000,10995001024818630897,10.995001,10995001024818630897,10.995001,0,3
,genesis14n6k9m8y8vggdf58j7zkqzn0rnfszjaeng8fjs,0,0.000000,10994501111101549608,10.994501,10994501111101549608,10.994501,0,1
,genesis183hrcuzzt3az7p4je6l4vdnr2qp7q82lsztjmn,0,0.000000,10992801111107915945,10.992801,10992801111107915945,10.992801,0,1
,genesis15qvr4wa2t70yxhpl2h0wfawmcfr0m7hfwmgsl6,0,0.000000,10990000000000000000,10.990000,10990000000000000000,10.990000,0,1
,genesis1z05gcfyvn68axc04jzlq5cv2ugcj2snfr9ad3l,0,0.000000,10987802110902656887,10.987802,10987802110902656887,10.987802,0,2
,genesis1x79zsqpfp8p9pxj87zydaep36xa8wpfs9u5xqz,0,0.000000,10987802110659690193,10.987802,10987802110659690193,10.987802,0,1
,genesis1qqp2aydslhpx4emvqdhsyn8ztrltd4zeu3huwz,0,0.000000,10987802110480738280,10.987802,10987802110480738280,10.987802,0,1
,genesis16ukg5735jk02uudq2nnyt99ctrlkkv9ustpzzl,0,0.000000,10985623655799341322,10.985624,10985623655799341322,10.985624,0,2
,genesis1qpteqph5g0hk04ptvduc6k4rsamdlzh5lht372,0,0.000000,10985604661471211613,10.985605,10985604661471211613,10.985605,0,1
,genesis1wlle7hlfd0lhrkv3050zqkqezp72raf7hvh76n,0,0.000000,10985604661471211613,10.985605,10985604661471211613,10.985605,0,1
,genesis1k2snhyzah2a3jdd3ytkpnc4f9j56guh2zzjywf,0,0.000000,10984805987629151827,10.984806,10984805987629151827,10.984806,0,2
,genesis16fkd9ft03km5l32z4jhhlx3tz8y3yt4q25xekh,0,0.000000,10984506110091457290,10.984506,10984506110091457290,10.984506,0,1
,genesis1vmy6m8pl0fa4zdvzaxjn7acplq5tg0adcdz5us,0,0.000000,10981201151710609333,10.981201,10981201151710609333,10.981201,0,1
,genesis1g689lw9ghq3anql3shpw7svkqk7e087thjdr5e,0,0.000000,10977804110558998937,10.977804,10977804110558998937,10.977804,0,1
,genesis1jdy48c7eltvmrnr49a9z3405u6gragxwdpugga,0,0.000000,10975608660869326980,10.975609,10975608660869326980,10.975609,0,1
,genesis1s4uaxhummgqngau80z6she8558t4h02j59gvxq,0,0.000000,10975608660869326980,10.975609,10975608660869326980,10.975609,0,1
,genesis15lxd7hx4057jp2ng2utk7lev2ltqv2gev29lut,0,0.000000,10974725157065426698,10.974725,10974725157065426698,10.974725,0,3
,genesis18z0zv6k3g8z9z46ckgmadl26y73l8yz5ejzn8z,0,0.000000,10968903004241235240,10.968903,10968903004241235240,10.968903,0,1
,genesis15fxdrdmrd3du3eyww6k8g44ayu4yw6xsk7n0fa,0,0.000000,10955433602198303691,10.955434,10955433602198303691,10.955434,0,1
,genesis1a6f5cwjvq75zr6dccxn67p0r3zxf2l8gh7xlnh,0,0.000000,10955144630496816715,10.955145,10955144630496816715,10.955145,0,1
,genesis1dd8jqldgzexz4d6shz8rzx2ypn2wz6t554hunk,0,0.000000,10950356608186401687,10.950357,10950356608186401687,10.950357,0,1
,genesis190u9qqcqrpz6hw632ljrpdv5v6q97p9wh8rwqw,0,0.000000,10949626180261083398,10.949626,10949626180261083398,10.949626,0,1
,genesis1rysg83j95sqjm3z22qhtgy7arey3uqcfk7ewlf,0,0.000000,10949437000000000000,10.949437,10949437000000000000,10.949437,0,1
,genesis1xduulk9tqgx93xj4npncdgpr525e36vtyzk24k,0,0.000000,10949376470028244887,10.949376,10949376470028244887,10.949376,0,1
,genesis1qxh8dfj72vymqnqamatdn5e8zmun5ggxtee00f,0,0.000000,10948905005159061064,10.948905,10948905005159061064,10.948905,0,1
,genesis1vam3uerae2cp0y60rhkejyya7z5l8kpeyx0ytr,0,0.000000,10947810110256925169,10.947810,10947810110256925169,10.947810,0,1
,genesis1qnsxa5chxj87mvm9jxqnyr9pdlp324mp0c4scf,0,0.000000,10946890302563079775,10.946890,10946890302563079775,10.946890,0,1
,genesis1flphn4j6dgymn5xwl9ydv9z860g4p8vnpjrx92,0,0.000000,10946724551742055956,10.946725,10946724551742055956,10.946725,0,1
,genesis1mjwf47ywpv99a3sa6d4wpmxcgqn3lqx0f0zrj0,0,0.000000,10945109613532901729,10.945110,10945109613532901729,10.945110,0,1
,genesis1f9k272cgejjdt0exugldcgzlf46d00tthtyv7j,0,0.000000,10945058883829847165,10.945059,10945058883829847165,10.945059,0,1
,genesis1zvyardw7kde5w8flkfp3ghmg7u4834gchqzkg6,0,0.000000,10945058883829847165,10.945059,10945058883829847165,10.945059,0,1
,genesis1c69vt62tsaflk3ngyujt6m7znn6s6tz4szvgs5,0,0.000000,10944664291706087769,10.944664,10944664291706087769,10.944664,0,1
,genesis1yte6qh064wmwxyehe2064cptdklc3evzawjnue,0,0.000000,10944526106051088019,10.944526,10944526106051088019,10.944526,0,1
,genesis1z6y6zg67j0ce85j5fd7kadf3399vvzghu5mu4q,0,0.000000,10944526106051088019,10.944526,10944526106051088019,10.944526,0,1
,genesis1l5klafystft5vsg3hv8ye3yryfdwaznft2n5g5,0,0.000000,10939423143651228611,10.939423,10939423143651228611,10.939423,0,2
,genesis1krz2jjuqcry28rz6u43hkenr43euqj8nmyr38j,0,0.000000,10936981024728209309,10.936981,10936981024728209309,10.936981,0,1
,genesis1d9xej6w7g9n72shfrfypm60uxjn75urk0v8e34,0,0.000000,10931053816533259092,10.931054,10931053816533259092,10.931054,0,1
,genesis1advz53mkf9f6h4jxyvfl6fe8rl90xx2mp3qne9,0,0.000000,10918908002379389459,10.918908,10918908002379389459,10.918908,0,1
,genesis1qrltz6304ffpf66e7f55pyutkjy6ug6lpjgpu7,0,0.000000,10908909002377210531,10.908909,10908909002377210531,10.908909,0,1
,genesis1echtjakrrmy7zrjzk727vu5mgevswmr5v8dl7r,0,0.000000,10906584604945145618,10.906585,10906584604945145618,10.906585,0,1
,genesis1pr4ankh47lgwvyqc7tq7hwa5w00hqpp0x6dtwx,0,0.000000,10905979408443816200,10.905979,10905979408443816200,10.905979,0,1
,genesis1w2jmj6ndgraxu48hnxsmjj4en5exmcmaqw5th3,0,0.000000,10901320861941420134,10.901321,10901320861941420134,10.901321,0,1
,genesis1f20d96hc6uh04xqsh2csasfhzy2pc92pqha66s,0,0.000000,10900687119735668654,10.900687,10900687119735668654,10.900687,0,1
,genesis1h9u3s47ftqhxm46xcpkxdwgnucf7jsnd8cqune,0,0.000000,10900000000000000000,10.900000,10900000000000000000,10.900000,0,1
,genesis1q5t0g4gyxyc3dgum7x23qcyvrmn8kw939czk4f,0,0.000000,10900000000000000000,10.900000,10900000000000000000,10.900000,0,1
,genesis15plcm8tgzf8amht90dhl5xzyjgulkvk6j4wz2m,0,0.000000,10898910005174945048,10.898910,10898910005174945048,10.898910,0,1
,genesis1rqds3pstwew5nhe3rr7zqsypyr7ls02lj3vj7w,0,0.000000,10898910005135503707,10.898910,10898910005135503707,10.898910,0,1
,genesis10dr3tns3k77rxruv5ax0wxzlgkvaemq658lpa4,0,0.000000,10898910005096870456,10.898910,10898910005096870456,10.898910,0,1
,genesis10t74s0nz33syyp995n28hn8m6j8pgntv0yp60y,0,0.000000,10898910002375031603,10.898910,10898910002375031603,10.898910,0,1
,genesis12rnwwmwdupn7t7qln4qlulpm6857a27uppdhtv,0,0.000000,10898910002375031603,10.898910,10898910002375031603,10.898910,0,1
,genesis16n5r6rzw8spwycktndzyuznq5rzyy2pfayfd73,0,0.000000,10898910002375031603,10.898910,10898910002375031603,10.898910,0,1
,genesis16r5ghgrrr4ve7lauzfw7aksv9fqy64h80m93l3,0,0.000000,10898910002375031603,10.898910,10898910002375031603,10.898910,0,1
,genesis1axpad63kfpcalpmc27t9kt7q7d4cztgpza6c0p,0,0.000000,10898910002375031603,10.898910,10898910002375031603,10.898910,0,1
,genesis1chq0hkepzactfu6flnv33lugvkzkz4vrmzt05k,0,0.000000,10898910002375031603,10.898910,10898910002375031603,10.898910,0,1
,genesis1ck8d6ks3u4aue6y2zg5gk7py6afc3al2xn5wzr,0,0.000000,10898910002375031603,10.898910,10898910002375031603,10.898910,0,1
,genesis1cv2ys6p0hdmfu9nnlqrzfcm92kv44zg28wszad,0,0.000000,10898910002375031603,10.898910,10898910002375031603,10.898910,0,1
,genesis1hx8ljk8x8apazk0lpc6eygpmtk9qssktz4jan0,0,0.000000,10898910002375031603,10.898910,10898910002375031603,10.898910,0,1
,genesis1m53ml9jhqwaqa8022rjpwldpwemtz0977v7scl,0,0.000000,10898910002375031603,10.898910,10898910002375031603,10.898910,0,1
,genesis1vhz2ayxwj8eeywd3vh5k33qc227ngxlg3fu87v,0,0.000000,10898910002375031603,10.898910,10898910002375031603,10.898910,0,1
,genesis1wpewkkwa80yn49syn848kcsdg8rgewmqtlrfrt,0,0.000000,10898910002375031603,10.898910,10898910002375031603,10.898910,0,1
,genesis1xn4um725td29k7henjuxx2d4y8x0pfwq2xpc64,0,0.000000,10898910002375031603,10.898910,10898910002375031603,10.898910,0,1
,genesis1ye8ysslhczp95ylxlgeykpamfzw67t25uezfsk,0,0.000000,10898910002375031603,10.898910,10898910002375031603,10.898910,0,1
,genesis1rmemz0vyxjzqgy4hljymvzq3e3uf4630tcz2p7,0,0.000000,10898910000208836466,10.898910,10898910000208836466,10.898910,0,1
,genesis13gvqalusnmapjgp3e6gnk9q832qv3g3uymsaeh,0,0.000000,10897820114149942804,10.897820,10897820114149942804,10.897820,0,2
,genesis1p9z8smudjajse9d0a0uyypwz8rdk3443ew5yuv,0,0.000000,10897820111391818563,10.897820,10897820111391818563,10.897820,0,1
,genesis1yj7ddxu2j4yct94zw2wscez7czm4gcl8zfqhf2,0,0.000000,10897820111391818563,10.897820,10897820111391818563,10.897820,0,1
,genesis1dszmfq65pa2j38tqyspaqfe6769smd0efscz3n,0,0.000000,10897820110812819095,10.897820,10897820110812819095,10.897820,0,1
,genesis175vrklutt3rmhytvgntke99r7crk0qy7swmwur,0,0.000000,10897820109753468890,10.897820,10897820109753468890,10.897820,0,1
,genesis1dq434h5hjlthxlhsgka8wu998ew08sauw95pnt,0,0.000000,10897820109753468890,10.897820,10897820109753468890,10.897820,0,1
,genesis1gxyjsljrrmj2vhja20m8pmhducqhchqu9pk5ys,0,0.000000,10897820109753468890,10.897820,10897820109753468890,10.897820,0,1
,genesis1h9v4lmln4xrrjshtq6sw5vqhajjkysyv437nw6,0,0.000000,10897820109753468890,10.897820,10897820109753468890,10.897820,0,1
,genesis1k2n0zchw9vyntlfqm59js6u4tfp86pmjlvctaw,0,0.000000,10897820109753468890,10.897820,10897820109753468890,10.897820,0,1
,genesis1qrqag7vh2sjzsuaxzqjdqzv3z2rz0l3q0slzsr,0,0.000000,10897820109753468890,10.897820,10897820109753468890,10.897820,0,1
,genesis1qy9syn2enzfufd0deydhpn9jmshc5vs623ep59,0,0.000000,10897820109753468890,10.897820,10897820109753468890,10.897820,0,1
,genesis1r44c6mfw4zqaj5k9qfhqcn57tkqg6mxrlpjcpx,0,0.000000,10897820109753468890,10.897820,10897820109753468890,10.897820,0,1
,genesis1snkh5am96063zmtf2g3a74d7hpkyfwaxsch0ye,0,0.000000,10897820109753468890,10.897820,10897820109753468890,10.897820,0,1
,genesis1ztrt5llyga0p4sjt3pzw6z98nmx8k83g8v0v7y,0,0.000000,10897820109753468890,10.897820,10897820109753468890,10.897820,0,1
,genesis15tk3ylralqlpm8ag6lz3wsg2r499ku84aw2nna,0,0.000000,10897820109575982461,10.897820,10897820109575982461,10.897820,0,1
,genesis16xd0j3c7km9phn75sw8s0wpv8k0fn4g2zah2e7,0,0.000000,10897820109575982461,10.897820,10897820109575982461,10.897820,0,1
,genesis19qfqj8g5ch5g4eydl5dtq73legq8mja4a5q32k,0,0.000000,10897820109575982461,10.897820,10897820109575982461,10.897820,0,1
,genesis1ds8dxyvqesxfwy8s8vdh84sszdvt4ysyw7alkk,0,0.000000,10897820109575982461,10.897820,10897820109575982461,10.897820,0,1
,genesis1l8ha3dsca7zu52728xv787csk9gzsexd62hl0m,0,0.000000,10897820109575982461,10.897820,10897820109575982461,10.897820,0,1
,genesis1unj5p894q6z96ur5f5skhlg9qmrzq77e78k684,0,0.000000,10897820109575982461,10.897820,10897820109575982461,10.897820,0,1
,genesis1ysy0fu9sj7ap2fnqwz59zhpf2ynpxrk8ecgsqv,0,0.000000,10897820109575982461,10.897820,10897820109575982461,10.897820,0,1
,genesis1ade538k30ftje08exvwsnsry9644nuc48h2nfs,0,0.000000,10896730850995805550,10.896731,10896730850995805550,10.896731,0,1
,genesis1snmc6faet9wfzrswgdkmasdkq63np3eag5jguq,0,0.000000,10896730330668006935,10.896730,10896730330668006935,10.896730,0,1
,genesis1plgkczw4kts3xp8lmmls6xmden27tvgrq5ncn0,0,0.000000,10896068289116535348,10.896068,10896068289116535348,10.896068,0,1
,genesis16e2kjlum5xlejuzpreldek5ncek5zxc639xpar,0,0.000000,10895640656054249916,10.895641,10895640656054249916,10.895641,0,1
,genesis1756fr4zwav0ng8csr0t0ln5s4je9jdyn7ayh24,0,0.000000,10895640656054249916,10.895641,10895640656054249916,10.895641,0,1
,genesis18qyef5frjalrterst2xct67g7ss6n5u494dnuu,0,0.000000,10895640656054249916,10.895641,10895640656054249916,10.895641,0,1
,genesis1dq35me9w8pgxduum4k8hqgfs562tdmkl086jlu,0,0.000000,10895640656054249916,10.895641,10895640656054249916,10.895641,0,1
,genesis1q7cflw2u8z4zx29c70kq6qympepq20gyw3sazl,0,0.000000,10895640656054249916,10.895641,10895640656054249916,10.895641,0,1
,genesis1r7krypf66v0yxddhazd28gv05x0zfhl03n98j5,0,0.000000,10895640656054249916,10.895641,10895640656054249916,10.895641,0,1
,genesis1tux4rmd9ap9mznxzzax2r7v0hhfg7avv4q8zf4,0,0.000000,10895640656054249916,10.895641,10895640656054249916,10.895641,0,1
,genesis1u8xff6p6p4uunrpha6m7fskv6j5z49qhjtmeer,0,0.000000,10895640656054249916,10.895641,10895640656054249916,10.895641,0,1
,genesis1uc2vjzyu84hrn2ppasjr9a6x8d39gg54wsly85,0,0.000000,10895640656054249916,10.895641,10895640656054249916,10.895641,0,1
,genesis1uslhmy26ynykk8xmv7syzp0rfxyah2j9uhg8sr,0,0.000000,10895640656054249916,10.895641,10895640656054249916,10.895641,0,1
,genesis1vl8628286wh0d05qaua8mhd586ym76k7rz6qdg,0,0.000000,10895640656054249916,10.895641,10895640656054249916,10.895641,0,1
,genesis1w4ppr3l6ul2nqlz90wzxccn2katcvef2rc0dj4,0,0.000000,10895640656054249916,10.895641,10895640656054249916,10.895641,0,1
,genesis1warqjk3n72cu6j3d2yac8xa5kv7r2tzuwcyhuz,0,0.000000,10895640656054249916,10.895641,10895640656054249916,10.895641,0,1
,genesis1wnafkdr30zdw7cuzuzy7ekqvfgtrxevfzswer2,0,0.000000,10895640656054249916,10.895641,10895640656054249916,10.895641,0,1
,genesis1ykxtlchw93fcu0q8xkxss7glg2z2mqflzk6wyy,0,0.000000,10895640656054249916,10.895641,10895640656054249916,10.895641,0,1
,genesis1938qljjfgdzm2pwef4v9894k6vg6ymegqrwkv9,0,0.000000,10895510708046425416,10.895511,10895510708046425416,10.895511,0,1
,genesis1p83kkaqlfmae8rdz59vxp6fjtnrqw59l8aldde,0,0.000000,10895140860158092353,10.895141,10895140860158092353,10.895141,0,2
,genesis1a9u99xa9y7l6w5yg0eecqg48vy0xj4349kwzs3,0,0.000000,10895050896896783992,10.895051,10895050896896783992,10.895051,0,2
,genesis1wh2x834nel8s08efw8st3msmtvjc4zpqn323p3,0,0.000000,10894551101000626430,10.894551,10894551101000626430,10.894551,0,1
,genesis1hvwn2uv89fn6a39twdzarw87vsdshgr2r6e8uv,0,0.000000,10893463100362556112,10.893463,10893463100362556112,10.893463,0,1
,genesis1z3p5gkh62r0nhfu69w2l9064chkw52yehr5638,0,0.000000,10892395411732711638,10.892395,10892395411732711638,10.892395,0,1
,genesis1eym8dcs8wjsjzh5smhnyzkhp2prcwh2gkqqa4c,0,0.000000,10890193995981075795,10.890194,10890193995981075795,10.890194,0,1
,genesis155yuaswl057tk6f2ja8h9qlkc2tx9df7ceq0v4,0,0.000000,10888911002372852675,10.888911,10888911002372852675,10.888911,0,1
,genesis1gjftdy5prc8zzq6dvedlay2v8pczxm0r3rhmy6,0,0.000000,10887037831395248475,10.887038,10887037831395248475,10.887038,0,2
,genesis1659y47tffl9vdegsp6eq959g30lzkvvlce2qnh,0,0.000000,10886911202372416889,10.886911,10886911202372416889,10.886911,0,1
,genesis1e5svykcedmvptwkxfh3ep2mz9llckwh63sfdwg,0,0.000000,10868913002368494818,10.868913,10868913002368494818,10.868913,0,1
,genesis1d9zzy9rwmlfymc929nweeqccn8td9e9ylch22z,0,0.000000,10848915002364136962,10.848915,10848915002364136962,10.848915,0,1
,genesis19yrexd5s8j9eg8lvxtah2y04np8a6lcvvj6gz6,0,0.000000,10845660653044826751,10.845661,10845660653044826751,10.845661,0,1
,genesis1kg0vs4s4xmtaa5f7crksrvtze4ltthsp2zk3ct,0,0.000000,10845097878210940647,10.845098,10845097878210940647,10.845098,0,1
,genesis1ax9lpspd9frwx2v6nyczzzmvwgtzwxdl6avkay,0,0.000000,10824569705783271949,10.824570,10824569705783271949,10.824570,0,1
,genesis1trygc5hp2djlw96d8arv5kmgt2wtn9xmm8g37f,0,0.000000,10806628845234950848,10.806629,10806628845234950848,10.806629,0,1
,genesis1k5ehhteq3wgpka630lt6qwp90nhrpfly8lz9kq,0,0.000000,10800000000000000000,10.800000,10800000000000000000,10.800000,0,1
,genesis1q0hfmu5qj59zh8uaa9jsd3sf8twptzk8c2ywe6,0,0.000000,10800000000000000000,10.800000,10800000000000000000,10.800000,0,1
,genesis1qryf6wja8fx0aad58x8j8z7vvysqx5xzt6v98k,0,0.000000,10800000000000000000,10.800000,10800000000000000000,10.800000,0,1
,genesis137h0zjc68ez54ck02p68xxjsk9xk3uav6mzmh5,0,0.000000,10799460008558962800,10.799460,10799460008558962800,10.799460,0,2
,genesis1xzz0ukyv0rkwfvxvqp3wd5rkym6p8etkq65au3,0,0.000000,10798920017117925600,10.798920,10798920017117925600,10.798920,0,1
,genesis1qxk4rjpd65sjg42j73rlf7c2wx4m2rpmtyzzq2,0,0.000000,10798920013508725134,10.798920,10798920013508725134,10.798920,0,1
,genesis1f0pztnf80zkcks6vp8l0az7tkup0afefmk9lmj,0,0.000000,10798920010665174254,10.798920,10798920010665174254,10.798920,0,1
,genesis1kw45ze5k8zdfyyzxmk3zlqa73egjlhjdr88zuw,0,0.000000,10798920005088388994,10.798920,10798920005088388994,10.798920,0,1
,genesis1cer9nxh4w034vtf23tjny5ualtcy5zpvqex7va,0,0.000000,10798920002353242322,10.798920,10798920002353242322,10.798920,0,1
,genesis1kq5frkl9g8qsxnywsdvtw7ej7t7mm2e5qzssdy,0,0.000000,10798920002353242322,10.798920,10798920002353242322,10.798920,0,1
,genesis1dvd334xtsd8ww920pe732dmx2ydx4zznplkzwv,0,0.000000,10798920000206920535,10.798920,10798920000206920535,10.798920,0,1
,genesis1lz52mmgqjrk47kkv3gpz5cve6svfweey34gshm,0,0.000000,10797840109482042412,10.797840,10797840109482042412,10.797840,0,1
,genesis1ydpffp3t8nehnldedeywnwr67z9kw0v8d6fjk2,0,0.000000,10797840109482042412,10.797840,10797840109482042412,10.797840,0,1
,genesis1vqsykcvlcv6hv5vvq2mp84srs22kcg22macuyh,0,0.000000,10797840109137379918,10.797840,10797840109137379918,10.797840,0,1
,genesis14zfdhxqyvgxapv0j7fvhrvqkhz8dhr3nt72rpj,0,0.000000,10797840108746556331,10.797840,10797840108746556331,10.797840,0,1
,genesis1l4nqhzchalpczlwrm67984rsqxrj5t8dlur9z9,0,0.000000,10797840108746556331,10.797840,10797840108746556331,10.797840,0,1
,genesis1g8qynt25y7g87ah6dnwjmwt7t9fx6mjpcyz7yn,0,0.000000,10797840108570698219,10.797840,10797840108570698219,10.797840,0,1
,genesis1e5prw2r9c4f7l7yh4u5fan6jfg8ln4577w7qey,0,0.000000,10796760327634355495,10.796760,10796760327634355495,10.796760,0,1
,genesis14zwaq087uar8ytldp7f9zyugggxumw7mj93tpq,0,0.000000,10795680650035403587,10.795681,10795680650035403587,10.795681,0,1
,genesis1535wntr4x0yk7cl4kw3ddgqj66g4w3xlhjqgxt,0,0.000000,10795680650035403587,10.795681,10795680650035403587,10.795681,0,1
,genesis1ddvwl52y7xtx77zgkk5d9wttw07ps93ench0r5,0,0.000000,10795680650035403587,10.795681,10795680650035403587,10.795681,0,1
,genesis1e2jyvql7xyarxv54k5ws69q06230k43hue6sje,0,0.000000,10795680650035403587,10.795681,10795680650035403587,10.795681,0,1
,genesis1g4rnl25cnl4upu6at88xpnqz7a7rfq52wdq7pg,0,0.000000,10795680650035403587,10.795681,10795680650035403587,10.795681,0,1
,genesis1jqa0wgrp2ygf99l7pcnfgxh3yqr2xsz48vxfew,0,0.000000,10795680650035403587,10.795681,10795680650035403587,10.795681,0,1
,genesis1sj4zpr3ttyww9ylew0gdf54ckgycd6w2puag3r,0,0.000000,10795680650035403587,10.795681,10795680650035403587,10.795681,0,1
,genesis1tnwt696l9jspwlehcafkcdpxzvcpzcw767xc2d,0,0.000000,10795680650035403587,10.795681,10795680650035403587,10.795681,0,1
,genesis1wjn46sy4rr7s8tza32pfd0jad5m5wwcex246j5,0,0.000000,10795680650035403587,10.795681,10795680650035403587,10.795681,0,1
,genesis1l9k9sd9ddplfa0h4k6jkcaltzsst2hj27x49w2,0,0.000000,10792142846192181729,10.792143,10792142846192181729,10.792143,0,3
,genesis167sjwg0cgygfgqax0f3vk96qxgxcnx0ceqdexf,0,0.000000,10790000000000000001,10.790000,10790000000000000001,10.790000,0,1
,genesis17u5wm77g7ff389x8x4zekawllf6ctnha9xkv0v,0,0.000000,10785968539774469279,10.785969,10785968539774469279,10.785969,0,1
,genesis1gsyhpgluxzc0heq26mzycfttakwqx68tpl6x8g,0,0.000000,10773342653197570260,10.773343,10773342653197570260,10.773343,0,3
,genesis1ae68hdeak2xkx95v3u0u2psshxsq2hfs3adxn6,0,0.000000,10705741462121957199,10.705741,10705741462121957199,10.705741,0,1
,genesis17km30k89nu86mj5098z3h8a8889tdmxjvjf7a0,0,0.000000,10705512825956534922,10.705513,10705512825956534922,10.705513,0,1
,genesis1gxq9up6vf8na5ddau9py380dgfjecgc0v3g4ca,0,0.000000,10698930002331453041,10.698930,10698930002331453041,10.698930,0,1
,genesis13t2ac36ux5se4x2aqmdj9trzawe7qhzlcyc45x,0,0.000000,10698930000205004604,10.698930,10698930000205004604,10.698930,0,1
,genesis1ky940z38hwnvmw3evle88nq4s2uy5kggj359qn,0,0.000000,10697860107739643773,10.697860,10697860107739643773,10.697860,0,1
,genesis1nr3zy5lrrvrukpsc6uugmrjkvuap5ywlgr5shs,0,0.000000,10697860107739643773,10.697860,10697860107739643773,10.697860,0,1
,genesis1q7f9na0afmk7vhgaj576lgttl83jq3t4wyg4vl,0,0.000000,10697860107739643773,10.697860,10697860107739643773,10.697860,0,1
,genesis1r5trk7akrgukgcvvf852kwzgzydmla3rnsc5c2,0,0.000000,10697860107739643773,10.697860,10697860107739643773,10.697860,0,1
,genesis1dc6qq6ayfk0w90j5zwnv2v9nhfqrd6dqlwg3ed,0,0.000000,10697440275064464487,10.697440,10697440275064464487,10.697440,0,6
,genesis1j0m7ttzrmjetj0juj0698pflw3a86ddtvxk9cu,0,0.000000,10697370315551824501,10.697370,10697370315551824501,10.697370,0,2
,genesis1l0vr9d48pgcvuuprmgp8sa6kxysqx2fffljjkk,0,0.000000,10695720644016557257,10.695721,10695720644016557257,10.695721,0,1
,genesis13k6qfw70078hzfwmnxucaz22tvfst5265hvxux,0,0.000000,10658269360000000000,10.658269,10658269360000000000,10.658269,0,1
,genesis1d52w5wle9670pe52vnavlva0ntvx2y7ehdl2sm,0,0.000000,10643502944438234636,10.643503,10643502944438234636,10.643503,0,1
,genesis19xyp5qk39yg8c63km2yluq7c9p9gtmlp7aa2pa,0,0.000000,10597880106732731214,10.597880,10597880106732731214,10.597880,0,1
,genesis1xar680e82wp3q35z7kaug3jcwrg4jxjp8ehg37,0,0.000000,10546525029339575846,10.546525,10546525029339575846,10.546525,0,1
,genesis1qvk73mxnrys6f6hl0uy6s5sh37wx89sh2sgv8l,0,0.000000,10504670672308163593,10.504671,10504670672308163593,10.504671,0,1
,genesis1sedvlezv9rcmydek7l7cm2ryej7r8e5n0hruh5,0,0.000000,10502305140418681888,10.502305,10502305140418681888,10.502305,0,1
,genesis1qrytx9vstv2wa3ns0xcuafnqw7w44pkppj82kx,0,0.000000,10500000000000000000,10.500000,10500000000000000000,10.500000,0,1
,genesis1jy7hg7q4mw5kpj5r6xa5akvf7hvtdjuarjlzv6,0,0.000000,10498950043288756904,10.498950,10498950043288756904,10.498950,0,1
,genesis175cl4vt252hmamwtetm0a9nmvh7t52cckhwnsr,0,0.000000,10498950016642427666,10.498950,10498950016642427666,10.498950,0,1
,genesis1eq95dtmcsel7mkq4fqgk77smjx5m36sr99k934,0,0.000000,10498950010823665957,10.498950,10498950010823665957,10.498950,0,1
,genesis1phxt5kdjkjpewsgu4sl3rshth2a6feuur4m54p,0,0.000000,10498950004985038808,10.498950,10498950004985038808,10.498950,0,2
,genesis1ljht0jwtu43h6xvd9qpkyyh0thnruv4elj979q,0,0.000000,10498950004947044856,10.498950,10498950004947044856,10.498950,0,1
,genesis1qjq3c5gx6az9ymmkda28yjvk86a04vusfz063p,0,0.000000,10498950004333519020,10.498950,10498950004333519020,10.498950,0,1
,genesis1wkydulxexrnlw0g3e6pe2t06ed70d2yechh5va,0,0.000000,10498950002287874480,10.498950,10498950002287874480,10.498950,0,1
,genesis1yhxvdk4a57ehg662f9kr72x6q6rd9hzggswjae,0,0.000000,10498950002287874480,10.498950,10498950002287874480,10.498950,0,1
,genesis10vvdsmu84g37nfx9p8k898k3tqqs5kkcmv8nmj,0,0.000000,10498350088896835095,10.498350,10498350088896835095,10.498350,0,6
,genesis1vemmttg4c0lsqwsdhrjc24ktaahfnh9he235zj,0,0.000000,10497950104651643532,10.497950,10497950104651643532,10.497950,0,2
,genesis1c32wu8tmhmh0k5d7mfrnam6qrq32qup8fpz3ru,0,0.000000,10497900107304045404,10.497900,10497900107304045404,10.497900,0,1
,genesis1py24fvckq3xjd4es0el463dwl0gp8r4nu6tt2g,0,0.000000,10497900107304045404,10.497900,10497900107304045404,10.497900,0,1
,genesis1rf9swqhdutkjadpdyle9py834ralza9pe2umu4,0,0.000000,10497900106460793547,10.497900,10497900106460793547,10.497900,0,1
,genesis15f6nvuqsun8ky9tz57dhphleta68hu3p6jn3yh,0,0.000000,10497900106440874568,10.497900,10497900106440874568,10.497900,0,1
,genesis16yuewmcpm84wpzu27g77f0elwzfk4ndcl9525s,0,0.000000,10497900106440874568,10.497900,10497900106440874568,10.497900,0,1
,genesis1c0tgr288s95g8saupkx46g6rqzh2g3cfq3mcel,0,0.000000,10497900106440874568,10.497900,10497900106440874568,10.497900,0,1
,genesis1q7rmeyzt00s630vy5r83k69ek3t8mz8tr6xpum,0,0.000000,10497900106440874568,10.497900,10497900106440874568,10.497900,0,1
,genesis1984dal6yhkjzl94nxjqavpkagqafu328nrfzya,0,0.000000,10497900106105786032,10.497900,10497900106105786032,10.497900,0,1
,genesis1fpe5y40tgrklg5qlvm36am4dpsxzqtnyttxvlv,0,0.000000,10497900106105786032,10.497900,10497900106105786032,10.497900,0,1
,genesis1hpa3cxxds3sfdrffmdnpf2smtq06me0k2vx3gy,0,0.000000,10497900105976764098,10.497900,10497900105976764098,10.497900,0,2
,genesis10qn97rfs803vg66ux9neyc3c3d0gdw7pp7qyet,0,0.000000,10497900105725818655,10.497900,10497900105725818655,10.497900,0,1
,genesis148ncfd3ymxcrqu034rdehpprguz65cfw67whj8,0,0.000000,10497900105725818655,10.497900,10497900105725818655,10.497900,0,1
,genesis15dqt79f5hnh2u387ztrunak0qgahner7dzwhpx,0,0.000000,10497900105725818655,10.497900,10497900105725818655,10.497900,0,1
,genesis15md4wkfqux35ak5rh2409yk3gx8l4y5sj57ma4,0,0.000000,10497900105725818655,10.497900,10497900105725818655,10.497900,0,1
,genesis173mfp6x8y6yar4qwptwexzg7meud6nca7ge70z,0,0.000000,10497900105725818655,10.497900,10497900105725818655,10.497900,0,1
,genesis1a8vxveyvq900e4sugc40asulcmzcms447uegfm,0,0.000000,10497900105725818655,10.497900,10497900105725818655,10.497900,0,1
,genesis1jqtyhv6lqqnvu9ap6yfm425qtuyhfksyt8t4xm,0,0.000000,10497900105725818655,10.497900,10497900105725818655,10.497900,0,1
,genesis1pt7c492jg0gr663ua6rauee4aa9n45w6ksfk6w,0,0.000000,10497900105725818655,10.497900,10497900105725818655,10.497900,0,1
,genesis1w6zmn7js3mwuduvgpylh36wenzdltdst4arhhn,0,0.000000,10497900105725818655,10.497900,10497900105725818655,10.497900,0,1
,genesis1x76a6jtkl6tff7aruftmrnlach6uaydklr5cgx,0,0.000000,10497900105725818655,10.497900,10497900105725818655,10.497900,0,1
,genesis10w8x9cxu7zl5qjpnxe5gxl0cnpqltrqvlx8v3c,0,0.000000,10497900105554845490,10.497900,10497900105554845490,10.497900,0,1
,genesis15az3w4q0fnkpsz8d4zgp522etv3kx2zx77vc0k,0,0.000000,10497900105554845490,10.497900,10497900105554845490,10.497900,0,1
,genesis1ga75k6vs39t2ln4larxq5yyd0jv84u29zvym3n,0,0.000000,10497900105554845490,10.497900,10497900105554845490,10.497900,0,1
,genesis1l6hhf4e4lutga3me0d8rtlqqkcgpslp74gp92m,0,0.000000,10497900105554845490,10.497900,10497900105554845490,10.497900,0,1
,genesis1c2tzcqu4eycdx98kh3d5asw7qeyhh4ll29fl6q,0,0.000000,10497000331262838345,10.497000,10497000331262838345,10.497000,0,2
,genesis13ldgsamhyhy0pd7ctakw6nxt0es54hdkda9vqj,0,0.000000,10496850819766601677,10.496851,10496850819766601677,10.496851,0,1
,genesis14fua0pk0wt85390pp9kau7njx0pej590ar4qck,0,0.000000,10496850316996163169,10.496850,10496850316996163169,10.496850,0,1
,genesis1w3xdutqwg8m56l66auh8z9jztjzfn4l5gkrj6t,0,0.000000,10496800381382176054,10.496800,10496800381382176054,10.496800,0,2
,genesis1lpzsa4t5dgaw040sefwnrpe8jap32qp85dqvgn,0,0.000000,10496800381300760261,10.496800,10496800381300760261,10.496800,0,2
,genesis10f274l4hhy9v5td0n8tweax8qchffg43k2gcz6,0,0.000000,10496700438414966102,10.496700,10496700438414966102,10.496700,0,4
,genesis1a8e7q0cup4n5er99s9s5hv0j09mj88jvkp89c3,0,0.000000,10496400515434137059,10.496401,10496400515434137059,10.496401,0,5
,genesis1q3mx55pfvl4dpzc5ty559y4xcdqtrkr8g48hus,0,0.000000,10496250574442304031,10.496251,10496250574442304031,10.496251,0,4
,genesis17nt8q2mnhycp0dn9l9pcaxs7e2xv3qtdlasxrh,0,0.000000,10495900669963594275,10.495901,10495900669963594275,10.495901,0,3
,genesis16eqwp2m3fmzrmk2xc4zpgnusghwheyfnpquzm6,0,0.000000,10495800812414937830,10.495801,10495800812414937830,10.495801,0,1
,genesis158utc97txcgsjrw6urgnnkaaedvxahexr50ct0,0,0.000000,10495800631978864598,10.495801,10495800631978864598,10.495801,0,1
,genesis16cyrapn4udh03r54mznsem8z42vhdksxj67jvj,0,0.000000,10495800631978864598,10.495801,10495800631978864598,10.495801,0,1
,genesis1j38s5svukmg5s5y9zpwtxjvaf8jmlxg69nrdae,0,0.000000,10495800631978864598,10.495801,10495800631978864598,10.495801,0,1
,genesis1kjer64hu0ah5q2p3q7n8jllqcdyfju6kxzr047,0,0.000000,10495800631978864598,10.495801,10495800631978864598,10.495801,0,1
,genesis1l8y3peg2h60u685z5ljytl3gftw7nas42dhhvx,0,0.000000,10495800631978864598,10.495801,10495800631978864598,10.495801,0,1
,genesis1legl4nwumlrvfqesnaldjqm587h9jlut8q3rlx,0,0.000000,10495800631978864598,10.495801,10495800631978864598,10.495801,0,1
,genesis1pnzpgzazyh2npvkupqxjycn3gn0tkyvx4m40qh,0,0.000000,10495800631978864598,10.495801,10495800631978864598,10.495801,0,1
,genesis1qv0m7pm5jf7elfc2m32t9qzrtq69903wd8cz9m,0,0.000000,10495800631978864598,10.495801,10495800631978864598,10.495801,0,1
,genesis1s3ahmqag06kdpk0mkpuh6y8fahsz5syszz0zsl,0,0.000000,10495800631978864598,10.495801,10495800631978864598,10.495801,0,1
,genesis1svsvyzpmtgr0c5v6kazvdrrcwvwjzvwrlr9hgf,0,0.000000,10495800631978864598,10.495801,10495800631978864598,10.495801,0,1
,genesis1wd7j44wzqxra7077xmwycy4f2fmf6fuajeczl2,0,0.000000,10495800631978864598,10.495801,10495800631978864598,10.495801,0,1
,genesis1xl4t237tlrl576n0ff2v2dfg5v8tyqfdxsx6ky,0,0.000000,10495800631978864598,10.495801,10495800631978864598,10.495801,0,1
,genesis1z9p6zr4vsg64d3xt8eda92q8hypa2phjsacsrr,0,0.000000,10495800631978864598,10.495801,10495800631978864598,10.495801,0,1
,genesis16mcugkhrt8m30ctrnyfwmdt7gcp0unupesve49,0,0.000000,10495440782084462821,10.495441,10495440782084462821,10.495441,0,2
,genesis1gkpaleat4m0dvnd5j2nreevq253xg3ajd2t9uc,0,0.000000,10495300836082707035,10.495301,10495300836082707035,10.495301,0,2
,genesis1y8jm684cwp2pdxds5e7ksm2dg2ev2nlz46c2vt,0,0.000000,10495200876903475523,10.495201,10495200876903475523,10.495201,0,2
,genesis1kex7ahhrwtmtjvgxcng9af2ksv37a5twwzcdz3,0,0.000000,10495000958545012497,10.495001,10495000958545012497,10.495001,0,2
,genesis1fufgewplcd3a3quhkzf2d3vsz0322ls7z0x87u,0,0.000000,10494751060596933717,10.494751,10494751060596933717,10.494751,0,1
,genesis1lfjccfqcn8wkpq9e3jxc0qa3yzzl92dxw5t0lu,0,0.000000,10494751060596933717,10.494751,10494751060596933717,10.494751,0,1
,genesis1pwn8j7n98l4j2vt5cmjk57knspl8xdt6kqmxuf,0,0.000000,10494751060596933717,10.494751,10494751060596933717,10.494751,0,1
,genesis1tyqcc96drm9dq2zshrzkahz620cu94x9rmss32,0,0.000000,10494751060596933717,10.494751,10494751060596933717,10.494751,0,1
,genesis1xj6uud7pgpn5khkhl6tqc9llw5xm5kca6y7zuw,0,0.000000,10494751060596933717,10.494751,10494751060596933717,10.494751,0,1
,genesis1r0kqks5sslg0x9ek5q6y0frwws5ey7uq9ulpnq,0,0.000000,10491603003547901135,10.491603,10491603003547901135,10.491603,0,1
,genesis1g8da45wq3pzrm6eunl3enlklk4hnvn82nvn5lh,0,0.000000,10491603002292312463,10.491603,10491603002292312463,10.491603,0,1
,genesis18jp5p59gv7hfn9paz9rpayzlp5wynjddtl3cr3,0,0.000000,10486358302558511799,10.486358,10486358302558511799,10.486358,0,1
,genesis1hznhezzlsal2y0k3kauuml0y4fydd8kktwsyyw,0,0.000000,10479020149635869215,10.479020,10479020149635869215,10.479020,0,1
,genesis1h7m2yrnytft70dq35jvapzw0nlh8npkylpu89m,0,0.000000,10427914104851146520,10.427914,10427914104851146520,10.427914,0,1
,genesis1jj4ft7ynkj54qn0k3d68xxvrgx09f67rv7vnae,0,0.000000,10397920106282102115,10.397920,10397920106282102115,10.397920,0,1
,genesis15xd3nsnlxzhytw4rmnehlhmr3vjshu376q2rs0,0,0.000000,10395940604523806510,10.395941,10395940604523806510,10.395941,0,3
,genesis1y0255mcq2506pd7uwu8mgaf6yhlwrq254uvj8p,0,0.000000,10355494851792742599,10.355495,10355494851792742599,10.355495,0,1
,genesis13m7eqx55zldnu72vyal828vzrypz2chvs33u6e,0,0.000000,10253371841543454515,10.253372,10253371841543454515,10.253372,0,1
,genesis1ze2e8f4gptrttluvayhd8fjccsw8gm8vecyye5,0,0.000000,10205444062081919012,10.205444,10205444062081919012,10.205444,0,1
,genesis1nzddmzr5848u3zxwtxhhzz5ak0zh807d0wd9qj,0,0.000000,10202766217848274402,10.202766,10202766217848274402,10.202766,0,1
,genesis1554e0jfha2vjrn3npjtelavmv2s02h7gpye4vz,0,0.000000,10198980016166929733,10.198980,10198980016166929733,10.198980,0,1
,genesis17ussnhlfw8cent0hv7z9wpgp6yf70d4x4py4gw,0,0.000000,10194901030294164182,10.194901,10194901030294164182,10.194901,0,1
,genesis1p2xvlepwqf5cqasvpwt8h0je5af28ghun40st9,0,0.000000,10175146944880173032,10.175147,10175146944880173032,10.175147,0,2
,genesis1ux59maygwqfy433npgy0ax6va7n4mfgl8lvjcd,0,0.000000,10124810388773113848,10.124810,10124810388773113848,10.124810,0,1
,genesis1v7ggwm9qpru4msnsqrustrfst0dspqpnnd7the,0,0.000000,10101940406788557636,10.101940,10101940406788557636,10.101940,0,1
,genesis17aj4l0tvh8ed5vl07t5gh94jtgtgzuhkq5rse4,0,0.000000,10101219989958116874,10.101220,10101219989958116874,10.101220,0,1
,genesis1kpfgu6mc2esls3udxsrmtwaetf69an5486z8ck,0,0.000000,10098990009973912960,10.098990,10098990009973912960,10.098990,0,1
,genesis12pnfttpuky4vrkmn93nlk3m23c03937xyc04a4,0,0.000000,10098990004722788220,10.098990,10098990004722788220,10.098990,0,1
,genesis1mvgt2mgadtn5yl85eexzzyr93nrfpd3vgm3dfc,0,0.000000,10098990004722788220,10.098990,10098990004722788220,10.098990,0,1
,genesis1y2mlk8sxwff57lu57k6tza2ay66grlaxg24vwf,0,0.000000,10098990004722788220,10.098990,10098990004722788220,10.098990,0,1
,genesis1cmvwg3z4nge7d9zzg2duvqkc4gpgfgpnr4p4gh,0,0.000000,10098990004168432581,10.098990,10098990004168432581,10.098990,0,1
,genesis1k8g0vlfmctyqtwahrxhudksz7rgrm6ns354jux,0,0.000000,10098190320735266259,10.098190,10098190320735266259,10.098190,0,2
,genesis1u3hpn5xqyx4mjhc0gdg5ph7hy97gu6qscarpfe,0,0.000000,10097980101698168421,10.097980,10097980101698168421,10.097980,0,1
,genesis1y54y3wpy7q98sek72n62ak9m0cekqurh02ngfs,0,0.000000,10010000000000000000,10.010000,10010000000000000000,10.010000,0,1
,genesis15qkc28v2kwwv25s209h65vu0h3879ntraqzjgz,0,0.000000,10008988618960513601,10.008989,10008988618960513601,10.008989,0,2
,genesis16zzdr2g0cg8tdvy79sspxyayd3d2am20rm8xjk,0,0.000000,10007998102296523285,10.007998,10007998102296523285,10.007998,0,1
,genesis10asvqus2p27j0csexkhzudkymxzdktlvcjpt06,0,0.000000,10000000000000000000,10.000000,10000000000000000000,10.000000,0,1
,genesis12astlq2uqz43cwfdw5hftcyw6w23g98km0ggh7,0,0.000000,10000000000000000000,10.000000,10000000000000000000,10.000000,0,1
,genesis12evsxkfkq59v9s88zfx0cl9tn4zlavs92hmazf,0,0.000000,10000000000000000000,10.000000,10000000000000000000,10.000000,0,1
,genesis16dxa8kauj4gsepe26ljp5eglv59aqarjgujxfw,0,0.000000,10000000000000000000,10.000000,10000000000000000000,10.000000,0,1
,genesis16e0f6m5ful4m0s5n5wmrlndzk9vuum376xyqld,0,0.000000,10000000000000000000,10.000000,10000000000000000000,10.000000,0,1
,genesis16vv787yp99xmw77dvwxs2kc3jsguz84h2r32ap,0,0.000000,10000000000000000000,10.000000,10000000000000000000,10.000000,0,1
,genesis1cjruauqgu93un3r4unc4wdetp4uk3f7tm273d6,0,0.000000,10000000000000000000,10.000000,10000000000000000000,10.000000,0,1
,genesis1cr6uhwkasapxnewz0h5ztppj634fqjk8n2xjps,0,0.000000,10000000000000000000,10.000000,10000000000000000000,10.000000,0,1
,genesis1dzpe7gsaj4twwyvac47l004wnesumxcfjmly4l,0,0.000000,10000000000000000000,10.000000,10000000000000000000,10.000000,0,1
,genesis1e3u2ec7mc9u6nxss7mglahcq3m76x3t7ftdxqs,0,0.000000,10000000000000000000,10.000000,10000000000000000000,10.000000,0,1
,genesis1fcamvvfm3s6hvvnvkj8tkteacdyg3xcenng0ak,0,0.000000,10000000000000000000,10.000000,10000000000000000000,10.000000,0,1
,genesis1gt5jvdtkuuqkupek603lj0wad6z7p54akftgw8,0,0.000000,10000000000000000000,10.000000,10000000000000000000,10.000000,0,1
,genesis1gtfd6wp8mqnuf05cfh85rw5zwx0xf8kvfmvmez,0,0.000000,10000000000000000000,10.000000,10000000000000000000,10.000000,0,1
,genesis1gxv7ajptsj0auwdcszuc3tpyylt3xaj78dpw3v,0,0.000000,10000000000000000000,10.000000,10000000000000000000,10.000000,0,1
,genesis1hlxurkgnwr4nrc93krlj92rxfl8hgd2yxylj8u,0,0.000000,10000000000000000000,10.000000,10000000000000000000,10.000000,0,1
,genesis1jvm8gy4lgzcrsagxpyhvvxymz982y3j5dnt3l8,0,0.000000,10000000000000000000,10.000000,10000000000000000000,10.000000,1,2
,genesis1laqnhmxnn73lt8drtqvd4mw0l7lv43ktvny0e2,0,0.000000,10000000000000000000,10.000000,10000000000000000000,10.000000,0,1
,genesis1pnzrzveljgpsxz0vleergy2d65dahh77kxzyxq,0,0.000000,10000000000000000000,10.000000,10000000000000000000,10.000000,0,1
,genesis1wwysd0fws5kg7lq3s50g2js69cdlwmk7uvy6x2,0,0.000000,10000000000000000000,10.000000,10000000000000000000,10.000000,0,1
,genesis1x8wm8temftlwjg6jhskchvgsp6gakmdrghj4ft,0,0.000000,10000000000000000000,10.000000,10000000000000000000,10.000000,0,1
,genesis14wc97l8zn5mkl825pgshqcy8749qaetd9gm604,0,0.000000,9999000032686516366,9.999000,9999000032686516366,9.999000,0,1
,genesis194evedxwtff3lzz3p9vw6qwn6w2kd2p9y8dgtk,0,0.000000,9999000015849931111,9.999000,9999000015849931111,9.999000,0,1
,genesis1jv8d8tyklc8vwuj8mxhyc49ajtrzw36vjenqlw,0,0.000000,9999000015849931111,9.999000,9999000015849931111,9.999000,0,1
,genesis1lmg3ea6syazpch4fzs4lu903uyzy8k9ske95fq,0,0.000000,9999000015849931111,9.999000,9999000015849931111,9.999000,0,1
,genesis1mj4c3whfpphcsw0m2vu6g9r0d6pgv8cfc6ylqt,0,0.000000,9999000015849931111,9.999000,9999000015849931111,9.999000,0,1
,genesis1myapdrzkamqxv7pqx8pscs4pfvem6tdj600jnh,0,0.000000,9999000015849931111,9.999000,9999000015849931111,9.999000,0,1
,genesis1q0y2n4d3td7039mqumkxdynjlm7c3ww5jpafkq,0,0.000000,9999000015849931111,9.999000,9999000015849931111,9.999000,0,1
,genesis1rcuft35qpjzpezpg6ytcrf0nmvk3l96qcy4d9z,0,0.000000,9999000015849931111,9.999000,9999000015849931111,9.999000,0,1
,genesis1stkafgv079z7s959nyp4867mk7aj0mev2enfqq,0,0.000000,9999000015849931111,9.999000,9999000015849931111,9.999000,0,1
,genesis1thfntksw0d35n2tkr0k8v54fr8wxtxwxh30ees,0,0.000000,9999000015687219393,9.999000,9999000015687219393,9.999000,0,1
,genesis1v20zwslfewgjayg7lyu54v83dtxr5h6u8arnaq,0,0.000000,9999000012508078827,9.999000,9999000012508078827,9.999000,0,1
,genesis177gd5wayqxrccrp97g257dd4h73ltxrta52scq,0,0.000000,9999000008242063435,9.999000,9999000008242063435,9.999000,0,1
,genesis1ks920snav2y8fs0jvgzyv7zl3vtkpq0vawp7pj,0,0.000000,9999000008242063435,9.999000,9999000008242063435,9.999000,0,1
,genesis1pex22hhs5axqhwu684dxmhalw9nn56n7sgut2v,0,0.000000,9999000005626897822,9.999000,9999000005626897822,9.999000,0,1
,genesis1qdv9r34uhwr4xm6rgr3r9s08aujfgmwk0mlas0,0,0.000000,9999000005339710566,9.999000,9999000005339710566,9.999000,0,1
,genesis137p2qrs3qw00c28679pwu4a76md48q8zxthgrp,0,0.000000,9999000004747656007,9.999000,9999000004747656007,9.999000,0,1
,genesis18d7jpa5q6we96gluuc767cacxzgq92xqnmausp,0,0.000000,9999000004747656007,9.999000,9999000004747656007,9.999000,0,1
,genesis1lupm9k6w3kxczleu7wkjkjjcknawwyc6glvans,0,0.000000,9999000004747656007,9.999000,9999000004747656007,9.999000,0,1
,genesis1v9w49rtdpkwxeje8xnx9pnf9z9hyr2e0jkqg79,0,0.000000,9999000004747656007,9.999000,9999000004747656007,9.999000,0,1
,genesis1wjac3lj3fulp0p7yaj2mlrdd6wfrqdfsjgul67,0,0.000000,9999000004747656007,9.999000,9999000004747656007,9.999000,0,1
,genesis1xpaxecffmrh44rqc0wcga6g605nne5pnnlml39,0,0.000000,9999000004747656007,9.999000,9999000004747656007,9.999000,0,1
,genesis1ar9sh2jealc7al0s8jtr7nq57lt4dgd3tzngd6,0,0.000000,9999000004711471291,9.999000,9999000004711471291,9.999000,0,1
,genesis1eq9vegrr4uygg9sawawttyrfnjh7t5c798k3x3,0,0.000000,9999000004711471291,9.999000,9999000004711471291,9.999000,0,1
,genesis1gakeuauc2akv9rs0c3ezws3qa46hhuj426z8rl,0,0.000000,9999000004711471291,9.999000,9999000004711471291,9.999000,0,1
,genesis1j657wffpjdghjzwlahvzl47rlq22fjkhj5ncuz,0,0.000000,9999000004711471291,9.999000,9999000004711471291,9.999000,0,1
,genesis1lkszs2qrkuep9nkq8tupg97qmf80ef0pux85d0,0,0.000000,9999000004711471291,9.999000,9999000004711471291,9.999000,0,1
,genesis1p0wuc4qfhlz4tna967z6p64usqpq4uej48kl92,0,0.000000,9999000004711471291,9.999000,9999000004711471291,9.999000,0,1
,genesis1sdgyxr749p44ac8mwf566ha9luhar6zfu4esky,0,0.000000,9999000004711471291,9.999000,9999000004711471291,9.999000,0,1
,genesis1seyua7q4tswljgraf87z3y5670uye02qgxdly2,0,0.000000,9999000004711471291,9.999000,9999000004711471291,9.999000,0,2
,genesis17wkd9fxchmh99mr7smfv03yzhu65kyumr6t46a,0,0.000000,9999000004676027941,9.999000,9999000004676027941,9.999000,0,1
,genesis189ym2ws9u8y6fk77dxe635kw9uyz8fr22adcd5,0,0.000000,9999000004676027941,9.999000,9999000004676027941,9.999000,0,1
,genesis18xd5n3x2e7rwaalggsuyejxdaw9g6hm8jkqn5s,0,0.000000,9999000004676027941,9.999000,9999000004676027941,9.999000,0,1
,genesis1djra20wf7ksn3968e3e0aq2qc39tk0dt7k323v,0,0.000000,9999000004676027941,9.999000,9999000004676027941,9.999000,0,1
,genesis1ks3h4q0qg58ptg22x9nrjj9vmje847fgp5aq2l,0,0.000000,9999000004676027941,9.999000,9999000004676027941,9.999000,0,1
,genesis1lwtp0c732f9cv5rzyv9jyrg3a4vt2mjzzusfvt,0,0.000000,9999000004676027941,9.999000,9999000004676027941,9.999000,0,1
,genesis1qg6pcuxxzm8alt65deq7cpyjrw075ft4e73t93,0,0.000000,9999000004676027941,9.999000,9999000004676027941,9.999000,0,1
,genesis1vk6z2aa4hwf5kkd07248q8sm5xqzddue7ctvru,0,0.000000,9999000004676027941,9.999000,9999000004676027941,9.999000,0,1
,genesis1yw9cgekvd6pdutwj9c2n3vcg29e3uzcsdgkjzu,0,0.000000,9999000004676027941,9.999000,9999000004676027941,9.999000,0,1
,genesis17syffqkf7vzsswhyqul0dq78gkc033h4nsm6tz,0,0.000000,9999000004127160972,9.999000,9999000004127160972,9.999000,0,1
,genesis1er78lqy8s0y9t6l3klezy57xhlp86tthwhqyc8,0,0.000000,9999000004127160972,9.999000,9999000004127160972,9.999000,0,1
,genesis1xxd3a4z94mj6l4z48j9qe3afjdcgg49u33qurx,0,0.000000,9999000004127160972,9.999000,9999000004127160972,9.999000,0,1
,genesis12z762kemv8un7qv33mjk4pg5n67trk5lfsgm0q,0,0.000000,9999000002178928076,9.999000,9999000002178928076,9.999000,0,1
,genesis15ezd9p9ha0fvp5mtuct8rfrttsty4a2e6wrc07,0,0.000000,9999000002178928076,9.999000,9999000002178928076,9.999000,0,1
,genesis17e4luvdafaj9zf3ly7g7aqdtk7hu2ljzsfjwcs,0,0.000000,9999000002178928076,9.999000,9999000002178928076,9.999000,0,1
,genesis1fuskwngzk4s9jq9gg2025kekw994xp9wzgxxrr,0,0.000000,9999000002178928076,9.999000,9999000002178928076,9.999000,0,1
,genesis1lp5dukv7aq7m5hs6nylyct7xzzkr308lpdx42p,0,0.000000,9999000002178928076,9.999000,9999000002178928076,9.999000,0,1
,genesis1pfgc6lu9a4ysk9kd637wcdvuevzslqpwg9q2ut,0,0.000000,9999000002178928076,9.999000,9999000002178928076,9.999000,0,1
,genesis1y0f3unk3zr6w8k33nz0yfnuphdewy7ms0zd76c,0,0.000000,9999000002178928076,9.999000,9999000002178928076,9.999000,0,1
,genesis1zuxz9kn23lwck3szwtnzx6wseuw5rcuhkvwk2r,0,0.000000,9999000002178928076,9.999000,9999000002178928076,9.999000,0,1
,genesis139z623r4ma3y3n42pd0alwh5chu46tqg42ph2f,0,0.000000,9999000000191593088,9.999000,9999000000191593088,9.999000,0,1
,genesis13led2ds8nwr5xfjsv3p52nzrpu2yhvwd03593v,0,0.000000,9999000000191593088,9.999000,9999000000191593088,9.999000,0,1
,genesis13lzly6934ymemk6k3tzvlu3tl7v7gzq3asjp0f,0,0.000000,9999000000191593088,9.999000,9999000000191593088,9.999000,0,1
,genesis1drt995vgr9vz9gdvfpkmefdhkwpxekykue2tlq,0,0.000000,9999000000191593088,9.999000,9999000000191593088,9.999000,0,1
,genesis1n6g25k7tuhpyxgc2ak4tmuxhuw6ewwz3r90y95,0,0.000000,9999000000191593088,9.999000,9999000000191593088,9.999000,0,1
,genesis1pcztf8002y6n4gn6cdf6fsaeuqmqjsjw2x93ur,0,0.000000,9999000000191593088,9.999000,9999000000191593088,9.999000,0,1
,genesis1x79yqj836j0jxsx9s0u4c5t0vwq88jayjr3npd,0,0.000000,9999000000191593088,9.999000,9999000000191593088,9.999000,0,1
,genesis15ctw00325cl8yfzf7qv492z6nakyky9kpja7qn,0,0.000000,9999000000062595647,9.999000,9999000000062595647,9.999000,0,1
,genesis1kdwlvcpxfaqhjh0ynjpjwmqs3f96jxk780zc93,0,0.000000,9999000000000000000,9.999000,9999000000000000000,9.999000,0,1
,genesis198uj3ffetplr9szd774wznk2ssjnjkghhuftmg,0,0.000000,9998500055418338784,9.998500,9998500055418338784,9.998500,0,2
,genesis1ymtsrltulp2ne7q3355xmm9xm96qmf3ed2k07c,0,0.000000,9998500052602226108,9.998500,9998500052602226108,9.998500,0,2
,genesis1mc3jt7ycqk7eqwt2gxxmexh7p0wvmuj2ftu3up,0,0.000000,9998000419968831929,9.998000,9998000419968831929,9.998000,0,2
,genesis1005jmz7uk4pwwc0mefqxmw03ut0elruv3s3cgy,0,0.000000,9998000129779749929,9.998000,9998000129779749929,9.998000,0,1
,genesis1crhlpt2p3ve5z58qj6jdqq677dre32fa27qmk5,0,0.000000,9998000121008872820,9.998000,9998000121008872820,9.998000,0,1
,genesis1zjg9wjq4z7pgzng64qr7cq6zmky8jc6tmr2cl2,0,0.000000,9998000112625302191,9.998000,9998000112625302191,9.998000,0,1
,genesis1yv0tem2wskpanu008v0rjqejc5j37m7pnklkf4,0,0.000000,9998000105425413267,9.998000,9998000105425413267,9.998000,0,1
,genesis168urdlhz0u7epctn88c6x4zzt9pevsdy4zge2l,0,0.000000,9998000102194328957,9.998000,9998000102194328957,9.998000,0,1
,genesis17s30h2yadedtepfg22mptygmrsq45d8vp6u8sw,0,0.000000,9998000102194328957,9.998000,9998000102194328957,9.998000,0,1
,genesis19t9t69st0uu2wqf9za4rtgdqrpc0uxjym5zwxn,0,0.000000,9998000102194328957,9.998000,9998000102194328957,9.998000,0,1
,genesis1d70ee5wlzn5fhw8a74wz4wsy5syujaa5f0l0ec,0,0.000000,9998000102194328957,9.998000,9998000102194328957,9.998000,0,1
,genesis1j6rxwz2qp00vtej2j7du8xmu064tpvpec39j29,0,0.000000,9998000102194328957,9.998000,9998000102194328957,9.998000,0,1
,genesis1laqg55mvdga9l0wwy78v4ug58hgssdyv7qa8x2,0,0.000000,9998000102194328957,9.998000,9998000102194328957,9.998000,0,1
,genesis1ltnc3seldqm7zkhs9x0u3hgcrx9weaq39d0g05,0,0.000000,9998000102194328957,9.998000,9998000102194328957,9.998000,0,1
,genesis1p6906xu66zet86hne5z3m6lrekc29gw8sx35ps,0,0.000000,9998000102194328957,9.998000,9998000102194328957,9.998000,0,1
,genesis1q2z3tj5yq9cx3nc8gc5tqjk7rrsk4h7c9zcd5w,0,0.000000,9998000102194328957,9.998000,9998000102194328957,9.998000,0,1
,genesis1snpfau76wp8nlqrhuxxeuy0thw3y3qn3h4pvag,0,0.000000,9998000102194328957,9.998000,9998000102194328957,9.998000,0,1
,genesis1u9x86dtnqa8nl8wzgwld5e96hn7sfh48uqq2sv,0,0.000000,9998000102194328957,9.998000,9998000102194328957,9.998000,0,1
,genesis1zfngg3euaseg5csr7fml4stz4rn8wwns8aqvhq,0,0.000000,9998000101793994656,9.998000,9998000101793994656,9.998000,0,1
,genesis15swjymjz28ex3jw9jsvujyppsqlrgd2083lwdq,0,0.000000,9998000101391231950,9.998000,9998000101391231950,9.998000,0,1
,genesis17ecu06sjnny263s9ngnpcuu4300wtzlw9dteea,0,0.000000,9998000101391231950,9.998000,9998000101391231950,9.998000,0,1
,genesis1fx6l2snfznk84mzdegh7jwu9kjpr96wxnjkayq,0,0.000000,9998000101391231950,9.998000,9998000101391231950,9.998000,0,1
,genesis10lms2qynv6k0pxjw67slafm74nsx6lllnzaewm,0,0.000000,9998000101372261493,9.998000,9998000101372261493,9.998000,0,1
,genesis1ftqehap6c3h8q7l53cc5yp3fn6umgcxkgctfv9,0,0.000000,9998000101372261493,9.998000,9998000101372261493,9.998000,0,1
,genesis1kfkdrjg5nymhgfv8gkjvemr53c4jp2ghm5h3kv,0,0.000000,9998000101372261493,9.998000,9998000101372261493,9.998000,0,1
,genesis1zmkm6606vsnvtlul8yxgfl99jntdjefrx00p8q,0,0.000000,9998000101372261493,9.998000,9998000101372261493,9.998000,0,1
,genesis1gtaegw4m2n7ww538fn3chnmnda5mqe73g0kuj9,0,0.000000,9998000101242625259,9.998000,9998000101242625259,9.998000,0,2
,genesis107tn5s5nsznzvczjf76qhsq2fwwe6j9zydyeqx,0,0.000000,9998000101053129554,9.998000,9998000101053129554,9.998000,0,1
,genesis14vgp7l8ap53tlp0kg2gk259e9lmyza8eh4c2zx,0,0.000000,9998000101053129554,9.998000,9998000101053129554,9.998000,0,1
,genesis152pyztkleex9phvgauhkpqsszp38ul6x7ht2cy,0,0.000000,9998000101053129554,9.998000,9998000101053129554,9.998000,0,1
,genesis15eh86vruh6574l4ez2uckn7kz2mhv6gess6ph7,0,0.000000,9998000101053129554,9.998000,9998000101053129554,9.998000,0,1
,genesis1c8glepz8mc2yqjd8p973tq4pq3xpj2xa058qxh,0,0.000000,9998000101053129554,9.998000,9998000101053129554,9.998000,0,1
,genesis1dvgrz64c3y7a062wlhm03nqsveyga6nwtv4ern,0,0.000000,9998000101053129554,9.998000,9998000101053129554,9.998000,0,1
,genesis1j24l07l9kjnzucgj20wjwxpq6xdumywv33vtzj,0,0.000000,9998000101053129554,9.998000,9998000101053129554,9.998000,0,1
,genesis1lzytn6enk0ff75ey7mpwl2p542ukx840s08330,0,0.000000,9998000101053129554,9.998000,9998000101053129554,9.998000,0,1
,genesis1n5hlwfna40h4x9yhtv28f8afegzlfzq2xdylmv,0,0.000000,9998000101053129554,9.998000,9998000101053129554,9.998000,0,1
,genesis1rw76mkr59cecdkqr5r4h56xvwuxjtf54epxspp,0,0.000000,9998000101053129554,9.998000,9998000101053129554,9.998000,0,1
,genesis1sz7frgu4gx428af2ky3jkhqjn5snf4lwztk02k,0,0.000000,9998000101053129554,9.998000,9998000101053129554,9.998000,0,1
,genesis1xzuk0jetx950t2s9asgv3nl68kpwssukyj94p7,0,0.000000,9998000101053129554,9.998000,9998000101053129554,9.998000,0,1
,genesis124yvh5q9dk9jeeprc3pvnmtsuea76f2c86jae0,0,0.000000,9998000100691255862,9.998000,9998000100691255862,9.998000,0,1
,genesis12cxrdzxnetxcc30epnygytzzhtarkp2gunrjy3,0,0.000000,9998000100691255862,9.998000,9998000100691255862,9.998000,0,1
,genesis13peurvu2zjpf0sr0w7t78fdt4mm28l46mhz3ps,0,0.000000,9998000100691255862,9.998000,9998000100691255862,9.998000,0,1
,genesis16zvp6ngl8u40a2ea58v40wl8tp7m4nxnqgmuaz,0,0.000000,9998000100691255862,9.998000,9998000100691255862,9.998000,0,1
,genesis18wz2jqtzle8cr8756np6txl9gnwv5q42qcp4qf,0,0.000000,9998000100691255862,9.998000,9998000100691255862,9.998000,0,1
,genesis190z299r6uqkjsvljflr0sandpwe4pju5fuwfg0,0,0.000000,9998000100691255862,9.998000,9998000100691255862,9.998000,0,1
,genesis19jz3c0lufdxutdg4qn9np590dyfc6txvg4v9se,0,0.000000,9998000100691255862,9.998000,9998000100691255862,9.998000,0,1
,genesis19n7n9vtnanucvx6akh0ly3f038nmet0ltxw9xu,0,0.000000,9998000100691255862,9.998000,9998000100691255862,9.998000,0,1
,genesis1a2y430s4qqk5cr2pcgsrtzd9fd5q3g4043szu4,0,0.000000,9998000100691255862,9.998000,9998000100691255862,9.998000,0,1
,genesis1a4cuuxnmkemhvh2hx5mqsjf7kvh0en8e5dvwr8,0,0.000000,9998000100691255862,9.998000,9998000100691255862,9.998000,0,1
,genesis1a72sr2hsv9jqdwh02n84avsrzph7l9ee9gw7ar,0,0.000000,9998000100691255862,9.998000,9998000100691255862,9.998000,0,1
,genesis1cd4we9ajfqxuz3s8ycezh4snhg5fkf3uu5x6rd,0,0.000000,9998000100691255862,9.998000,9998000100691255862,9.998000,0,1
,genesis1d99ja0cd8efgcwy3gmyazyukvx08ge4fx9f599,0,0.000000,9998000100691255862,9.998000,9998000100691255862,9.998000,0,1
,genesis1dl6f46qy2jyszpk66d7qzzxfr4cc6az49905h2,0,0.000000,9998000100691255862,9.998000,9998000100691255862,9.998000,0,1
,genesis1dv5mumyd65ze5fkh9jy8a0jmpu7hyrjq05yzkf,0,0.000000,9998000100691255862,9.998000,9998000100691255862,9.998000,0,1
,genesis1eh4x428myh6z4r58z58cdadaaegx753w5ndh77,0,0.000000,9998000100691255862,9.998000,9998000100691255862,9.998000,0,1
,genesis1fcrsh7rt9exfd3tyt6y2m49x970tya2azrtgsj,0,0.000000,9998000100691255862,9.998000,9998000100691255862,9.998000,0,1
,genesis1ger0r97emr39eh0kz03afgnqj7t38xthdtdltp,0,0.000000,9998000100691255862,9.998000,9998000100691255862,9.998000,0,1
,genesis1h27fm3cz805rrhwmr4l3jmrrxmnazvdhz9rdlt,0,0.000000,9998000100691255862,9.998000,9998000100691255862,9.998000,0,1
,genesis1hjdjjt3lh8hqvh3vhmum20evqwm674ey2phvc9,0,0.000000,9998000100691255862,9.998000,9998000100691255862,9.998000,0,1
,genesis1jtukzplclgywyzukauzgp7sf2duw7zp08gvphc,0,0.000000,9998000100691255862,9.998000,9998000100691255862,9.998000,0,1
,genesis1n4uh8hu8gul0fz5huzzgk2uf7dw0xwkvmkjh2t,0,0.000000,9998000100691255862,9.998000,9998000100691255862,9.998000,0,1
,genesis1ncfl294ffl9wemc3u73shcs2d2rthwxaz0028c,0,0.000000,9998000100691255862,9.998000,9998000100691255862,9.998000,0,1
,genesis1nf75c4qra6envcwp4luetkr3f5c5cygausg7uw,0,0.000000,9998000100691255862,9.998000,9998000100691255862,9.998000,0,1
,genesis1njwu76pke4ll6ehm3uz8k6phgh6hqw0rarjhqq,0,0.000000,9998000100691255862,9.998000,9998000100691255862,9.998000,0,1
,genesis1pptln64s9zllu9rzkfsnjl9zx6x3vnshl62quu,0,0.000000,9998000100691255862,9.998000,9998000100691255862,9.998000,0,1
,genesis1pxu6q2r9txpp2phcqxehqxc50vt8uwxrxc3dhs,0,0.000000,9998000100691255862,9.998000,9998000100691255862,9.998000,0,1
,genesis1pzknn7p9k5w2ryvlxgh886qc8yqpa42upkys27,0,0.000000,9998000100691255862,9.998000,9998000100691255862,9.998000,0,1
,genesis1qsm35fankl4kqpr6l82awaxca83n20ycku76fq,0,0.000000,9998000100691255862,9.998000,9998000100691255862,9.998000,0,1
,genesis1qwk8l7d4cqvx284q3clfmgx389lv36jl2e0tr8,0,0.000000,9998000100691255862,9.998000,9998000100691255862,9.998000,0,1
,genesis1s9tj8efw36uegzuujk2zxuda3deslk23sms6pw,0,0.000000,9998000100691255862,9.998000,9998000100691255862,9.998000,0,1
,genesis1ud2wszhdmc9qtanj6szue489msvuse0uvqfwfg,0,0.000000,9998000100691255862,9.998000,9998000100691255862,9.998000,0,1
,genesis1uvlv54awun4793ytqhw3lly6s4x04jl8c7rtlz,0,0.000000,9998000100691255862,9.998000,9998000100691255862,9.998000,0,1
,genesis1wl8dx9arf5r5yhqdwv8jwpywld4schnuautkfz,0,0.000000,9998000100691255862,9.998000,9998000100691255862,9.998000,0,1
,genesis1x7qy5pl5r5843f5s8tsv9p8mc3h25spsm8gtst,0,0.000000,9998000100691255862,9.998000,9998000100691255862,9.998000,0,1
,genesis1xqw45d3mg2sgxr5utpg53n6dj8ansk300d6tve,0,0.000000,9998000100691255862,9.998000,9998000100691255862,9.998000,0,1
,genesis1zj2er283xluk9v8sp4nlm7y3n7jghzlyva4u7x,0,0.000000,9998000100691255862,9.998000,9998000100691255862,9.998000,0,1
,genesis1k7qut45ff068ax88up55ugrg6z4f0e9aptcwa3,0,0.000000,9998000100626123227,9.998000,9998000100626123227,9.998000,0,2
,genesis108c9xtpsrstq9p5e6luqrf8lzzhrrqrxzca8lf,0,0.000000,9998000100528424276,9.998000,9998000100528424276,9.998000,0,1
,genesis10h9663c0ty5mjrt86ppevnm2r8x47tw4qwzlvj,0,0.000000,9998000100528424276,9.998000,9998000100528424276,9.998000,0,1
,genesis13ajzcxlyeq5z6a4s3vg805gueuhz69km0jk0df,0,0.000000,9998000100528424276,9.998000,9998000100528424276,9.998000,0,1
,genesis140swxfefwh6ffv633wqavl6fazxhx03mu6j85w,0,0.000000,9998000100528424276,9.998000,9998000100528424276,9.998000,0,1
,genesis144hjwws8wnua6z8nd0ej7sf8686s9gtxfkdu5m,0,0.000000,9998000100528424276,9.998000,9998000100528424276,9.998000,0,1
,genesis15sq59ljtmg62ztn72p4dsy27awutnmkm2tulpr,0,0.000000,9998000100528424276,9.998000,9998000100528424276,9.998000,0,1
,genesis16m8qclzfeqkl63dux2lc2sfdnxs43q5r3vkeg8,0,0.000000,9998000100528424276,9.998000,9998000100528424276,9.998000,0,1
,genesis179msu5nqa6afrdafue60x68d0p773xfdve7fpn,0,0.000000,9998000100528424276,9.998000,9998000100528424276,9.998000,0,1
,genesis1aadc3ew28ghvu43vvypw7s52rwatx2u7t5l8pr,0,0.000000,9998000100528424276,9.998000,9998000100528424276,9.998000,0,1
,genesis1ahq84pk7gcggaqzw86q7tvx2795jeaw0d29yey,0,0.000000,9998000100528424276,9.998000,9998000100528424276,9.998000,0,1
,genesis1dvulrm73tcl2dcjv5n5tuc00eckslt7cd8gkgj,0,0.000000,9998000100528424276,9.998000,9998000100528424276,9.998000,0,1
,genesis1e70spud0umljtkvh2qd4dwu77gex8gevulkkr2,0,0.000000,9998000100528424276,9.998000,9998000100528424276,9.998000,0,1
,genesis1e94lgc8uupk7vu6g0sgg60yytfs9mneyme7qaw,0,0.000000,9998000100528424276,9.998000,9998000100528424276,9.998000,0,1
,genesis1fqc2xv645j9xldgnfnhtzcslrw5vm78427360y,0,0.000000,9998000100528424276,9.998000,9998000100528424276,9.998000,0,1
,genesis1fqmypq4k476k0q4wrmny22gw3eg6ymesfj3qc0,0,0.000000,9998000100528424276,9.998000,9998000100528424276,9.998000,0,1
,genesis1j8wpfz4s3sdtfyazmyyuf4r85pt0deeargeh79,0,0.000000,9998000100528424276,9.998000,9998000100528424276,9.998000,0,1
,genesis1js26sj78v3xtjs5tjljktnptkufeej85vvccv5,0,0.000000,9998000100528424276,9.998000,9998000100528424276,9.998000,0,1
,genesis1jw7pfa2gq229sf6x57q5d4y4fas7qvjg6trn8m,0,0.000000,9998000100528424276,9.998000,9998000100528424276,9.998000,0,1
,genesis1mjm4nwaufv2npepwrq6xspar27s0auj0fjxg3s,0,0.000000,9998000100528424276,9.998000,9998000100528424276,9.998000,0,1
,genesis1mvdc057nuluhtscuwmncuxtptw62hu0vt0s9pq,0,0.000000,9998000100528424276,9.998000,9998000100528424276,9.998000,0,1
,genesis1n5d3jqjd9j02nk8v75caftxdnc9y67ptm5vfng,0,0.000000,9998000100528424276,9.998000,9998000100528424276,9.998000,0,1
,genesis1qymla9gh8z2cmrylt008hkre0gry6h92w0utxa,0,0.000000,9998000100528424276,9.998000,9998000100528424276,9.998000,0,1
,genesis1s2a7rckcky6jmhncxwy0xtwf2ymg87putqjycs,0,0.000000,9998000100528424276,9.998000,9998000100528424276,9.998000,0,1
,genesis1t0ndk7lsy58aedx7lkmlny7tdscqcfkzav6d8z,0,0.000000,9998000100528424276,9.998000,9998000100528424276,9.998000,0,1
,genesis1tf0kz76l0gva7efmx5cvr3et7y3yqcp2u7rw78,0,0.000000,9998000100528424276,9.998000,9998000100528424276,9.998000,0,1
,genesis1tmttve3zpp7urxp6yzgtcg9x7hjzu47p7zsw3g,0,0.000000,9998000100528424276,9.998000,9998000100528424276,9.998000,0,1
,genesis1txvtlvhj9xgmyghkrjxp2dgzfj53rd4cz33v7q,0,0.000000,9998000100528424276,9.998000,9998000100528424276,9.998000,0,1
,genesis1vqmcvycmg202clnx8ev9rjgz7hwtw2msrd9yvr,0,0.000000,9998000100528424276,9.998000,9998000100528424276,9.998000,0,1
,genesis1wlxnqqzttv2g7sneqlvwurvrfnzzxrjx52zqn3,0,0.000000,9998000100528424276,9.998000,9998000100528424276,9.998000,0,1
,genesis1wpremt09w5y738lhem0fwvqxhqx3p82msqqfqd,0,0.000000,9998000100528424276,9.998000,9998000100528424276,9.998000,0,1
,genesis1wyyu0n549ph0p6pcj4qchppdrh40rpk9m5ewp4,0,0.000000,9998000100528424276,9.998000,9998000100528424276,9.998000,0,1
,genesis1xekwrutszwsdr3mv3lc3jhjxqc5l6hd5tj5fxz,0,0.000000,9998000100528424276,9.998000,9998000100528424276,9.998000,0,1
,genesis1y8n2dnzva2ksv4ymxg05ty5a29szwxuwvhpesh,0,0.000000,9998000100528424276,9.998000,9998000100528424276,9.998000,0,1
,genesis1ymfug75xsv0ljh5ywkwxtan3l96ylf27shv8a2,0,0.000000,9998000100528424276,9.998000,9998000100528424276,9.998000,0,1
,genesis1zt6pe8jz46288rkm7r3cwf93xunw2zdksejjch,0,0.000000,9998000100528424276,9.998000,9998000100528424276,9.998000,0,1
,genesis19l4kgrhrqw65htnwdfntfvu2ywvudezhy3pmgd,0,0.000000,9997500309266517337,9.997500,9997500309266517337,9.997500,0,2
,genesis1xzu49233fstwwqswlsgjrrykq9dry29nw0fnv7,0,0.000000,9997500202779736466,9.997500,9997500202779736466,9.997500,0,2
,genesis1h4ll6fjtwlu8a3a8u8t5cpn74a6lr38mplwqq7,0,0.000000,9997344098010214949,9.997344,9997344098010214949,9.997344,0,2
,genesis1759xaag44dq0wpcukt5ltejpp34aprvx6ma7wg,0,0.000000,9997200363907712706,9.997200,9997200363907712706,9.997200,0,5
,genesis1m5av4wlf5us83ek54s0xr9ce9gsud8mzxy8fh2,0,0.000000,9997200363907712706,9.997200,9997200363907712706,9.997200,0,5
,genesis1udq2ndqaq8z55zzyttc4haukg6226fwd38lz5q,0,0.000000,9997126750270927054,9.997127,9997126750270927054,9.997127,0,1
,genesis14wukk4xmee9yke4h47svyuapampze46lncwm9r,0,0.000000,9997006283670715362,9.997006,9997006283670715362,9.997006,0,1
,genesis1dpq7rg5nuc6ndepqj8apn386cgfqlr664ezhtc,0,0.000000,9997000780730096835,9.997001,9997000780730096835,9.997001,0,1
,genesis1ndkgwj86py6ylvff4pvtj6tmsrafzzgze4m53n,0,0.000000,9997000780730096835,9.997001,9997000780730096835,9.997001,0,1
,genesis12damfath23dc6j6zpc7y97tjyehr9eqamle9fg,0,0.000000,9997000351287944406,9.997000,9997000351287944406,9.997000,0,2
,genesis12nauz7juw0lk73xeyhtjdsqny60a0aen6qcc4y,0,0.000000,9997000351287944406,9.997000,9997000351287944406,9.997000,0,2
,genesis139c2jy38v3ayva50dhz6un28t8zv3t953kw2hv,0,0.000000,9997000303365143977,9.997000,9997000303365143977,9.997000,0,1
,genesis14986zuawv6ltra4c5mu003uemvsghs2jpkrxs7,0,0.000000,9997000303365143977,9.997000,9997000303365143977,9.997000,0,1
,genesis14ux7ufwa7hjxl30sd7wfv7ka80nx3c7x42mtkn,0,0.000000,9997000303365143977,9.997000,9997000303365143977,9.997000,0,1
,genesis17hkurgp5md78ja0x9hv02fzgrgefvhz8gygnm5,0,0.000000,9997000303365143977,9.997000,9997000303365143977,9.997000,0,1
,genesis18pfx6mar0kd5k870fl447neua02vz2cp6dspyz,0,0.000000,9997000303365143977,9.997000,9997000303365143977,9.997000,0,1
,genesis199rp2jft0cerdevdtsx333rvqshmqdhf2vaqka,0,0.000000,9997000303365143977,9.997000,9997000303365143977,9.997000,0,1
,genesis19nznhs0658wx45rqljdsr4l5jukvs2p7xzcxke,0,0.000000,9997000303365143977,9.997000,9997000303365143977,9.997000,0,1
,genesis1a06dg4mkcwftp0nvwvuww9pc04mxfuuvhxs22y,0,0.000000,9997000303365143977,9.997000,9997000303365143977,9.997000,0,1
,genesis1c9u86smwf5c94hae3lrxk6x8acjky5pf7xre0g,0,0.000000,9997000303365143977,9.997000,9997000303365143977,9.997000,0,1
,genesis1kp8r0rhs4fxzs8p5pvp37gxmautv5nwrpy4nzf,0,0.000000,9997000303365143977,9.997000,9997000303365143977,9.997000,0,1
,genesis1mp45qvs39dwm5af4hvg9y5pxyscsj4esq0ju2g,0,0.000000,9997000303365143977,9.997000,9997000303365143977,9.997000,0,1
,genesis1pr0dnyr2clsec6m64djkk6tfyp26vxvlh970vh,0,0.000000,9997000303365143977,9.997000,9997000303365143977,9.997000,0,1
,genesis1remxeunduu0rs2e6f74jshl4u98q0scerr9f3j,0,0.000000,9997000303365143977,9.997000,9997000303365143977,9.997000,0,1
,genesis1s4lw6pcrgtx4szrmvqpfw2xlvvltx3dc3pavkv,0,0.000000,9997000303365143977,9.997000,9997000303365143977,9.997000,0,1
,genesis1yhwefhmxapfc92d0s4emxhq03fd070l40spdtd,0,0.000000,9997000303365143977,9.997000,9997000303365143977,9.997000,0,1
,genesis1lxjq7nd9waasquv478lvza9kpt6eyje0myvlpx,0,0.000000,9997000302627397820,9.997000,9997000302627397820,9.997000,0,1
,genesis1srlawmpf3wf7sa3tf4r26747587dl9er79e9t4,0,0.000000,9997000302125429119,9.997000,9997000302125429119,9.997000,0,2
,genesis1lykkafyn9yrvyc8ctrk67qtfpk8fumjffmhygn,0,0.000000,9997000301901107780,9.997000,9997000301901107780,9.997000,0,1
,genesis19dylgdkf4gqnmv95yxw024gldsg4aahy3uc9lf,0,0.000000,9996800653129867933,9.996801,9996800653129867933,9.996801,1,4
,genesis12f07rz4j9gtp88pw4eyr0f67gm6eywas8hhcjt,0,0.000000,9996700474201171796,9.996700,9996700474201171796,9.996700,0,4
,genesis1xyewnr08y3qj54tf5dsqd90e40xfcd6arkflyr,0,0.000000,9996600483316867391,9.996600,9996600483316867391,9.996600,0,4
,genesis1af09ma56aancxvtupyphk08cxud8sqzhzt55xz,0,0.000000,9996500555310371050,9.996501,9996500555310371050,9.996501,0,2
,genesis1f2th83q74yv4wyl2kdckayfqt3g42qddj6f35e,0,0.000000,9996500555310371050,9.996501,9996500555310371050,9.996501,0,2
,genesis1n4wjmrv7ghyjahyxys035y32xrhrepvv7k83y9,0,0.000000,9996500555310371050,9.996501,9996500555310371050,9.996501,0,2
,genesis1fppww0ec4ac4tcvg6rwu6c6645zt7qsn8vx6w7,0,0.000000,9996500524170202195,9.996501,9996500524170202195,9.996501,0,4
,genesis1k0u7l860hxkfd4cy3mqxut0npvuupt7pcx6we0,0,0.000000,9996000609846519764,9.996001,9996000609846519764,9.996001,0,1
,genesis1w9vguhuwn2pa5q74zjx5xgpndkq8efksuvwmfn,0,0.000000,9996000608953915056,9.996001,9996000608953915056,9.996001,0,2
,genesis1gtwvqr8r26gqw22yq5s6e662f4cxxxx0x0ntfx,0,0.000000,9996000601884632952,9.996001,9996000601884632952,9.996001,0,1
,genesis1075jj4x5qjsyz5zd7kj8kmzkev6xgc8ahw7pk5,0,0.000000,9996000601884632951,9.996001,9996000601884632951,9.996001,0,1
,genesis10d3thvhar0h67cqxh89xj5dr3h7s8rua0gkvwr,0,0.000000,9996000601884632951,9.996001,9996000601884632951,9.996001,0,1
,genesis10rszwswyvnhe3ejhhj368t6avflle83ur0w8h6,0,0.000000,9996000601884632951,9.996001,9996000601884632951,9.996001,0,1
,genesis10wvkgyx609g850vqssw6upz4epx67lj3eh845m,0,0.000000,9996000601884632951,9.996001,9996000601884632951,9.996001,0,1
,genesis122t0m65mgnxddar5qlx8fuh7hrg7eakg3mzls8,0,0.000000,9996000601884632951,9.996001,9996000601884632951,9.996001,0,1
,genesis127yusg0086xkzagduxtlfy5lvep6h2h742s6r5,0,0.000000,9996000601884632951,9.996001,9996000601884632951,9.996001,0,1
,genesis134c3cg4m9mhak7d4q936etvmm6w8wsp2j37run,0,0.000000,9996000601884632951,9.996001,9996000601884632951,9.996001,0,1
,genesis13q7zpu2lz2pnkmz4zl4xukr0ljsnqgwmqzaymk,0,0.000000,9996000601884632951,9.996001,9996000601884632951,9.996001,0,1
,genesis13rlgla7zysgk7fuy9yxk68wr7v8huwctzxhe03,0,0.000000,9996000601884632951,9.996001,9996000601884632951,9.996001,0,1
,genesis1442humm2dyhj3r45dw734aswhlwmvr4qupm7sd,0,0.000000,9996000601884632951,9.996001,9996000601884632951,9.996001,0,1
,genesis14nrcses6dnxunsmpfqu7wm2fv5928p2j7st8a8,0,0.000000,9996000601884632951,9.996001,9996000601884632951,9.996001,0,1
,genesis15pdycya5fgxfmymfdrfdnsd874sh8w008vykcu,0,0.000000,9996000601884632951,9.996001,9996000601884632951,9.996001,0,1
,genesis163k6x2mhyrr3vqkg8jcppvafcjzq7hvn64lp0n,0,0.000000,9996000601884632951,9.996001,9996000601884632951,9.996001,0,1
,genesis16dcr2aq9s33vkjat6c4qmsaq2ray5ejhmvt05r,0,0.000000,9996000601884632951,9.996001,9996000601884632951,9.996001,0,1
,genesis16eq95077zjtgys9hde8e4eksegv3nafnptnw3l,0,0.000000,9996000601884632951,9.996001,9996000601884632951,9.996001,0,1
,genesis16gsg4hl8sfsw0rd7ln6awpxg6kk82cjm05nfst,0,0.000000,9996000601884632951,9.996001,9996000601884632951,9.996001,0,1
,genesis177q38gxg8rw6sx27f23jnvhxrt80053xrhfzlu,0,0.000000,9996000601884632951,9.996001,9996000601884632951,9.996001,0,1
,genesis177y7vfljf6xyt35gcndqmt8ch4ux2pckcnrms9,0,0.000000,9996000601884632951,9.996001,9996000601884632951,9.996001,0,1
,genesis17pj0np2upag9rn5s67g78gpw70grwvj2sta3du,0,0.000000,9996000601884632951,9.996001,9996000601884632951,9.996001,0,1
,genesis17pyejdekpextj5juqhl5s07exwyzj7xh39lxn4,0,0.000000,9996000601884632951,9.996001,9996000601884632951,9.996001,0,1
,genesis17xfpkp90waa9e3743gye6e0kemxr720em6j2hj,0,0.000000,9996000601884632951,9.996001,9996000601884632951,9.996001,0,1
,genesis182xlpqjrrcw9nxd8g2chzzwygx3zuk8m7g5duk,0,0.000000,9996000601884632951,9.996001,9996000601884632951,9.996001,0,1
,genesis186v84f0zx0x6pdfp33uchvxr2fae6j3dfp9kr3,0,0.000000,9996000601884632951,9.996001,9996000601884632951,9.996001,0,1
,genesis18888m4mej8tfwedl4t4evcen5ap5f3d36amec7,0,0.000000,9996000601884632951,9.996001,9996000601884632951,9.996001,0,1
,genesis18xvpqw6smfd0xsatazy34qvkrykdzngwq49ssr,0,0.000000,9996000601884632951,9.996001,9996000601884632951,9.996001,0,1
,genesis1942wfa3fwvela6gt80dzx4qykkl2ck636fpkfp,0,0.000000,9996000601884632951,9.996001,9996000601884632951,9.996001,0,1
,genesis19q266p5ndrjhzxsg97z3lajykez5ux8je5v2f2,0,0.000000,9996000601884632951,9.996001,9996000601884632951,9.996001,0,1
,genesis19tx7m8n8ucemvkgvfjyqy49ry8ylhksf2zf68g,0,0.000000,9996000601884632951,9.996001,9996000601884632951,9.996001,0,1
,genesis1a52z7hv44drvfupr3c6zpdclp70cy3clvcm97l,0,0.000000,9996000601884632951,9.996001,9996000601884632951,9.996001,0,1
,genesis1af3zykm8gayzl8d0vlymahnwgat85yg6hkhkye,0,0.000000,9996000601884632951,9.996001,9996000601884632951,9.996001,0,1
,genesis1atf27tsjuv9xtzxd2884auf4ac37sfsdz7p67z,0,0.000000,9996000601884632951,9.996001,9996000601884632951,9.996001,0,1
,genesis1atgs9dmu5muxspc5c56nlu9aw2pp49gyt0vels,0,0.000000,9996000601884632951,9.996001,9996000601884632951,9.996001,0,1
,genesis1c497zfps8ljk0jhjhnj27d0kw7mne0uazcqa9k,0,0.000000,9996000601884632951,9.996001,9996000601884632951,9.996001,0,1
,genesis1c4pre9da93dhaw8r5teen56hfzdqrs0868lzgv,0,0.000000,9996000601884632951,9.996001,9996000601884632951,9.996001,0,1
,genesis1c7fs8ucwm9fjmmn4xsd52kquzf2l3qwwpm3zd9,0,0.000000,9996000601884632951,9.996001,9996000601884632951,9.996001,0,1
,genesis1ckfz5zv4fpcn5mceqdwjl5fnk4pu6qez72zpes,0,0.000000,9996000601884632951,9.996001,9996000601884632951,9.996001,0,1
,genesis1d3yz6q0n97v8sj2zeu0e2nag46axtskp222ftr,0,0.000000,9996000601884632951,9.996001,9996000601884632951,9.996001,0,1
,genesis1dknsavfjax9zsj5pcsjq4fvv6xy4zzj97kd5q9,0,0.000000,9996000601884632951,9.996001,9996000601884632951,9.996001,0,1
,genesis1dmspaq9jeejc9nqmchhzgewgadrljc3seyfkyh,0,0.000000,9996000601884632951,9.996001,9996000601884632951,9.996001,0,1
,genesis1dpda0ww27nncvfm9td7alql7l3p6tjmwz7w7nq,0,0.000000,9996000601884632951,9.996001,9996000601884632951,9.996001,0,1
,genesis1elum5zhnmw4uez0xzyze3qkvlm6wwv05hgdmw0,0,0.000000,9996000601884632951,9.996001,9996000601884632951,9.996001,0,1
,genesis1f5gzx05d0ytw4jsnhnq22gwv55zvfh080qe2sf,0,0.000000,9996000601884632951,9.996001,9996000601884632951,9.996001,0,1
,genesis1f6lfrehfsrtj2zz4tyg2n85z49wydle2afflmh,0,0.000000,9996000601884632951,9.996001,9996000601884632951,9.996001,0,1
,genesis1fj0vy83vf4pd9qqmpnlwd90vzj9y0lusu8x6vs,0,0.000000,9996000601884632951,9.996001,9996000601884632951,9.996001,0,1
,genesis1g0el0vktfxsm9tczq9cg5g3ea49j4a0ta926r7,0,0.000000,9996000601884632951,9.996001,9996000601884632951,9.996001,0,1
,genesis1gjh6atlq7xypygs7ga32r75kjpey09m9974vqs,0,0.000000,9996000601884632951,9.996001,9996000601884632951,9.996001,0,1
,genesis1guagvmgph2kvtvakqk8d96x05x2aung9ramqyn,0,0.000000,9996000601884632951,9.996001,9996000601884632951,9.996001,0,1
,genesis1haa2p9zsnklupq80a449ex0d5y0xqa397wdrrn,0,0.000000,9996000601884632951,9.996001,9996000601884632951,9.996001,0,1
,genesis1heg99p56utx0azekyctl20rk87tc9jt742lzev,0,0.000000,9996000601884632951,9.996001,9996000601884632951,9.996001,0,1
,genesis1hgc7ee90s4dnfghy9ng83ax0f0h6ly9juptz3r,0,0.000000,9996000601884632951,9.996001,9996000601884632951,9.996001,0,1
,genesis1hla5tu29kt2scewqhwvhsmwxq8mdvpkq7eqg8g,0,0.000000,9996000601884632951,9.996001,9996000601884632951,9.996001,0,1
,genesis1hrfmg59v2r5rqg009lzjf2kzw3weygyhlx7pfw,0,0.000000,9996000601884632951,9.996001,9996000601884632951,9.996001,0,1
,genesis1k3vrxedjju3xpq8tzjkyry08j8nup8msrcwwjf,0,0.000000,9996000601884632951,9.996001,9996000601884632951,9.996001,0,1
,genesis1lghg3pv0cksx4u6sr7hdeaed86pp44tefech8s,0,0.000000,9996000601884632951,9.996001,9996000601884632951,9.996001,0,1
,genesis1mgttzgne40kuv2rgv82klthkq55fnjvgav738r,0,0.000000,9996000601884632951,9.996001,9996000601884632951,9.996001,0,1
,genesis1mqucr2yr6tg760vt99p55hazh2s555khgjn0za,0,0.000000,9996000601884632951,9.996001,9996000601884632951,9.996001,0,1
,genesis1n6r4ax8czyhxssvwtty8kwdzr4q6jkjn9khec4,0,0.000000,9996000601884632951,9.996001,9996000601884632951,9.996001,0,1
,genesis1n6su34xp5k77pgafu9z9nurwknw0nlh3tj8jrf,0,0.000000,9996000601884632951,9.996001,9996000601884632951,9.996001,0,1
,genesis1nqfau0tvl3mcd6n98qu7rapn883srlvjmlvvnl,0,0.000000,9996000601884632951,9.996001,9996000601884632951,9.996001,0,1
,genesis1p702gnhy57a4yp9c6kajqdq03eq7ndavle0n2l,0,0.000000,9996000601884632951,9.996001,9996000601884632951,9.996001,0,1
,genesis1pcceyzn84t74uqrtag4pja5qulrnxqvxq3f4zu,0,0.000000,9996000601884632951,9.996001,9996000601884632951,9.996001,0,1
,genesis1plfr9497qwq5c4gw7awq5vvsrpfpx72ylm7p6x,0,0.000000,9996000601884632951,9.996001,9996000601884632951,9.996001,0,1
,genesis1pumcg7jzk9rftgglv5l2pp9eylvksjz05evvp8,0,0.000000,9996000601884632951,9.996001,9996000601884632951,9.996001,0,1
,genesis1q2ap99lqn83tufqmjrhc5fuah2q88vycmp2xfa,0,0.000000,9996000601884632951,9.996001,9996000601884632951,9.996001,0,1
,genesis1qf88wceklrk5ktkpkafrukjza2a4p7zq8hrfxt,0,0.000000,9996000601884632951,9.996001,9996000601884632951,9.996001,0,1
,genesis1qgz2q9tlw3m6e4hkx0h86lxu0qym0mgn7gqj2a,0,0.000000,9996000601884632951,9.996001,9996000601884632951,9.996001,0,1
,genesis1qhfyneyttcvuzln6ay9d2u65guqkp3pgdjkcva,0,0.000000,9996000601884632951,9.996001,9996000601884632951,9.996001,0,1
,genesis1qpmlcdjun6ya06e8snj4anfeczldkpdpnquvxg,0,0.000000,9996000601884632951,9.996001,9996000601884632951,9.996001,0,1
,genesis1qrztzrxghkts320k9z44ml4lzedhzd7z9mux9u,0,0.000000,9996000601884632951,9.996001,9996000601884632951,9.996001,0,1
,genesis1qtwu4evuxj0nz2a4039aw6cvzc6xx0gu9nxh0n,0,0.000000,9996000601884632951,9.996001,9996000601884632951,9.996001,0,1
,genesis1qyt55k85cegzr9c6z4j8pkuptaygda9h4984dy,0,0.000000,9996000601884632951,9.996001,9996000601884632951,9.996001,0,1
,genesis1r0q6h2w5qutd4gehpl0uwu7762jsw6zunypdhn,0,0.000000,9996000601884632951,9.996001,9996000601884632951,9.996001,0,1
,genesis1rdlpechjan78c5l28t8h4ug04mymvrt2a9kp5g,0,0.000000,9996000601884632951,9.996001,9996000601884632951,9.996001,0,1
,genesis1s04phxun3gw4j9hef8fvjlte8ncr9scnwjr2we,0,0.000000,9996000601884632951,9.996001,9996000601884632951,9.996001,0,1
,genesis1s6w0f8rwnpfrdvep5j9uwea34urzc3vcpdksls,0,0.000000,9996000601884632951,9.996001,9996000601884632951,9.996001,0,1
,genesis1sex2jfjpvvq640pdw6cgqalx0pkf7dc8xq8clh,0,0.000000,9996000601884632951,9.996001,9996000601884632951,9.996001,0,1
,genesis1sq2uz0a4jxyz93vsl9fep0s6svtedwazjupz8g,0,0.000000,9996000601884632951,9.996001,9996000601884632951,9.996001,0,1
,genesis1stkphkjzmhlv6m2tdu9f64d4rvkzvqmz20w53r,0,0.000000,9996000601884632951,9.996001,9996000601884632951,9.996001,0,1
,genesis1sz887fzxhagfpzk3ztrs4ltw9cnml4ta64ks6s,0,0.000000,9996000601884632951,9.996001,9996000601884632951,9.996001,0,1
,genesis1t6f896n5cd5d605ye6d9fzuvgj5r836v2rmnsp,0,0.000000,9996000601884632951,9.996001,9996000601884632951,9.996001,0,1
,genesis1t7td2rs5l84w4ajcy0k530xg6mh5le2eye5nnn,0,0.000000,9996000601884632951,9.996001,9996000601884632951,9.996001,0,1
,genesis1taeue9h65cn5ch35y4v2rrwenm2f7wdf0jjuj7,0,0.000000,9996000601884632951,9.996001,9996000601884632951,9.996001,0,1
,genesis1tgxkx42z5as50z4r09dp45635f0y9xqg5twh69,0,0.000000,9996000601884632951,9.996001,9996000601884632951,9.996001,0,1
,genesis1thywjptj0u503c2dscq6h8d25a7ha26qdgct27,0,0.000000,9996000601884632951,9.996001,9996000601884632951,9.996001,0,1
,genesis1tkpfyt90f80htp90f888f0auu4j6szkyjzqp06,0,0.000000,9996000601884632951,9.996001,9996000601884632951,9.996001,0,1
,genesis1vjmc7sjhjx2crn8gq8tpnjp9xfzmj77g6whgjj,0,0.000000,9996000601884632951,9.996001,9996000601884632951,9.996001,0,1
,genesis1vwqnwkq3te9e0cdrck50sgafx7z3ayrlxuknym,0,0.000000,9996000601884632951,9.996001,9996000601884632951,9.996001,0,1
,genesis1vx04r7mgd6ch3esvy05xzqnqc0rfvqwk6kq4d4,0,0.000000,9996000601884632951,9.996001,9996000601884632951,9.996001,0,1
,genesis1wgmqjq4vtlp6hfmn64vkw587fkl4yt5d6pgem5,0,0.000000,9996000601884632951,9.996001,9996000601884632951,9.996001,0,1
,genesis1wq5zdapdwlnnn02ep87m0mk8gg40242wnfets2,0,0.000000,9996000601884632951,9.996001,9996000601884632951,9.996001,0,1
,genesis1y7q8nl6ncfw4rp9qfjtuceqsvejymsz74hz4pp,0,0.000000,9996000601884632951,9.996001,9996000601884632951,9.996001,0,1
,genesis1y8men6lptm9yh8aux73yr3yke0w3jmcwfmfh08,0,0.000000,9996000601884632951,9.996001,9996000601884632951,9.996001,0,1
,genesis1yee7xhg7hd070trtxxaerakp4v7v6df8r867fy,0,0.000000,9996000601884632951,9.996001,9996000601884632951,9.996001,0,1
,genesis1yx5r3eeycyw9sys29580qpjf8un6k3hj8wnet8,0,0.000000,9996000601884632951,9.996001,9996000601884632951,9.996001,0,1
,genesis1z25uywjrzeuvw0rmnhxney4fdcql8d4w70lq0n,0,0.000000,9996000601884632951,9.996001,9996000601884632951,9.996001,0,1
,genesis1z405fjpe26trpjtgvk5k4erh29wp7llaxy4xdd,0,0.000000,9996000601884632951,9.996001,9996000601884632951,9.996001,0,1
,genesis1z52zc9y2czf7jtffsyvt9taamy0329s8fxuxly,0,0.000000,9996000601884632951,9.996001,9996000601884632951,9.996001,0,1
,genesis1zms8ca540ghjfu22e3fe8c33m7dcwg9enhce7k,0,0.000000,9996000601884632951,9.996001,9996000601884632951,9.996001,0,1
,genesis1zr9q69c2f4hdgq77yy96g596539ryk9lmwu2tu,0,0.000000,9996000601884632951,9.996001,9996000601884632951,9.996001,0,1
,genesis1zsd2rgunygtcv3d8ck3rrfyvt90q0ged9zu885,0,0.000000,9996000601884632951,9.996001,9996000601884632951,9.996001,0,1
,genesis1v8z2gpg5dg93qkrfflf36d48k5xfhj75lunhvh,0,0.000000,9995900705749799969,9.995901,9995900705749799969,9.995901,0,3
,genesis1lnsuc3cplygr9s8rkpmx5pjdp88lcklvsvp0tc,0,0.000000,9995500805988475387,9.995501,9995500805988475387,9.995501,0,2
,genesis1sgtff8w7l84dhkc6jqmcjkgjuqy6jyd26nadhw,0,0.000000,9995500805988475387,9.995501,9995500805988475387,9.995501,0,2
,genesis1tutxjjsqq2q326p5kkhhcxsk3qv4qhpnvekmxj,0,0.000000,9995500805988475387,9.995501,9995500805988475387,9.995501,0,2
,genesis14u0kxaaqk8w3z6a8kgjr2x0svl2xaam88rhfxq,0,0.000000,9995001010092317825,9.995001,9995001010092317825,9.995001,0,1
,genesis159uvuemhfzulsz32nys60mw9cw0dkqm6f3f4yp,0,0.000000,9995001010092317825,9.995001,9995001010092317825,9.995001,0,1
,genesis16a8w8l3sve6recv7rxyux2mmqwd6k4vl93gwp7,0,0.000000,9995001010092317825,9.995001,9995001010092317825,9.995001,0,1
,genesis17h6aflsyu8vvtusqgg5maksgnpsmnapnwwtcwn,0,0.000000,9995001010092317825,9.995001,9995001010092317825,9.995001,0,1
,genesis18sd4snmsnat0r8ufez407gdvm0qqhv2vqvntyl,0,0.000000,9995001010092317825,9.995001,9995001010092317825,9.995001,0,1
,genesis1awlntjfrmlq07kwr5ukwfvez46gagts9du0zsh,0,0.000000,9995001010092317825,9.995001,9995001010092317825,9.995001,0,1
,genesis1chedgc3ey8dvw7u4mprau3ty72s7eyqkfps5p9,0,0.000000,9995001010092317825,9.995001,9995001010092317825,9.995001,0,1
,genesis1ctgp3saksavq29uxcat6gspqx8lxsdm4y50z25,0,0.000000,9995001010092317825,9.995001,9995001010092317825,9.995001,0,1
,genesis1u3faulnpdk8vdh4sj0y7ut2k85wqyq5yqhmadq,0,0.000000,9995001010092317825,9.995001,9995001010092317825,9.995001,0,1
,genesis1vtj087g2fcshszgz88ln5ncmmy45n4fthpt3za,0,0.000000,9995001010092317825,9.995001,9995001010092317825,9.995001,0,1
,genesis1wd9s5sftqz287jfs9vae6xehacudxla4xmcwfu,0,0.000000,9995001010092317825,9.995001,9995001010092317825,9.995001,0,1
,genesis1z088k9sz7vwf3fs3xxwttj3ymnvsdwnlxsk42v,0,0.000000,9995001010092317825,9.995001,9995001010092317825,9.995001,0,1
,genesis1zrlvpw5sp58trjwvyxrsnez9nhsdwxpfljhqzp,0,0.000000,9995001010092317825,9.995001,9995001010092317825,9.995001,0,1
,genesis14pcd29hqlxjq29hqmeu99xfpxf70hj8wwc3kzy,0,0.000000,9995001004168327544,9.995001,9995001004168327544,9.995001,1,2
,genesis18mzplx6pxgs2xa00fygxvmhhuqwsnq3env0nuh,0,0.000000,9993003957091753038,9.993004,9993003957091753038,9.993004,0,2
,genesis1neawwhn97nlnpft80gtk7m6feh745rhyttly9u,0,0.000000,9992002860521810605,9.992003,9992002860521810605,9.992003,0,1
,genesis1pvzssder5a5md4wdhjyzdhtxmcrpvp9crxgwvf,0,0.000000,9987510100110858538,9.987510,9987510100110858538,9.987510,0,2
,genesis1g8c5qkdzec4ehlfdleer7yw660k2yc2wfdvxxw,0,0.000000,9987011100473128575,9.987011,9987011100473128575,9.987011,0,2
,genesis1auxnmr5eqpx69ajre5xwzdnaudgjlttt6h2t42,0,0.000000,9980019190129399252,9.980019,9980019190129399252,9.980019,0,1
,genesis1vxgns06wkt23yg43zedv4as32sr3kjjmys9qpq,0,0.000000,9980019190129399252,9.980019,9980019190129399252,9.980019,0,1
,genesis1ycxk6ap7njef8jkh6htpj9gsg3tamchd6u5gc5,0,0.000000,9980019190129399252,9.980019,9980019190129399252,9.980019,0,1
,genesis1yqth74nsx8pgmhccssqrwe7luvjmz8wq4e9smh,0,0.000000,9980019190129399252,9.980019,9980019190129399252,9.980019,0,1
,genesis1z7ffw98g4jfnanvjt85h9tqagdn38w9ftlxt4c,0,0.000000,9798040098517855791,9.798040,9798040098517855791,9.798040,0,1
,genesis1ens4enhwa70f26t4mpavs4uecr4zxcnhx2pcmm,0,0.000000,9797020413632915237,9.797020,9797020413632915237,9.797020,0,4
,genesis1rf5tezu2x62g9dusalluzj85vwdv0xrhsnnkc0,0,0.000000,9796080589846940292,9.796081,9796080589846940292,9.796081,0,1
,genesis1xkcwxr29vm5faxeemle6q6q9hl5unt07z2khrk,0,0.000000,9598572832073422840,9.598573,9598572832073422840,9.598573,0,1
,genesis19h49wedtlx7nrjqdfkae0qal5s3uwpyfrz86gw,0,0.000000,9500004721807960598,9.500005,9500004721807960598,9.500005,0,1
,genesis1qhxaax4zlgxrve649fmkuk2t79pzrx8qx9rc8x,0,0.000000,9500004721807960598,9.500005,9500004721807960598,9.500005,0,1
,genesis1qkxycrejnwcl305mur0uhjg885gqpw3xc3r2t7,0,0.000000,9498100095656693069,9.498100,9498100095656693069,9.498100,0,1
,genesis1eju2zugh9mj6v5cp6he5amm75l2xpya5u5gm4s,0,0.000000,9495700823342953458,9.495701,9495700823342953458,9.495701,0,2
,genesis1cl075xyavl775h508txvn36k8y89ydm5eclkv2,0,0.000000,9000000000000000000,9.000000,9000000000000000000,9.000000,0,1
,genesis1j6frpjqy0qg9dvm8n8vd5tgnrftpqfp9tamana,0,0.000000,9000000000000000000,9.000000,9000000000000000000,9.000000,0,1
,genesis1qksy9vf9p7d76qh9tmhjvenv8qu8dyr2a36pal,0,0.000000,8998600056685600375,8.998600,8998600056685600375,8.998600,0,2
,genesis1g3gtsac0s4u322sdmp8m6a3zwca9as3p2ax7e7,0,0.000000,8998200090622130276,8.998200,8998200090622130276,8.998200,0,1
,genesis1tdfglypcxq3jk2hr90vjfh6rngk2xp2gwgdngs,0,0.000000,8998200090622130276,8.998200,8998200090622130276,8.998200,0,1
,genesis13jksghqjuxvf4fsze87yteyt4smhghse3c4zs7,0,0.000000,8998200090475581849,8.998200,8998200090475581849,8.998200,0,1
,genesis19q33s8xd2ew8hs4wdl4sxdl74f6tqcx4u300gp,0,0.000000,8998200090475581849,8.998200,8998200090475581849,8.998200,0,1
,genesis1d5ev0lyzj4fru5rgjqsp4p093mu0p9f6trm25u,0,0.000000,8998200090475581849,8.998200,8998200090475581849,8.998200,0,1
,genesis1m544chyuv2r4nsm09fgm4f4yv60nvmndwekuak,0,0.000000,8997300273028629579,8.997300,8997300273028629579,8.997300,0,1
,genesis1xt9pmsczktz7qww3udxhez50n9x2ekt0llxrl0,0,0.000000,8997000484995893614,8.997000,8997000484995893614,8.997000,0,3
,genesis1myqya29m9xucyscefzchjz2uyjqewx205hx5gw,0,0.000000,8996400541696169656,8.996401,8996400541696169656,8.996401,0,1
,genesis1m24jws62m2847hj6d2fhnpzl0han9rytfzl4sh,0,0.000000,8996300614039137408,8.996301,8996300614039137408,8.996301,0,3
,genesis17t9pd70cacm6fjgkynxvxz7ldslguuf3rgmxml,0,0.000000,8995500909083086043,8.995501,8995500909083086043,8.995501,0,1
,genesis1car27mmyddvg53avudzzppseelh39h2txk5uys,0,0.000000,8994602673004168608,8.994603,8994602673004168608,8.994603,0,4
,genesis1tg4qz9vfzqfh3ug3zkfftsu6q4s9zk4cv4lnrv,0,0.000000,8982017271116459327,8.982017,8982017271116459327,8.982017,0,1
,genesis1ev0vtddkl7jlwfawlk06yzncapw2x9qu60jgsf,0,0.000000,8981113019842135139,8.981113,8981113019842135139,8.981113,0,3
,genesis1efrxvgnw36eyray9tsmswwkfvpesx4dafggrdt,0,0.000000,8910000000000000000,8.910000,8910000000000000000,8.910000,0,1
,genesis1cfrun8s9zv0dzsmgah27vkd57sd05v4tfrx52v,0,0.000000,8896750463977038964,8.896750,8896750463977038964,8.896750,0,3
,genesis1qtk9vgdz6t20vzcrsawnvvx7lqgtpz899q68yh,0,0.000000,8805626828599610200,8.805627,8805626828599610200,8.805627,0,1
,genesis1gflx3uzlw3ppnvcfzq7jqpl7sc59ucxfdpclfp,0,0.000000,8167542343310051176,8.167542,8167542343310051176,8.167542,0,1
,genesis1z024vgu2v80dv0gg64aawnz8kynh3apuk5hrqr,0,0.000000,8131392133153622205,8.131392,8131392133153622205,8.131392,0,1
,genesis1zv7wa64wjj7cta7alwfd6gnvwj82u2k9mz0ret,0,0.000000,8061213208058434642,8.061213,8061213208058434642,8.061213,0,1
,genesis1hwvj0a8hmtlq8593qthsu0r748y4kek2r3xntn,0,0.000000,7999200003769177033,7.999200,7999200003769177033,7.999200,0,1
,genesis16hu6p80u4vxuwdtecglxchk3xa6jex6f43lmd7,0,0.000000,7999200000153274470,7.999200,7999200000153274470,7.999200,0,1
,genesis1vx3cwjc2650dygudffc96j3x0w3ct5sxwt4xkq,0,0.000000,7998800042748142758,7.998800,7998800042748142758,7.998800,0,2
,genesis1f20ldd6ulwlmmqzhux3l687p479wf9z6t0p4c2,0,0.000000,7998000181059728408,7.998000,7998000181059728408,7.998000,0,4
,genesis1y0avy9vnrgflmydzpe3y0ndl8fz8djzlk990se,0,0.000000,7997600343468846915,7.997600,7997600343468846915,7.997600,0,4
,genesis1darl40pexjgle4pamaqdk5yp9v4h0nlsxxf5m5,0,0.000000,7997000453394108394,7.997000,7997000453394108394,7.997000,0,4
,genesis1zrfjkxfvf7v7dk4fl09hzztl8mdp6r9vd6ufn7,0,0.000000,7996800481507706360,7.996800,7996800481507706360,7.996800,0,1
,genesis1lqnjzqg2sl25wy4kch0vwh9k8w9l3rpr8jhv8a,0,0.000000,7994204420155948838,7.994204,7994204420155948838,7.994204,0,4
,genesis12rvnx326hwh28kvz59duf6rf39tn4vly92eh75,0,0.000000,7994204398960417925,7.994204,7994204398960417925,7.994204,0,4
,genesis1mepqhpxwjvca6apkr4tsw7c4nh225wmu3ud4sm,0,0.000000,7992003736862249671,7.992004,7992003736862249671,7.992004,0,1
,genesis1c36py3de66vmdx6ss98rxwzzpw43m3f8rhywnq,0,0.000000,7596960457432321042,7.596960,7596960457432321042,7.596960,0,1
,genesis1jys29nftc0dca67lwaj93pwjhncntgd957r6f2,0,0.000000,7055496542985674830,7.055497,7055496542985674830,7.055497,0,4
,genesis1r86yk9mn5nv5zk4lnm47z8hm96vev0ylw2y78n,0,0.000000,6998600111956263852,6.998600,6998600111956263852,6.998600,0,5
,genesis1ds5hwgfe04pzj6xy4auq6fdqycs69360h8lqyt,0,0.000000,6998600070934801032,6.998600,6998600070934801032,6.998600,0,2
,genesis1vut6ppgkyzknycj8mlmr7ej3rlcy6shve9vfl8,0,0.000000,6998600070483879103,6.998600,6998600070483879103,6.998600,0,1
,genesis123vsh2jwl93026yuwgt4tdt9gcjsxucdvtawyk,0,0.000000,6997900212355600784,6.997900,6997900212355600784,6.997900,0,1
,genesis1rgf4dznny6fx60yjwmq27xxs42vl34ylz8l7tg,0,0.000000,6903809627038679048,6.903810,6903809627038679048,6.903810,1,3
,genesis1enz0knm7yl8932946n26pvnenxcr9w3u6h574q,0,0.000000,6848887303982521708,6.848887,6848887303982521708,6.848887,0,1
,genesis15hycee5ppgttjt96kju83jc9hm00qh5wkzg8z8,0,0.000000,6655843019130475256,6.655843,6655843019130475256,6.655843,0,1
,genesis1zyfgmmctnhllyhydmtry8epagdk4328av9pv6m,0,0.000000,6453854294866828299,6.453854,6453854294866828299,6.453854,0,1
,genesis18lxka45l78ljrceejj336kqc4j0r4ken4zc4fs,0,0.000000,6453766659546752549,6.453767,6453766659546752549,6.453767,0,1
,genesis1w0w9rhf6fjd3rd3lsu9t02nteg5uxksjz2m0fp,0,0.000000,5999400002848593604,5.999400,5999400002848593604,5.999400,0,1
,genesis17nk38xr9085wyfana4kqyfmvvjr4fmp80usw7n,0,0.000000,5999397832626137009,5.999398,5999397832626137009,5.999398,0,1
,genesis1525rzw56c8rv9lty06m36f4fxjkxg7yxfrhmr7,0,0.000000,5998800072605323692,5.998800,5998800072605323692,5.998800,0,1
,genesis12utwps9zawwuerkkwrsywd2maef9w577knekhh,0,0.000000,5998800060414753517,5.998800,5998800060414753517,5.998800,0,1
,genesis15x54xqkdkm494syjg2cff4mnhyn5h0nre4k03u,0,0.000000,5998800060414753517,5.998800,5998800060414753517,5.998800,0,1
,genesis184ns0f5eqrss5t0vysk8ez6gxdfua0ekxq6ax0,0,0.000000,5998800060414753517,5.998800,5998800060414753517,5.998800,0,1
,genesis18gcjmx5s7wacn07y906tjhpr6u54tqheleww00,0,0.000000,5998800060414753517,5.998800,5998800060414753517,5.998800,0,1
,genesis1en2krnflv27v4t5td32zp2wevsf98y20fkm2ny,0,0.000000,5998800060414753517,5.998800,5998800060414753517,5.998800,0,1
,genesis1eyfl5rcwe8qepfa4lupjafsmd8wnsdfrq3t5py,0,0.000000,5998800060414753517,5.998800,5998800060414753517,5.998800,0,1
,genesis1f0zelt4x8t9yx9wjfeqgy02t30ck792qwwpwkp,0,0.000000,5998800060414753517,5.998800,5998800060414753517,5.998800,0,1
,genesis1ka9r5y9alc7pyf4jeu5ftx5uta5ac5ca6z4k6m,0,0.000000,5998800060414753517,5.998800,5998800060414753517,5.998800,0,1
,genesis1mcnejp276nzcsg3wmv393c6l7zrttgjdqacxm8,0,0.000000,5998800060414753517,5.998800,5998800060414753517,5.998800,0,1
,genesis1zmawmqmd8pkvm5f2433efkfraq5rpm8y09r5mv,0,0.000000,5998800060414753517,5.998800,5998800060414753517,5.998800,0,1
,genesis1vq8w8c757w5x08ptudvzd8vmd06xsuhm0fnaq9,0,0.000000,5998800060317054566,5.998800,5998800060317054566,5.998800,0,1
,genesis18yz7n9tycuwunrqnw06zalm4f3xgekpddhzv93,0,0.000000,5998500121501251411,5.998500,5998500121501251411,5.998500,0,3
,genesis1rcrvhn08wkzwwg3zpflcqvtym5s3ganevsxycj,0,0.000000,5998203770202429217,5.998204,5998203770202429217,5.998204,0,1
,genesis17shdxaetsm9aak5j8le77dtrlxy356k0k3jw2g,0,0.000000,5998200182019086386,5.998200,5998200182019086386,5.998200,0,1
,genesis1mu9p58yytfc0nzr7s5r9jcrjedtk3rrz7k8mvh,0,0.000000,5998200182019086386,5.998200,5998200182019086386,5.998200,0,1
,genesis1tteageasxpu3ltv993hzyk24t0zeea4jm0lv7u,0,0.000000,5998200182019086386,5.998200,5998200182019086386,5.998200,0,1
,genesis1yt02q9j5gtghql3sjv74j480e8hxukzf6axm0u,0,0.000000,5997800342533641327,5.997800,5997800342533641327,5.997800,0,3
,genesis18ufwenfk744c400p44nqrlfgs793yqaurveauy,0,0.000000,5997600361130779770,5.997600,5997600361130779770,5.997600,0,1
,genesis1k2dnffudwvslz64jgk04tlvxdk9nqk2n4z0axe,0,0.000000,5997000606055390695,5.997001,5997000606055390695,5.997001,0,1
,genesis17nkqlefug0hqaczdk47a6xxj6cud6wq24fafn4,0,0.000000,5942456750153336162,5.942457,5942456750153336162,5.942457,0,1
,genesis1t6y45x5dw4sxjmvuln2fzp40jcz88nkk0uhglx,0,0.000000,5908348013502198059,5.908348,5908348013502198059,5.908348,0,3
,genesis1pgjsu5996dk9gr8wy4z357k5lq4x7wer4uemh2,0,0.000000,5758830556164834386,5.758831,5758830556164834386,5.758831,0,1
,genesis1veslz70v6cz2x52dhwjlj6rjhwv7v0nzsgurhs,0,0.000000,5498900055754743821,5.498900,5498900055754743821,5.498900,0,1
,genesis1elh4p9x86j4v0vyysyhd6e2mhpqz6jp4l48yxe,0,0.000000,5448910055073955607,5.448910,5448910055073955607,5.448910,0,1
,genesis1ru9346jkcy762neudmnvuswpnl8jmktetllypr,0,0.000000,5397840325017701793,5.397840,5397840325017701793,5.397840,0,1
,genesis1ynq7mv7an353ug66h8tcgvj75ax582rs639se7,0,0.000000,5397840325017701793,5.397840,5397840325017701793,5.397840,0,1
,genesis1kz22980et2kqkhek3gxywgqdpmgz5xvyk5tp3h,0,0.000000,5000000000000000000,5.000000,5000000000000000000,5.000000,0,1
,genesis1kltk47lkgmecza59y50sa5x5j7kzd0gzcjvll7,0,0.000000,4999500007127948121,4.999500,4999500007127948121,4.999500,0,1
,genesis1zkd8f7pj8vht9nqg3tptpchynnvy0jkd052akh,0,0.000000,4999500003492461706,4.999500,4999500003492461706,4.999500,0,1
,genesis1r3vdmrjpd29zfh58k5n9p7ccl9x6a5wmj53gpc,0,0.000000,4999500002373828003,4.999500,4999500002373828003,4.999500,0,1
,genesis1urrv8qq4v6wz07eu37p4trn2hxh7hku9q7ddua,0,0.000000,4999500002063580486,4.999500,4999500002063580486,4.999500,0,1
,genesis1u7s7ypgxnt69e63a48dznn48zw5xns6r32ew90,0,0.000000,4999000051097164478,4.999000,4999000051097164478,4.999000,0,1
,genesis1p8ztsllf94jsyqh7jemcsu4rll5hl6qvu20asl,0,0.000000,4999000050686130746,4.999000,4999000050686130746,4.999000,0,1
,genesis1w503a6r7v9gahdhsgj8ujltmpewh2e72shv8yd,0,0.000000,4999000050686130746,4.999000,4999000050686130746,4.999000,0,1
,genesis1rva9awy4z6hv2w2w9dpya9nv6hdmutudan2wcm,0,0.000000,4999000050526564777,4.999000,4999000050526564777,4.999000,0,1
,genesis1269smxzcazn0x6qgttmqrsgww6ke9tn2w83p3r,0,0.000000,4999000050345627931,4.999000,4999000050345627931,4.999000,0,1
,genesis14a9t79dy6a9ukk3ujus50lpuxmvm2zp7ggal47,0,0.000000,4999000050345627931,4.999000,4999000050345627931,4.999000,0,1
,genesis19s9870729lngap2kzls3dcyeu7a4m2tcwk62gs,0,0.000000,4999000050345627931,4.999000,4999000050345627931,4.999000,0,1
,genesis1j9ak3tzlxfscw8falr2phrw3yxugxqj8eep4p0,0,0.000000,4999000050345627931,4.999000,4999000050345627931,4.999000,0,1
,genesis1jdmnvrj4xnstxtk3wlkk748lh0czpjtp44s28e,0,0.000000,4999000050345627931,4.999000,4999000050345627931,4.999000,0,1
,genesis1jwurtdrewf3juewuzynsugakmry7799rc6wtmk,0,0.000000,4999000050345627931,4.999000,4999000050345627931,4.999000,0,1
,genesis1lczwcpz7rw3yt0kpac7l7vdgktd0wrv36g9aru,0,0.000000,4999000050345627931,4.999000,4999000050345627931,4.999000,0,1
,genesis1ntfqsfpda8ruyh30hg6qfg46pf0kct4vv8sx4x,0,0.000000,4999000050345627931,4.999000,4999000050345627931,4.999000,0,1
,genesis1qdrzqp4607kek5aspx4q35n4wlscuwrcwvy48j,0,0.000000,4999000050345627931,4.999000,4999000050345627931,4.999000,0,1
,genesis1sdke00lftyyaru8kjmwzxxfkgcrae05wgtpsna,0,0.000000,4999000050345627931,4.999000,4999000050345627931,4.999000,0,1
,genesis17x50z4t8zsze5amk0m98tg26cscuvzt3964tm7,0,0.000000,4999000050264212138,4.999000,4999000050264212138,4.999000,0,1
,genesis1928edtzxcy9qk6hg7w4d9deqx8ghgcz4cw4asl,0,0.000000,4999000050264212138,4.999000,4999000050264212138,4.999000,1,2
,genesis1fpflnzvt207znktmyywgwqs2p3axtvdgpn0u9j,0,0.000000,4999000050264212138,4.999000,4999000050264212138,4.999000,0,1
,genesis1ldyua0ptna33dtd9ysnh7wmtqft77ge4snnjlh,0,0.000000,4998900091834975387,4.998900,4998900091834975387,4.998900,0,2
,genesis1k72sa9026gc0eskwrz3kz22tdxvswuzsxkcyn3,0,0.000000,4998503141835357681,4.998503,4998503141835357681,4.998503,0,1
,genesis13jymtdcdezckwr2wa3n22zleallw4ev7pwyvn2,0,0.000000,4998500151682571988,4.998500,4998500151682571988,4.998500,0,1
,genesis14sc9ak5whqnd06sk3sgryxcep788ryfwl9rd83,0,0.000000,4998500151682571988,4.998500,4998500151682571988,4.998500,0,1
,genesis175r2059t4m4ylvk8jsd35ufvy5w8aucqd32h3w,0,0.000000,4998500151682571988,4.998500,4998500151682571988,4.998500,0,1
,genesis18t82cjty40kmlyvp7hmz26rh45jdw53f8jez63,0,0.000000,4998500151682571988,4.998500,4998500151682571988,4.998500,0,1
,genesis19psw4t2fz2c3d8ljtazn9njfpv5zc9643zecgc,0,0.000000,4998500151682571988,4.998500,4998500151682571988,4.998500,0,1
,genesis1a3p32fmv7hsfwhdz5r36h8e43mw47zl56fap7y,0,0.000000,4998500151682571988,4.998500,4998500151682571988,4.998500,0,1
,genesis1cq3ymx674utn32x842pgyy333gwekrk2shdwpc,0,0.000000,4998500151682571988,4.998500,4998500151682571988,4.998500,0,1
,genesis1dhkdc9gzkyartuumwmfkvztm2k38rnhsatmycc,0,0.000000,4998500151682571988,4.998500,4998500151682571988,4.998500,0,1
,genesis1emxjs9x5zl4m5rzx72wy2pc0g4y856am64sc2v,0,0.000000,4998500151682571988,4.998500,4998500151682571988,4.998500,0,1
,genesis1fed2lxev3lr0lj4n8l8ghmtv7ls7ykxj5ya9j8,0,0.000000,4998500151682571988,4.998500,4998500151682571988,4.998500,0,1
,genesis1h4k0nq9dssyd0a40exh57yk59dhkf43rqqysjw,0,0.000000,4998500151682571988,4.998500,4998500151682571988,4.998500,0,1
,genesis1hvmlu2ehw7uu7655arjw7sfled4c8gew07vhqe,0,0.000000,4998500151682571988,4.998500,4998500151682571988,4.998500,0,1
,genesis1jg2v4y8s32kln5g3933c6edxlu40glcm4930al,0,0.000000,4998500151682571988,4.998500,4998500151682571988,4.998500,0,1
,genesis1l4jdkvnqehlyu5p8m2dw5jhfrnns3r92rp99fx,0,0.000000,4998500151682571988,4.998500,4998500151682571988,4.998500,0,1
,genesis1rpzjv9epcv86kptnlden8y5h9nlalxjn67g3kk,0,0.000000,4998500151682571988,4.998500,4998500151682571988,4.998500,0,1
,genesis1vz6c3tdeasawry8kmlnzl0v09669wfha0l0tvz,0,0.000000,4998500151682571988,4.998500,4998500151682571988,4.998500,0,1
,genesis1xct3v28muf5czjzl8u8ac0hvhua9eeaeghhlgt,0,0.000000,4998500151682571988,4.998500,4998500151682571988,4.998500,0,1
,genesis1z648aq63zuk9kktz9exq0c6qkt9csdhd54xu7v,0,0.000000,4998500151682571988,4.998500,4998500151682571988,4.998500,0,1
,genesis18n33ywygvrrzqspewsh7f5c4dkp00le0dqp03q,0,0.000000,4998000300942316475,4.998000,4998000300942316475,4.998000,0,1
,genesis1n4a7szqm4gu0xegntwy245fjq8tlfh4vt53yk7,0,0.000000,4998000300942316475,4.998000,4998000300942316475,4.998000,0,1
,genesis1s9l6lgx5ufulhu9ctnfuadut9eg35qywqhuk0j,0,0.000000,4998000300942316475,4.998000,4998000300942316475,4.998000,0,1
,genesis1zttl5ud0klt90zlcp6kxwczncz7tvhl9vtjkr2,0,0.000000,4998000300942316475,4.998000,4998000300942316475,4.998000,0,1
,genesis1r4wu4xps7m9fv0vmkhuhsl32475955l29zecrs,0,0.000000,4997800382583853450,4.997800,4997800382583853450,4.997800,0,2
,genesis1e882tpmyxq5ak2g0e5u46prfkaj60x562cjt4t,0,0.000000,4997500505046158912,4.997501,4997500505046158912,4.997501,0,1
,genesis1g6a8mqm5sc3q827vw9nte25txqu6uykj2e0jee,0,0.000000,4997500505046158912,4.997501,4997500505046158912,4.997501,0,1
,genesis1t7g6hn44uwve88ly62mnp2npvxx87jvlc7kpjt,0,0.000000,4997500505046158912,4.997501,4997500505046158912,4.997501,0,1
,genesis1lguvvncmxka8d4lk4qxz8ssufljxqstc33zwx3,0,0.000000,4997202160439453369,4.997202,4997202160439453369,4.997202,0,5
,genesis1yw97y5jma4azfyhky62t56nn2jfp2anau8fk8f,0,0.000000,4969505171289060141,4.969505,4969505171289060141,4.969505,0,1
,genesis1v4gq9z4hsf5ma6kfs3mvu3jlyrwz3t84c82l47,0,0.000000,4865895119999999999,4.865895,4865895119999999999,4.865895,1,2
,genesis1llw6ztupxqxrxnd9vc7dv45qkj56wucrcgj4a0,0,0.000000,3998800121346057590,3.998800,3998800121346057590,3.998800,0,1
,genesis13lzv4qg9j88qathszca70a2tv9uhqhh7f62gtx,0,0.000000,3998400240753853180,3.998400,3998400240753853180,3.998400,0,1
,genesis1neqdtlet9sa2zw3s20nl7pzvpa5kc8jcu0akrm,0,0.000000,3998400240753853180,3.998400,3998400240753853180,3.998400,0,1
,genesis1s70uzpud0jk0r6dxu3ylmntk5w7gmdf3fdg3kr,0,0.000000,3998200322395390155,3.998200,3998200322395390155,3.998200,0,2
,genesis1zcsqxfvqeuj8du4as28g2pzj28pgn57chw2zqg,0,0.000000,3998200322395390155,3.998200,3998200322395390155,3.998200,0,2
,genesis1lc8k75hqvyytwycf8ncpgpheg77yzrldspjc90,0,0.000000,3997002219747597773,3.997002,3997002219747597773,3.997002,0,4
,genesis1t04gj7prg8ucz3ljmqgmqcleru9w04al6k7v50,0,0.000000,3988921400543910541,3.988921,3988921400543910541,3.988921,0,1
,genesis1d3uyfm5uevgychdmen2cskrvga6yurllq4v05p,0,0.000000,2999700001402808382,2.999700,2999700001402808382,2.999700,0,1
,genesis15dzjhr8vta754fl2xhfysw5hjke6u0qh5lqay6,0,0.000000,2999500022566445806,2.999500,2999500022566445806,2.999500,0,3
,genesis1eeysw2a74sxhszk5gk8qw49u93tcllnc5uday5,0,0.000000,2999300101944437370,2.999300,2999300101944437370,2.999300,0,2
,genesis1tazr9z38g4l2nje38n5palqsy0fdrw6phmymjz,0,0.000000,2999000161665297871,2.999000,2999000161665297871,2.999000,0,3
,genesis1xfavuqhmgmll9vuug4zne33cqkm3fhxx0ymlhy,0,0.000000,2998600240994374935,2.998600,2998600240994374935,2.998600,0,1
,genesis1ax62wt454gwj3a3vzlk8xx2x03gn9w0sazgaes,0,0.000000,2897142234160044005,2.897142,2897142234160044005,2.897142,0,3
,genesis1jwj48nk3t9lt3r82c74297p6sg5l5y66y2xvtd,0,0.000000,2199230099577475717,2.199230,2199230099577475717,2.199230,0,2
,genesis1uqfn5hpxhv2xzu53srqce0hl8sw278g6z2vuk6,0,0.000000,2175155798875691825,2.175156,2175155798875691825,2.175156,0,3
,genesis1rpm6mpq053q5ufdp66rqy84xgjauayk4nlnswh,0,0.000000,1999600020288558481,1.999600,1999600020288558481,1.999600,0,2
,genesis12wkgg6kgwcat42682ch2r4fkc5s5y8y6z9825g,0,0.000000,1999600020138251172,1.999600,1999600020138251172,1.999600,0,1
,genesis1g8cs37sx6fjaax2hxzedvf4aj3qgwxcyl4xtsl,0,0.000000,1999500040405639983,1.999500,1999500040405639983,1.999500,0,2
,genesis1ef47d8deja54jlrsje2urxu9j8pk47mpl3lpsk,0,0.000000,1999400060673028795,1.999400,1999400060673028795,1.999400,0,1
,genesis1hs2ctgglh8te7at3h6knahu2qesedxhqmdfl8n,0,0.000000,1999400060673028795,1.999400,1999400060673028795,1.999400,0,1
,genesis106uy97jw9andj6ydwzte8x5jazxys4dkuzq4z8,0,0.000000,1999100161197695077,1.999100,1999100161197695077,1.999100,0,2
,genesis1j765xtwpqs8amnnjms2x3vc0h6f5cmwyhr570y,0,0.000000,1999100161197695077,1.999100,1999100161197695077,1.999100,0,2
,genesis1qsgjgyxtavwm9na4p55fhek6uk5awmaptgdtqj,0,0.000000,1999100161197695077,1.999100,1999100161197695077,1.999100,0,2
,genesis1r7sp8qf07jtj437tcz47jpthlqw3ffthf725qr,0,0.000000,1967147256759948134,1.967147,1967147256759948134,1.967147,0,1
,genesis1nas9xydhufh8vdqyy0h6l0j79m785zmurgry0u,0,0.000000,1822693045922741652,1.822693,1822693045922741652,1.822693,0,1
,genesis1a48m2e70t3dwlhptdh549zzmu7q9f2vyt72qgg,0,0.000000,1699490051572074476,1.699490,1699490051572074476,1.699490,0,1
,genesis1nvfs6cvlelpp6rgguh8r3n6z5ha7yvxthx8q26,0,0.000000,1604643788337279734,1.604644,1604643788337279734,1.604644,0,1
,genesis1ys9hrg70tpaa4w6j2q6c2ldufuythff67n54vs,0,0.000000,1599840000348628492,1.599840,1599840000348628492,1.599840,0,1
,genesis14jr8yx5fgyutzthjvlkwlrms5zrq744ms8l327,0,0.000000,1499850000326839211,1.499850,1499850000326839211,1.499850,0,1
,genesis10ukka4p7crcm9aqre8r25dx5v77k2rq3yyp94g,0,0.000000,1499550045504771596,1.499550,1499550045504771596,1.499550,0,1
,genesis1fqdgkqccw7nkr7yhwsaqwurf7hcmp0f58mct5e,0,0.000000,1499550045504771596,1.499550,1499550045504771596,1.499550,0,1
,genesis1gc8yu7njjz3e67az4ecm0d7w5rkw9xlv0slgrn,0,0.000000,1499550045504771596,1.499550,1499550045504771596,1.499550,0,1
,genesis1j5lfzvfcdc0leh8e94xw92q5244kvkxtchy89h,0,0.000000,1399860000305049930,1.399860,1399860000305049930,1.399860,0,1
,genesis1q3dpka799kz96mnm56jygcqvqex8zd22pr6tsm,0,0.000000,1216974371667679271,1.216974,1216974371667679271,1.216974,0,1
,genesis19g4478jj95v9xln85j684gc6ek7khcgn2e97re,0,0.000000,1020000000000000001,1.020000,1020000000000000001,1.020000,0,1
,genesis1sg4lmdf0zq90ws2vsu4gnmsmlugxjantxz5qlu,0,0.000000,1009798010321627224,1.009798,1009798010321627224,1.009798,0,1
,genesis1090krn3lsel8sw0pg37nddcfnuuwsrsdgv9wv6,0,0.000000,1009596060790347928,1.009596,1009596060790347928,1.009596,0,1
,genesis158z2u8gxu234p5x8ggr6aguxqpdc0u30qsqv8g,0,0.000000,1009596060790347928,1.009596,1009596060790347928,1.009596,0,1
,genesis1gr82ay5209gzwjqjv7vuhlu5jtd2r396jgklyw,0,0.000000,1009596060790347928,1.009596,1009596060790347928,1.009596,0,1
,genesis1lv0aqxa6wal4xgwne6lp0nk6c2pfp76dp4375g,0,0.000000,1009596060790347928,1.009596,1009596060790347928,1.009596,0,1
,genesis1mvwuq2wtaf2tzjkkfjled6emancs7dch6n0jxk,0,0.000000,1009596060790347928,1.009596,1009596060790347928,1.009596,0,1
,genesis1pctq5zefx5k3ml2mftyuslpdf2kynkgkpehd7m,0,0.000000,1009596060790347928,1.009596,1009596060790347928,1.009596,0,1
,genesis1rm8zylz8gew00lsjhk8zw4zdnxv0jmpqumc9wr,0,0.000000,1009596060790347928,1.009596,1009596060790347928,1.009596,0,1
,genesis1sudvcwc8wwkw87cpj5gfh8ausfra4nmdfjd06v,0,0.000000,1009596060790347928,1.009596,1009596060790347928,1.009596,0,1
,genesis1vp37pjchqeguxq2wktrt4p2xyacepf24m74djh,0,0.000000,1009596060790347928,1.009596,1009596060790347928,1.009596,0,1
,genesis1eh3e6dawhv9p08lw77dvwwswqpmm65z4vnrxh9,0,0.000000,1009495102019324100,1.009495,1009495102019324100,1.009495,0,1
,genesis1322arrjrekzf88utfxxj9jfsaenfsju3yfw50y,0,0.000000,1008958364394773123,1.008958,1008958364394773123,1.008958,0,2
,genesis1jmh8t8cmnd69zj05qd54texrfwsuclmxf2x2n7,0,0.000000,999900001664840172,0.999900,999900001664840172,0.999900,0,1
,genesis1h6q4vwhqw08fejale48truuntu22qqqlfyjfyf,0,0.000000,999900001479180534,0.999900,999900001479180534,0.999900,0,1
,genesis1huxjuyruu8kd93pknvzzyapqrkm3n240z6jrgl,0,0.000000,999900000533971056,0.999900,999900000533971056,0.999900,0,1
,genesis1egg6pydyfjces65lh604c2lhuxvkv0py2dn57j,0,0.000000,999900000467602794,0.999900,999900000467602794,0.999900,0,1
,genesis1gzuun40ssnf56qnwn4wazpgp4n0k6c2jdg88yn,0,0.000000,999900000207558980,0.999900,999900000207558980,0.999900,0,1
,genesis1g88vjxtwksq7dyfvjuv8mgdfvfhdf6qdw7r7r4,0,0.000000,999900000000000000,0.999900,999900000000000000,0.999900,0,1
,genesis18ch2tskkcm2ejkt9mp2z29624dzq3700dzhnnq,0,0.000000,999800010179399465,0.999800,999800010179399465,0.999800,0,1
,genesis1qda8sv0rnmngqlfvfmrnvjxjeydewhc6e9shz9,0,0.000000,999800010069125586,0.999800,999800010069125586,0.999800,0,1
,genesis12da8d97de5ncw5dlgrgz4z8yja35qjxhfn2vaw,0,0.000000,999700030336514397,0.999700,999700030336514397,0.999700,0,1
,genesis12rc9d6f3csyx6y3aulac6746ph73hctm2near8,0,0.000000,999700030336514397,0.999700,999700030336514397,0.999700,0,1
,genesis14eh8a3xvt7tp30z7uavuwm7ss9mrq7f00fl24h,0,0.000000,999700030336514397,0.999700,999700030336514397,0.999700,0,1
,genesis1575t6lwc4surrwgvprfe0cdgxxz978fg4z6aqe,0,0.000000,999700030336514397,0.999700,999700030336514397,0.999700,0,1
,genesis15ae2gxe7unpeth7r23u5zzleeewcgrtl6tqtzz,0,0.000000,999700030336514397,0.999700,999700030336514397,0.999700,0,1
,genesis18k2ys5xjd76up4chgmzv4jju6furrh3eljrnzv,0,0.000000,999700030336514397,0.999700,999700030336514397,0.999700,0,1
,genesis18smgsfadpg320pclyn5l6h2n8fx0w0t7atmswe,0,0.000000,999700030336514397,0.999700,999700030336514397,0.999700,0,1
,genesis194xnm245w52znj7vtk3epzu2u5lafzvl5vvel8,0,0.000000,999700030336514397,0.999700,999700030336514397,0.999700,0,1
,genesis1amtjk40sm49hwp78pevcq50e4dw3avfvf9xszj,0,0.000000,999700030336514397,0.999700,999700030336514397,0.999700,0,1
,genesis1dl9c8y8cg00wwdplfq0dhf9f62q703rff3n8w6,0,0.000000,999700030336514397,0.999700,999700030336514397,0.999700,0,1
,genesis1dtszs235wzk64jnnuccq4uas8nj0prlm2ynvgp,0,0.000000,999700030336514397,0.999700,999700030336514397,0.999700,0,1
,genesis1ehxj4ehllmn9ck9uknaakrkz76fsxwzugzxd52,0,0.000000,999700030336514397,0.999700,999700030336514397,0.999700,0,1
,genesis1ffrym4emnfch7dt338dvnylc783h2lhrparcaq,0,0.000000,999700030336514397,0.999700,999700030336514397,0.999700,0,1
,genesis1ghxyayq428xql3ljh93eh9r7rdcff3ln7rzw3t,0,0.000000,999700030336514397,0.999700,999700030336514397,0.999700,0,1
,genesis1gvdnjz73hdx5jyudkudfu8tcngjx7upwaha4kj,0,0.000000,999700030336514397,0.999700,999700030336514397,0.999700,0,1
,genesis1gvw0u84t6h2e2s6xuqr3kwghh8gxqp6flxg96j,0,0.000000,999700030336514397,0.999700,999700030336514397,0.999700,0,1
,genesis1l7jzme42lz6mgd92l7exljhv2w3umwt6p299dq,0,0.000000,999700030336514397,0.999700,999700030336514397,0.999700,0,1
,genesis1l9l3yrcu4syc2yu2735dp5tm0vlk07ek0qjgd2,0,0.000000,999700030336514397,0.999700,999700030336514397,0.999700,0,1
,genesis1mhvf7m8dcdne7gtx8ucydd9t84gkrc6whvv4gj,0,0.000000,999700030336514397,0.999700,999700030336514397,0.999700,0,1
,genesis1p3t9k3qc8ghdat28ey6cvvpxvlcq02geue8x4l,0,0.000000,999700030336514397,0.999700,999700030336514397,0.999700,0,1
,genesis1pcw0stfwql8elntvursj80y4snj0jt9d6djj7c,0,0.000000,999700030336514397,0.999700,999700030336514397,0.999700,0,1
,genesis1qse3jhkz3yrq5dg77cdltcclu8tqew3c04w984,0,0.000000,999700030336514397,0.999700,999700030336514397,0.999700,0,1
,genesis1qun60f8c3770c43z9a57xyf6pmqx0tkkzyaap4,0,0.000000,999700030336514397,0.999700,999700030336514397,0.999700,0,1
,genesis1rt0mun97l0whrd66f6t78qw386h3l0tgr4pglf,0,0.000000,999700030336514397,0.999700,999700030336514397,0.999700,0,1
,genesis1sc5r7hstvnyv3jkrukmklvvn69rakd9ahl2cgd,0,0.000000,999700030336514397,0.999700,999700030336514397,0.999700,0,1
,genesis1thadzqdd7frcqn3d22nut2f4ylsvaee42vtlvr,0,0.000000,999700030336514397,0.999700,999700030336514397,0.999700,0,1
,genesis1thpk9pnm3uwer085u7pak3du2syheg4y9hq8mg,0,0.000000,999700030336514397,0.999700,999700030336514397,0.999700,0,1
,genesis1w0u87kvw95gh336njztpcvc5jz49djzkgmv508,0,0.000000,999700030336514397,0.999700,999700030336514397,0.999700,0,1
,genesis1wglvq8vdphk2d6ffcd9jfsx5ll305fdw2tkjaq,0,0.000000,999700030336514397,0.999700,999700030336514397,0.999700,0,1
,genesis1wmlfk0v6fxe2mfl9jaj2y0pgjj77smrcp8nrak,0,0.000000,999700030336514397,0.999700,999700030336514397,0.999700,0,1
,genesis1xs3x50mlz32zyenlxcvmcqjtu9wlkpehz2ujnf,0,0.000000,999700030336514397,0.999700,999700030336514397,0.999700,0,1
,genesis1ygkxhl355eg2v0p5hc5x6x58ycs5le5vtkvrxl,0,0.000000,999700030336514397,0.999700,999700030336514397,0.999700,0,1
,genesis162uqd7ftahyq7qmpp0mzluvsrym9tumqdzc76z,0,0.000000,999600060188463295,0.999600,999600060188463295,0.999600,0,1
,genesis16vp0q3g54kqh6v5p0y78gd9ff80w6k6jydc3f9,0,0.000000,999600060188463295,0.999600,999600060188463295,0.999600,0,1
,genesis17g2qm0atankjxhjdwzks3s9e3p42dxy433q8pq,0,0.000000,999600060188463295,0.999600,999600060188463295,0.999600,0,1
,genesis1c4ue6lc6jw780y8s9yfjl6jn0jtlqa5nwefpn7,0,0.000000,999600060188463295,0.999600,999600060188463295,0.999600,0,1
,genesis1js75p87v2qayn79thn4j23pfypy02z73d4zyca,0,0.000000,999600060188463295,0.999600,999600060188463295,0.999600,0,1
,genesis1m5atd6fm6zh3rtekjrtetve2c5es6f9ewmdm7m,0,0.000000,999600060188463295,0.999600,999600060188463295,0.999600,0,1
,genesis1mgzngsdawglrvf3x6jntkzzwu05a8s73jpdqq7,0,0.000000,999600060188463295,0.999600,999600060188463295,0.999600,0,1
,genesis1sh49mjlp9ws4nppsskkmvt6u6vzpm6sphddepl,0,0.000000,995363917606244361,0.995364,995363917606244361,0.995364,0,3
,genesis1de58e3hzv0f2qrltsclrfq90298mhudafzyzly,0,0.000000,990000000000000000,0.990000,990000000000000000,0.990000,0,1
,genesis1vvydmu23pw9grweyl6cvdxzjrqq8yjycs3msz5,0,0.000000,936228396467300456,0.936228,936228396467300456,0.936228,0,4
,genesis1d6py6f4jl209c3lza4g6zqacg0emmzgxe92n6m,0,0.000000,899707619000000000,0.899708,899707619000000000,0.899708,0,1
,genesis1w7p0fqtmxa6r6uuwntuy90m5h4g0yq27nqe34a,0,0.000000,859694325955317302,0.859694,859694325955317302,0.859694,0,1
,genesis1yta84dql30lgxnqlkrvswc2j7264lww2rhmxpy,0,0.000000,795066236807944660,0.795066,795066236807944660,0.795066,0,1
,genesis12960s7qmmxcewmtyh5gf95dlg3yl7vh2u58ryp,0,0.000000,566228442414191206,0.566228,566228442414191206,0.566228,1,4
,genesis1rvy9x4eantgzjw6540ge4gfeus7yjx5w45a870,0,0.000000,499951999999999999,0.499952,499951999999999999,0.499952,0,1
,genesis16jexsf558vvdwwl2cfj0mzr4x63xjpacz2hr3t,0,0.000000,499850015168257454,0.499850,499850015168257454,0.499850,0,1
,genesis1k383ngxtzcvzsv3wamgn74w5c0p5jwxjy9e46q,0,0.000000,479952000099628310,0.479952,479952000099628310,0.479952,0,1
,genesis1nxk03qac5x9ka270snsrh6xwyl94ze5x8c8js9,0,0.000000,318071236628244147,0.318071,318071236628244147,0.318071,0,5
,genesis1m7347zj42fwsqvvdmpshwtdrcvl3xur4uayuqp,0,0.000000,165111561169261621,0.165112,165111561169261621,0.165112,0,1
,genesis1m6yshv4thcyewtv4wptgw7jgyup6yr6etctma5,0,0.000000,149940009028269494,0.149940,149940009028269494,0.149940,0,1
,genesis1gett53d9e38gj0t3cxq8ew3hkge7s6kp2nuzez,0,0.000000,100000000000000000,0.100000,100000000000000000,0.100000,0,1
,genesis1ul7n9apzs4hxn03gw2f8n28tt93j3s5muqmeqs,0,0.000000,100000000000000000,0.100000,100000000000000000,0.100000,0,1
,genesis1uxukrn7amaent2ayjtclcvs8nhkjcs59nvvrsh,0,0.000000,99990000046760279,0.099990,99990000046760279,0.099990,0,1
,genesis1jxy4tyx7j99jjaw203r8qxtgm73l9nkye0r5gf,0,0.000000,97960103399706723,0.097960,97960103399706723,0.097960,0,1
,genesis1982f5umpj48enr5rgf6tzc92u7m829eeedh7e5,0,0.000000,97660396110154647,0.097660,97660396110154647,0.097660,0,1
,genesis1p80y4t4ct57sv70kmdyxalmrkhp6ssdt5y9zww,0,0.000000,86636410690869953,0.086636,86636410690869953,0.086636,1,2
,genesis1nyc6eykp7xwuptuy9w09zvt3lrzynez6a87uur,0,0.000000,40095990019038100,0.040096,40095990019038100,0.040096,0,1
,genesis12hckdk0k5wvpucxa5q77vhn7hhtnsshz6r40vx,0,0.000000,38041145115787898,0.038041,38041145115787898,0.038041,0,1
,genesis12w4g3zp07pj6992fvztwvjlagexv2znt23a9yt,0,0.000000,26776423798267768,0.026776,26776423798267768,0.026776,0,4
,genesis1hks9cv4ddms48jx957xl5jxhhgjkjnl2ggp9vq,0,0.000000,22633369773112887,0.022633,22633369773112887,0.022633,0,1
,genesis1x8tcv75ut45zw9y2dcxrda6u4evmhtppdhsntc,0,0.000000,14674294081144005,0.014674,14674294081144005,0.014674,1,3
,genesis1lk2mfc2ngqzy4sky22v3kcz6dkf8zzkkh5tt4f,0,0.000000,10000000000000001,0.010000,10000000000000001,0.010000,0,1
,genesis1j38d8t2ls5r4kv2h424w3n0sumayr86tm5qxp8,0,0.000000,9998000100692175,0.009998,9998000100692175,0.009998,0,1
,genesis17d2fvkm27wyguegve0kq3xrm7detk5tqysd6xf,0,0.000000,9501061778007504,0.009501,9501061778007504,0.009501,0,1
,genesis1td8ff94w5shav28r2vmfhwjr5sf5ttv4dd9uzr,0,0.000000,7000301901107780,0.007000,7000301901107780,0.007000,0,1
,genesis13frjl9q5hmwx2nnxgrf4v5tapv8vy53xtchtp4,0,0.000000,4693137408148152,0.004693,4693137408148152,0.004693,1,2
,genesis17l3a50ydhjujq87a33x0rkytt8d6ne5kr5lsqp,0,0.000000,2080293503602941,0.002080,2080293503602941,0.002080,0,1
,genesis15lze4gd00ra7uhgdrjv32nql2yjw5jjn7rxa7w,0,0.000000,1252857630650520,0.001253,1252857630650520,0.001253,0,1
,genesis1fgg0q9s4e5lt6eryy7dp493u85yyvhyqztyr6u,0,0.000000,348082640429826,0.000348,348082640429826,0.000348,0,2
,genesis15wvzkrgkm2k9apxjzaq4nmv3cn8psfa8d9qlt0,0,0.000000,158622247615650,0.000159,158622247615650,0.000159,0,2
,genesis1x0xajkf05nfe3ystpt4yvsvyy7prxzpwnkmet3,0,0.000000,92619450973642,0.000093,92619450973642,0.000093,0,3
,genesis1r03hfm6jjv6zvwx9xkjxph73er5ckcmzz0n6du,0,0.000000,20100423594320,0.000020,20100423594320,0.000020,0,1
,genesis1c7tqfasq8smglwxzh8yaqs6zu43dh3vlmnljj5,0,0.000000,18611152964613,0.000019,18611152964613,0.000019,0,1
,genesis1qctsnew9jprsk2jdngu6ddemgd3h4f49x6jrnq,0,0.000000,99990000002,0.000000,99990000002,0.000000,2,3
,genesis1g88qs4rzcvn6hnw6u6tfy42d42z7j60vw6zggy,0,0.000000,98576060571,0.000000,98576060571,0.000000,0,2
,genesis12xqh54x0g58hskrktwwdaycylnglc2sr745lfs,0,0.000000,31137505625,0.000000,31137505625,0.000000,1,4
,genesis1rxg6dde5u5n4yvl5urr8tdlysf2f3r2haemx4f,0,0.000000,21607534379,0.000000,21607534379,0.000000,0,2
,genesis1s8vpmlpng9ft8d005gt9t08plnmvnp038at6e0,0,0.000000,17939813462,0.000000,17939813462,0.000000,0,1
,genesis16r6sll9hyk3jxsgxdg7sga3gmpm4fe0c629w37,0,0.000000,3969030211,0.000000,3969030211,0.000000,0,1
,genesis1knfdnjttp4uj6zmhuu286ujvc8uqrtjce36hs0,0,0.000000,2405306454,0.000000,2405306454,0.000000,0,1
,genesis1wjsduffyh43a87xlh22x3t9p85x2eqjq04dhc4,0,0.000000,145145,0.000000,145145,0.000000,0,1
,genesis1qxsjc902kmlul29zpq75s6urfsd506xg20duzx,0,0.000000,112514,0.000000,112514,0.000000,1,3
,genesis19x53pcdduljg9sfn8fzfalkt0g4l988q7jprxm,0,0.000000,98744,0.000000,98744,0.000000,2,14
,genesis1f2um9qzykw3qmhyvrz7t36fkj7g0gvql7ayfsf,0,0.000000,8999,0.000000,8999,0.000000,0,2
,genesis1wnlvwnumm7crl8eqk9pkztzjus0s74xr53hdxv,0,0.000000,477,0.000000,477,0.000000,1,3
,genesis1nd99gv737ee8gf5hhmu5pngudh0wdl4la3h9ks,0,0.000000,369,0.000000,369,0.000000,0,3
,genesis1s49d0qgengsj6xwaqvhnsfrep3czs5v30n9wj5,0,0.000000,246,0.000000,246,0.000000,0,1
,genesis1fj8d32l98legw3l23ag5gl6ulc64akfrum8hcu,0,0.000000,39,0.000000,39,0.000000,0,2
,genesis1ak4z9zdm4g438tffl8hzt4kkk9j0gxsmcy9g8q,0,0.000000,15,0.000000,15,0.000000,0,1
,genesis12e7x392uux4xx3suzf7xmhnzdmwalzumtvva3c,0,0.000000,8,0.000000,8,0.000000,0,1
,genesis1qtfd02nvmtsryz933np372n0v5x845akjagjee,0,0.000000,4,0.000000,4,0.000000,0,1
,genesis1fe4mvh5f7t0830fwcucuulj5w22vxtec2ajgvv,0,0.000000,3,0.000000,3,0.000000,0,1
,genesis1csf3up94qheqz88fvvlwjl7vc5sdymart3rfmu,0,0.000000,1,0.000000,1,0.000000,0,1
,genesis10dc7lataqm62tze9tm47f8sesrws709zllkq9s,0,0.000000,0,0.000000,0,0.000000,1,2
,genesis12cr3adshz43ygkuv26jxug8mlwrnu0zd3sxzrd,0,0.000000,0,0.000000,0,0.000000,0,1
,genesis12t3um6vptf3tskzhhlnx3zzvnweqn9txtvjkq3,0,0.000000,0,0.000000,0,0.000000,0,1
,genesis12t4mmp66df9spgz7eplxy8xqssjwx4axv6ef26,0,0.000000,0,0.000000,0,0.000000,1,1
,genesis12upz8dny2gn93qmjl5zyr9gqwqqlr6e6m7xxma,0,0.000000,0,0.000000,0,0.000000,1,2
,genesis136xluxzqh24mtx4g7qavzpdw8yzwdqtf8l5nqj,0,0.000000,0,0.000000,0,0.000000,1,1
,genesis137tkk4surqq7w33udw0fqf4fha5yns238cug2w,0,0.000000,0,0.000000,0,0.000000,0,1
,genesis137w8w3cszp6u2u8rfjk5a54ycq0fktpg5qxdj5,0,0.000000,0,0.000000,0,0.000000,1,3
,genesis13gjvhglmljamj6rvl5s6klt4e4dr0uksct3xdl,0,0.000000,0,0.000000,0,0.000000,0,1
,genesis13usnadvzl8utxn99hqwf5c4efpmm03h5flppr4,0,0.000000,0,0.000000,0,0.000000,0,1
,genesis13uup3md785lsd74aws4hx2et052mferw3paz0v,0,0.000000,0,0.000000,0,0.000000,2,5
,genesis13vhvn6pqg0m3zgswvyapaf55wuzdnj2n3msfk8,0,0.000000,0,0.000000,0,0.000000,1,1
,genesis148vmqxzgp4yc996pasredy3v9sw8sxzs9vn69a,0,0.000000,0,0.000000,0,0.000000,1,2
,genesis14a7ay4r87009lh4rs8ng5pts0qgy3m7nflwv5q,0,0.000000,0,0.000000,0,0.000000,0,2
,genesis157z90gd97m5cs2sky7ddenvuvnjr7xypxfy2y2,0,0.000000,0,0.000000,0,0.000000,1,1
,genesis15g59rhklnfjqgd34fqmhdgh9w787ntmf6wyvkx,0,0.000000,0,0.000000,0,0.000000,0,2
,genesis15tk5lzt82dgc637kw9hnnl4l6ynaknzhsx809d,0,0.000000,0,0.000000,0,0.000000,0,2
,genesis15vhalwk5m77uql6h664xckrzak5g6rkrwkgxdp,0,0.000000,0,0.000000,0,0.000000,1,2
,genesis15y7zxmgfe0us999xj8cpcxprq0wd0p9yf2gag6,0,0.000000,0,0.000000,0,0.000000,0,1
,genesis160gfcu9x287p3nyrkz88s0pq7vjf5klz9ap3ln,0,0.000000,0,0.000000,0,0.000000,0,1
,genesis16r8masj94zav9fhwg00z9vkx2rpvd9d49s2r9p,0,0.000000,0,0.000000,0,0.000000,1,2
,genesis16xj05l0xjdqr54xqjclxmcy8ctjpsrdd7h085e,0,0.000000,0,0.000000,0,0.000000,1,1
,genesis16zu0qrkcxeu85fljydssf5yamd39hzp6syhx2d,0,0.000000,0,0.000000,0,0.000000,0,1
,genesis174n8stp47kqyq4q0e0wnxr9enuru3m4qsx5y79,0,0.000000,0,0.000000,0,0.000000,1,4
,genesis176cp26ck3mrqnrdvkn6sm7arn3ahc8qe8f7z9p,0,0.000000,0,0.000000,0,0.000000,1,1
,genesis17aqvdxgtwcugryz3elh0duamh0hjyth8zuzurc,0,0.000000,0,0.000000,0,0.000000,1,1
,genesis17nun6cg7a5xtu9fz2p8scxr7u9jmrf5vjahgne,0,0.000000,0,0.000000,0,0.000000,1,4
,genesis1868rjzdgw7mfk33qddrmx59e3keu2eztmpu9cy,0,0.000000,0,0.000000,0,0.000000,1,1
,genesis18jswu6pql9r3rpvswkdpr6h7wevpm2spx5mc0n,0,0.000000,0,0.000000,0,0.000000,0,1
,genesis18lnewh6qt2q7gljxuh48hc9zfaxcgec7tygkmj,0,0.000000,0,0.000000,0,0.000000,2,2
,genesis18p3x6n6a5g8fv60tgpa8zgd9mjvwrcvfxd6dp2,0,0.000000,0,0.000000,0,0.000000,0,1
,genesis18qz8ecysetqqhyv4qs9tlw5ylpgnx9ymh3ewsv,0,0.000000,0,0.000000,0,0.000000,3,3
,genesis18r44epe6ju5pa5vd4rdf8yssqtrpjhzdgeadeq,0,0.000000,0,0.000000,0,0.000000,1,2
,genesis18tg85xnwmdfnmev254cv35scusfxspyu8ffjvm,0,0.000000,0,0.000000,0,0.000000,2,2
,genesis18y66m60xn0wsp57ykagt3psg5fqzhv8mgyj3z0,0,0.000000,0,0.000000,0,0.000000,0,1
,genesis19eu98asqetctjvgfhkp2faydsjekecxymd3xqg,0,0.000000,0,0.000000,0,0.000000,0,1
,genesis19gm4nf8xm396kfe7m6zfuylte279rg9nrw0dqg,0,0.000000,0,0.000000,0,0.000000,0,1
,genesis19jzcv8ak98a7u0wf7apgrfk9rggh3kx56xr882,0,0.000000,0,0.000000,0,0.000000,0,1
,genesis19l9wsymdh3mp7munzrlk8rs03ttnu2ua2qrsem,0,0.000000,0,0.000000,0,0.000000,1,2
,genesis19u9xyt8m56e2x6hlpm8r33dps6m2sn09tdy8tu,0,0.000000,0,0.000000,0,0.000000,1,1
,genesis19vqjj6a4wcsnd82v50y9payde726f5kel74a6j,0,0.000000,0,0.000000,0,0.000000,0,1
,genesis1a7lwu7g4csqam20993mq3t2q0974trurersv5r,0,0.000000,0,0.000000,0,0.000000,0,1
,genesis1agprce4jnftapsg2k4vkyqq3ez6dpjdl76cad2,0,0.000000,0,0.000000,0,0.000000,1,1
,genesis1aq4usrgpgre72zlfp4lzqjtqyrqhpmskhlrsll,0,0.000000,0,0.000000,0,0.000000,1,1
,genesis1ash73d7zecp8cax6rakufff0vp5ynag2yuw9s6,0,0.000000,0,0.000000,0,0.000000,1,1
,genesis1au342rrkx42rzz32k3tj23e9h76fxqfwcxdnwg,0,0.000000,0,0.000000,0,0.000000,1,2
,genesis1cffqlxsq87myua4mxunv47jz65ly8maklnh67h,0,0.000000,0,0.000000,0,0.000000,2,2
,genesis1cl8aha73dj69dq7dqhh7vyj8kmdhyr4y3jx6yh,0,0.000000,0,0.000000,0,0.000000,1,2
,genesis1d7qtzdlxtj06xymmcst256sfkrk6g9fe7vdrwf,0,0.000000,0,0.000000,0,0.000000,0,1
,genesis1da4lpc7dnpstuv99ke3f9ryl32gxcg8y8439gy,0,0.000000,0,0.000000,0,0.000000,1,1
,genesis1e60g9rekrcl9x4ghsz208m46zlfc9kl7r6npg2,0,0.000000,0,0.000000,0,0.000000,0,1
,genesis1ejnpzu8e667zm24merulfs0v2zegfjasxva33g,0,0.000000,0,0.000000,0,0.000000,0,1
,genesis1ens8hvwve26lesh3cp4ntapmefs4kk7gnzqf9l,0,0.000000,0,0.000000,0,0.000000,1,1
,genesis1eu5tpkwqedzzhlwx09qfull3yggc3j5660yrk9,0,0.000000,0,0.000000,0,0.000000,2,5
,genesis1eu6yf2wjl45qqk4qyj9u9eruy78dk7wg5ug2mk,0,0.000000,0,0.000000,0,0.000000,1,1
,genesis1ey43h3axumrkhctrjss6qfm7h9a7argplgmrdj,0,0.000000,0,0.000000,0,0.000000,1,1
,genesis1f3jz57wxl9g0lamdwup6886pl9nzyrsc6p3mhc,0,0.000000,0,0.000000,0,0.000000,1,1
,genesis1fplq8mpntxsslcdj6d0yw5wd4nk3h8cdyn3j0j,0,0.000000,0,0.000000,0,0.000000,0,1
,genesis1fyja53h45tls4yrf0mwka4wzgn46q5av96rqt5,0,0.000000,0,0.000000,0,0.000000,1,1
,genesis1g0ezv8rz38psvuguy2w5rgngpkk3cyxuhtzz6j,0,0.000000,0,0.000000,0,0.000000,1,2
,genesis1g2fw2rlthtplle950cmg5kk48aphlvfg5z7u44,0,0.000000,0,0.000000,0,0.000000,0,1
,genesis1gkats6cusuernkf34gkwudvsf2havv0drp22d0,0,0.000000,0,0.000000,0,0.000000,1,1
,genesis1h7zx0vgqahwd276qhjnznkh8zf4nfjl3dmyghh,0,0.000000,0,0.000000,0,0.000000,0,1
,genesis1hlk25xdu92u3e8nl0mg6txnzwwx2y30uzu69ww,0,0.000000,0,0.000000,0,0.000000,0,1
,genesis1huge5e59p7q6hrrm0svazamvp272q6xtrnnjev,0,0.000000,0,0.000000,0,0.000000,0,1
,genesis1hv4rlv94dwwsj3z7l6muye6ndmup0htag0j2rx,0,0.000000,0,0.000000,0,0.000000,0,1
,genesis1hyac588cjw2ccgvdlea25h2gzuf596fekd69l7,0,0.000000,0,0.000000,0,0.000000,0,2
,genesis1j8pf05c6vn4pa0xf755ug6p37yfc403xym8vcx,0,0.000000,0,0.000000,0,0.000000,1,1
,genesis1j9x0s4wemqkzxunj3vdk27z4qy9kfwl7wmyvez,0,0.000000,0,0.000000,0,0.000000,0,1
,genesis1jf7u589sr24ae47stkfl93t5xkjut3srzfcv3z,0,0.000000,0,0.000000,0,0.000000,1,1
,genesis1jgyp33kykapv24nv5a8r9v5tpqrrsy0nyyxaen,0,0.000000,0,0.000000,0,0.000000,1,1
,genesis1jv0nd5z9n8actdqlkczncu0efqshscs3p2aqjc,0,0.000000,0,0.000000,0,0.000000,0,1
,genesis1k0qvnqlugjf543vf6uf3cz98y4zwhwfw5hvdqx,0,0.000000,0,0.000000,0,0.000000,0,1
,genesis1k5ptav0pnunu4p6080ldm296vxxvglp34j7ty2,0,0.000000,0,0.000000,0,0.000000,1,2
,genesis1k6fg478rv5muppkeaj7fws3gmz2cqr76m0klse,0,0.000000,0,0.000000,0,0.000000,1,1
,genesis1k6vtz5salf7ed9r90vfcamtxpxt6zvw99cljju,0,0.000000,0,0.000000,0,0.000000,1,1
,genesis1kmnugkq0c0yqs0ycutpr8kpkrqj8tr9rr8asfx,0,0.000000,0,0.000000,0,0.000000,0,1
,genesis1krm86uqhvgrtpxhuatk64ckrn95aqf57llhvwr,0,0.000000,0,0.000000,0,0.000000,4,7
,genesis1krs9xakfe9fyrgpzn0vlu85n6z4vkvslvh7vmx,0,0.000000,0,0.000000,0,0.000000,0,1
,genesis1kx3ayfwgfessksvg56ehccnh8w7vzqzwr04z8j,0,0.000000,0,0.000000,0,0.000000,0,1
,genesis1kyly26j3kpac52d5chqar82c7m9eukfmjxefvl,0,0.000000,0,0.000000,0,0.000000,1,1
,genesis1l50xgw8fccuscvtnjmvyutxadryglfplvtw0lx,0,0.000000,0,0.000000,0,0.000000,0,1
,genesis1lcfgsnhlgxtq8dklaljz87d4yak666k5zs55ff,0,0.000000,0,0.000000,0,0.000000,1,1
,genesis1leg58myn2lx4mxfqtzv0yysd3mauy76z0w7a2k,0,0.000000,0,0.000000,0,0.000000,0,1
,genesis1llf63weea9zwqd0mnhrqn0nspr2tjvex8l8rdk,0,0.000000,0,0.000000,0,0.000000,1,1
,genesis1lsrucrcvj5jm86xcpzt7e9l60mvhqrks42r9h6,0,0.000000,0,0.000000,0,0.000000,1,4
,genesis1lt402x43cpmmseg9e2jaqrzfxlyhjhrqy345ha,0,0.000000,0,0.000000,0,0.000000,0,1
,genesis1lvzks4cryhyu8un02836qlzcae2s08jxx48jsy,0,0.000000,0,0.000000,0,0.000000,1,3
,genesis1m0nd29mt3msh7v5afutzy5jvxuawpcdh7umxpv,0,0.000000,0,0.000000,0,0.000000,0,1
,genesis1m7khcm73sn5k06r3gmqhd4a3tjya7cmug5lqaf,0,0.000000,0,0.000000,0,0.000000,0,2
,genesis1mcrnf2n2vmmut5j7upluehstxh4yenztf573nh,0,0.000000,0,0.000000,0,0.000000,0,1
,genesis1mgll8lfmpdyadctt2ga5vza0dtw3gtpyjjqtwh,0,0.000000,0,0.000000,0,0.000000,0,1
,genesis1mj7lkjsw65d6acaj739gpd0yp3x9htngz9w8gf,0,0.000000,0,0.000000,0,0.000000,1,1
,genesis1mytrxvvmmv9f9j7y7zx75u6t7axqxqry8u4g92,0,0.000000,0,0.000000,0,0.000000,0,1
,genesis1n8v2344t67y5npryavxlwtzjawc95zalml29pt,0,0.000000,0,0.000000,0,0.000000,1,1
,genesis1ns462vwvnv5sx32t5fsrpja9aftdypc7evsvuf,0,0.000000,0,0.000000,0,0.000000,0,1
,genesis1nvrz75nvlvv9redllux7dc9xeuvp6nhnchhud3,0,0.000000,0,0.000000,0,0.000000,1,3
,genesis1p5fft5dv2fmn2pljkzfg5c3lg9x3qxhx94c3z0,0,0.000000,0,0.000000,0,0.000000,1,1
,genesis1p74d87a9c0pmmd9hljunlwlxg4fdv04gmccunh,0,0.000000,0,0.000000,0,0.000000,0,1
,genesis1p7jpnpr9kr7zns0thax5akt4e2a5c8fc5uvgfl,0,0.000000,0,0.000000,0,0.000000,1,1
,genesis1pp3latgjznq3r8j8agmmyfsuf5h8krymswf6ln,0,0.000000,0,0.000000,0,0.000000,0,1
,genesis1px2q40q3twagt23d4jc7nwdu2kdw59dhwtgc42,0,0.000000,0,0.000000,0,0.000000,0,1
,genesis1q732vjzez0zk04wntf4cjr2wah2wucg2nftwua,0,0.000000,0,0.000000,0,0.000000,1,1
,genesis1q82vtum6cmft2jx5qundtmjrsq268w7hf2h26y,0,0.000000,0,0.000000,0,0.000000,1,1
,genesis1q8qpw9cww02urxmlkk2nqvmn83h9etgs0h65mz,0,0.000000,0,0.000000,0,0.000000,0,2
,genesis1q9u3nud7zyjtjgs36m8z8vd50wvs8pae4e6ady,0,0.000000,0,0.000000,0,0.000000,0,1
,genesis1qamfln8u5w8d3vlhp5t9mhmylfkgad4j2punm9,0,0.000000,0,0.000000,0,0.000000,1,3
,genesis1qyfled5ulf6wmu2u4smstn8rlzazanmqx6mjnx,0,0.000000,0,0.000000,0,0.000000,1,1
,genesis1rdcu08fnxnz74gadksvq7ajyqxratcqkchy828,0,0.000000,0,0.000000,0,0.000000,1,1
,genesis1rfpljk3k6n69alr8ksx5vdsfe7qm8d3l4v9e8l,0,0.000000,0,0.000000,0,0.000000,0,1
,genesis1rl03vh459c56v6rw72kfdac64desxnk77hd2fj,0,0.000000,0,0.000000,0,0.000000,1,1
,genesis1rtthrjf5aatwhlm57avpedesywk2svwny2d8g6,0,0.000000,0,0.000000,0,0.000000,0,1
,genesis1s67dxfqx2wnhjpd4w27dw9cn734fa4l0e7upps,0,0.000000,0,0.000000,0,0.000000,0,1
,genesis1shnh6jq6c9gt2uaynzee7eh47806lx9w4fgr3u,0,0.000000,0,0.000000,0,0.000000,1,1
,genesis1tmvhxvmcu3krv9rsegl9q8rfehu7reemnv2x0s,0,0.000000,0,0.000000,0,0.000000,0,1
,genesis1tnsd8354rp3flf5je9zva0s2xktrgwecwfvd2w,0,0.000000,0,0.000000,0,0.000000,1,2
,genesis1tr9m49d9gw25a3ytdye909n2l0h90tuy8v4x79,0,0.000000,0,0.000000,0,0.000000,0,1
,genesis1twfv52yxcyykx2lcvgl42svw46hsm5ddlmd3fq,0,0.000000,0,0.000000,0,0.000000,1,1
,genesis1twk9jyqruy0dxknuagdc3muzdk2u506jc7x9ca,0,0.000000,0,0.000000,0,0.000000,0,1
,genesis1u0mwg4z3etpa2aesleq8l5fp3cpacwqh77gw2w,0,0.000000,0,0.000000,0,0.000000,0,2
,genesis1u3gq6yx4yxhumlw09s9ffffanu849jlz3c5rg8,0,0.000000,0,0.000000,0,0.000000,2,2
,genesis1u66w5gwnwtf5pf726mjgq6aau6xuk8wles7zef,0,0.000000,0,0.000000,0,0.000000,0,1
,genesis1u7hgklj5vhfdrqjd0eewmh2dqwvkx72ljsqntr,0,0.000000,0,0.000000,0,0.000000,7,11
,genesis1vn3lhftx4ps4aq32jafz9mftalf6pf64x9cuw7,0,0.000000,0,0.000000,0,0.000000,1,2
,genesis1wqfvpdzudz3vqemyfwwnuhw6q6yjc62hg2ks0z,0,0.000000,0,0.000000,0,0.000000,0,1
,genesis1wylqq8gs9jm8gc644jgvdxyduxttgml3q9aduc,0,0.000000,0,0.000000,0,0.000000,1,1
,genesis1x3mhge24ms4svxyw8ja490t3x2gwkeahmpt36l,0,0.000000,0,0.000000,0,0.000000,0,1
,genesis1x8ae9wfgpf0hqc236h45u9dtx9vu2vrhc5fr4u,0,0.000000,0,0.000000,0,0.000000,2,3
,genesis1xc8nvj9wrkrvcye0kku48tv4tzl0nx4qtnh6uh,0,0.000000,0,0.000000,0,0.000000,1,2
,genesis1xc9cm2dkx4xmna0emqur0dprg3clgtypuhmhnw,0,0.000000,0,0.000000,0,0.000000,2,2
,genesis1xkz6wgg7tfhafc6ler46uuw8m3fv04ttlsys30,0,0.000000,0,0.000000,0,0.000000,1,2
,genesis1xp9vpjdzx08uh7llkl46upc3cefmn4kprmeq3n,0,0.000000,0,0.000000,0,0.000000,1,2
,genesis1xpyqxhyg742e4p9323676mqqzwe730e9qezsxd,0,0.000000,0,0.000000,0,0.000000,0,1
,genesis1xr70nnhr9w7yqhw7rtthzmmxqc2q7ecxjhfx8h,0,0.000000,0,0.000000,0,0.000000,6,27
,genesis1xzvt0t944uervef24y5x9tfy0kj2fe2m8rsx0s,0,0.000000,0,0.000000,0,0.000000,0,1
,genesis1y6xm4jdfu4mrn6449wxrtptt2w6yt5a4skune0,0,0.000000,0,0.000000,0,0.000000,0,1
,genesis1yht8762nseqwaklagtc372w4999puqwmn70mre,0,0.000000,0,0.000000,0,0.000000,0,1
,genesis1yqu4yyprdjkuhr3jaufz4xvj2pghkk4340kj40,0,0.000000,0,0.000000,0,0.000000,1,1
,genesis1ytl72gwdkc2h9rr70muv9gg8jjpt3qq7f9ytum,0,0.000000,0,0.000000,0,0.000000,0,1
,genesis1zluxy5mr94y9s837sq6t8ffqhnl2a4nhtpdh7y,0,0.000000,0,0.000000,0,0.000000,1,2
,genesis1zn0pvk8v0xwgljj4ejnl0zkdndr584ly934vaq,0,0.000000,0,0.000000,0,0.000000,0,1
,genesis1zp2hvmqrpp5s30xufuytvu40slcrylvzflxc6c,0,0.000000,0,0.000000,0,0.000000,1,1
,genesis1zpw2rcj292pfpqr2ezdqa3mur7jj2lwxqx4xq2,0,0.000000,0,0.000000,0,0.000000,1,1
